Mass->,Nd142Di,Nd143Di,Nd144Di,Nd146Di,Gd158Di,Dy164Di,Dy162Di,Dy163Di,Ho165Di,Er166Di,Er167Di,Er168Di,Er170Di,Tm169Di,Yb172Di,Yb173Di,Yb174Di,Yb176Di
1,0,0,0,0,1,0,1,1,1,0,1,1,0,1,0,1,0,0
2,0,0,0,0,1,0,1,1,1,0,0,1,0,1,0,1,0,1
3,0,0,0,0,1,0,1,1,1,0,0,1,0,1,1,1,0,0
4,0,0,0,0,1,0,1,1,1,1,0,1,0,1,0,1,0,0
5,0,0,0,0,1,0,1,1,1,0,0,1,1,1,0,1,0,0
6,0,0,0,0,1,0,1,1,1,0,0,1,0,1,0,1,1,0
7,0,0,0,0,1,0,1,1,1,0,1,1,0,0,0,1,0,1
8,0,0,0,0,1,0,1,1,1,0,1,1,0,0,1,1,0,0
9,0,0,0,0,1,0,1,1,1,1,1,1,0,0,0,1,0,0
10,0,0,0,0,1,0,1,1,1,0,1,1,1,0,0,1,0,0
11,0,0,0,0,1,0,1,1,1,0,1,1,0,0,0,1,1,0
12,0,0,0,0,1,0,1,1,1,0,0,1,0,0,1,1,0,1
13,0,0,0,0,1,0,1,1,1,1,0,1,0,0,0,1,0,1
14,0,0,0,0,1,0,1,1,1,0,0,1,1,0,0,1,0,1
15,0,0,0,0,1,0,1,1,1,0,0,1,0,0,0,1,1,1
16,0,0,0,0,1,0,1,1,1,1,0,1,0,0,1,1,0,0
17,0,0,0,0,1,0,1,1,1,0,0,1,1,0,1,1,0,0
18,0,0,0,0,1,0,1,1,1,0,0,1,0,0,1,1,1,0
19,0,0,0,0,1,0,1,1,1,1,0,1,1,0,0,1,0,0
20,0,0,0,0,1,0,1,1,1,1,0,1,0,0,0,1,1,0
21,0,0,0,0,1,0,1,1,1,0,0,1,1,0,0,1,1,0
22,0,0,0,0,1,0,1,1,1,0,1,0,0,1,0,1,0,1
23,0,0,0,0,1,0,1,1,1,0,1,0,0,1,1,1,0,0
24,0,0,0,0,1,0,1,1,1,1,1,0,0,1,0,1,0,0
25,0,0,0,0,1,0,1,1,1,0,1,0,1,1,0,1,0,0
26,0,0,0,0,1,0,1,1,1,0,1,0,0,1,0,1,1,0
27,0,0,0,0,1,0,1,1,1,0,0,0,0,1,1,1,0,1
28,0,0,0,0,1,0,1,1,1,1,0,0,0,1,0,1,0,1
29,0,0,0,0,1,0,1,1,1,0,0,0,1,1,0,1,0,1
30,0,0,0,0,1,0,1,1,1,0,0,0,0,1,0,1,1,1
31,0,0,0,0,1,0,1,1,1,1,0,0,0,1,1,1,0,0
32,0,0,0,0,1,0,1,1,1,0,0,0,1,1,1,1,0,0
33,0,0,0,0,1,0,1,1,1,0,0,0,0,1,1,1,1,0
34,0,0,0,0,1,0,1,1,1,1,0,0,1,1,0,1,0,0
35,0,0,0,0,1,0,1,1,1,1,0,0,0,1,0,1,1,0
36,0,0,0,0,1,0,1,1,1,0,0,0,1,1,0,1,1,0
37,0,0,0,0,1,0,1,1,1,0,1,0,0,0,1,1,0,1
38,0,0,0,0,1,0,1,1,1,1,1,0,0,0,0,1,0,1
39,0,0,0,0,1,0,1,1,1,0,1,0,1,0,0,1,0,1
40,0,0,0,0,1,0,1,1,1,0,1,0,0,0,0,1,1,1
41,0,0,0,0,1,0,1,1,1,1,1,0,0,0,1,1,0,0
42,0,0,0,0,1,0,1,1,1,0,1,0,1,0,1,1,0,0
43,0,0,0,0,1,0,1,1,1,0,1,0,0,0,1,1,1,0
44,0,0,0,0,1,0,1,1,1,1,1,0,1,0,0,1,0,0
45,0,0,0,0,1,0,1,1,1,1,1,0,0,0,0,1,1,0
46,0,0,0,0,1,0,1,1,1,0,1,0,1,0,0,1,1,0
47,0,0,0,0,1,0,1,1,1,1,0,0,0,0,1,1,0,1
48,0,0,0,0,1,0,1,1,1,0,0,0,1,0,1,1,0,1
49,0,0,0,0,1,0,1,1,1,0,0,0,0,0,1,1,1,1
50,0,0,0,0,1,0,1,1,1,1,0,0,1,0,0,1,0,1
51,0,0,0,0,1,0,1,1,1,1,0,0,0,0,0,1,1,1
52,0,0,0,0,1,0,1,1,1,0,0,0,1,0,0,1,1,1
53,0,0,0,0,1,0,1,1,1,1,0,0,1,0,1,1,0,0
54,0,0,0,0,1,0,1,1,1,1,0,0,0,0,1,1,1,0
55,0,0,0,0,1,0,1,1,1,0,0,0,1,0,1,1,1,0
56,0,0,0,0,1,0,1,1,1,1,0,0,1,0,0,1,1,0
57,0,0,0,0,1,0,0,1,1,0,1,1,0,1,0,1,0,1
58,0,0,0,0,1,0,0,1,1,0,1,1,0,1,1,1,0,0
59,0,0,0,0,1,0,0,1,1,1,1,1,0,1,0,1,0,0
60,0,0,0,0,1,0,0,1,1,0,1,1,1,1,0,1,0,0
61,0,0,0,0,1,0,0,1,1,0,1,1,0,1,0,1,1,0
62,0,0,0,0,1,0,0,1,1,0,0,1,0,1,1,1,0,1
63,0,0,0,0,1,0,0,1,1,1,0,1,0,1,0,1,0,1
64,0,0,0,0,1,0,0,1,1,0,0,1,1,1,0,1,0,1
65,0,0,0,0,1,0,0,1,1,0,0,1,0,1,0,1,1,1
66,0,0,0,0,1,0,0,1,1,1,0,1,0,1,1,1,0,0
67,0,0,0,0,1,0,0,1,1,0,0,1,1,1,1,1,0,0
68,0,0,0,0,1,0,0,1,1,0,0,1,0,1,1,1,1,0
69,0,0,0,0,1,0,0,1,1,1,0,1,1,1,0,1,0,0
70,0,0,0,0,1,0,0,1,1,1,0,1,0,1,0,1,1,0
71,0,0,0,0,1,0,0,1,1,0,0,1,1,1,0,1,1,0
72,0,0,0,0,1,0,0,1,1,0,1,1,0,0,1,1,0,1
73,0,0,0,0,1,0,0,1,1,1,1,1,0,0,0,1,0,1
74,0,0,0,0,1,0,0,1,1,0,1,1,1,0,0,1,0,1
75,0,0,0,0,1,0,0,1,1,0,1,1,0,0,0,1,1,1
76,0,0,0,0,1,0,0,1,1,1,1,1,0,0,1,1,0,0
77,0,0,0,0,1,0,0,1,1,0,1,1,1,0,1,1,0,0
78,0,0,0,0,1,0,0,1,1,0,1,1,0,0,1,1,1,0
79,0,0,0,0,1,0,0,1,1,1,1,1,1,0,0,1,0,0
80,0,0,0,0,1,0,0,1,1,1,1,1,0,0,0,1,1,0
81,0,0,0,0,1,0,0,1,1,0,1,1,1,0,0,1,1,0
82,0,0,0,0,1,0,0,1,1,1,0,1,0,0,1,1,0,1
83,0,0,0,0,1,0,0,1,1,0,0,1,1,0,1,1,0,1
84,0,0,0,0,1,0,0,1,1,0,0,1,0,0,1,1,1,1
85,0,0,0,0,1,0,0,1,1,1,0,1,1,0,0,1,0,1
86,0,0,0,0,1,0,0,1,1,1,0,1,0,0,0,1,1,1
87,0,0,0,0,1,0,0,1,1,0,0,1,1,0,0,1,1,1
88,0,0,0,0,1,0,0,1,1,1,0,1,1,0,1,1,0,0
89,0,0,0,0,1,0,0,1,1,1,0,1,0,0,1,1,1,0
90,0,0,0,0,1,0,0,1,1,0,0,1,1,0,1,1,1,0
91,0,0,0,0,1,0,0,1,1,1,0,1,1,0,0,1,1,0
92,0,0,0,0,1,0,0,1,1,0,1,0,0,1,1,1,0,1
93,0,0,0,0,1,0,0,1,1,1,1,0,0,1,0,1,0,1
94,0,0,0,0,1,0,0,1,1,0,1,0,1,1,0,1,0,1
95,0,0,0,0,1,0,0,1,1,0,1,0,0,1,0,1,1,1
96,0,0,0,0,1,0,0,1,1,1,1,0,0,1,1,1,0,0
97,0,0,0,0,1,0,0,1,1,0,1,0,1,1,1,1,0,0
98,0,0,0,0,1,0,0,1,1,0,1,0,0,1,1,1,1,0
99,0,0,0,0,1,0,0,1,1,1,1,0,1,1,0,1,0,0
100,0,0,0,0,1,0,0,1,1,1,1,0,0,1,0,1,1,0
101,0,0,0,0,1,0,0,1,1,0,1,0,1,1,0,1,1,0
102,0,0,0,0,1,0,0,1,1,1,0,0,0,1,1,1,0,1
103,0,0,0,0,1,0,0,1,1,0,0,0,1,1,1,1,0,1
104,0,0,0,0,1,0,0,1,1,0,0,0,0,1,1,1,1,1
105,0,0,0,0,1,0,0,1,1,1,0,0,1,1,0,1,0,1
106,0,0,0,0,1,0,0,1,1,1,0,0,0,1,0,1,1,1
107,0,0,0,0,1,0,0,1,1,0,0,0,1,1,0,1,1,1
108,0,0,0,0,1,0,0,1,1,1,0,0,1,1,1,1,0,0
109,0,0,0,0,1,0,0,1,1,1,0,0,0,1,1,1,1,0
110,0,0,0,0,1,0,0,1,1,0,0,0,1,1,1,1,1,0
111,0,0,0,0,1,0,0,1,1,1,0,0,1,1,0,1,1,0
112,0,0,0,0,1,0,0,1,1,1,1,0,0,0,1,1,0,1
113,0,0,0,0,1,0,0,1,1,0,1,0,1,0,1,1,0,1
114,0,0,0,0,1,0,0,1,1,0,1,0,0,0,1,1,1,1
115,0,0,0,0,1,0,0,1,1,1,1,0,1,0,0,1,0,1
116,0,0,0,0,1,0,0,1,1,1,1,0,0,0,0,1,1,1
117,0,0,0,0,1,0,0,1,1,0,1,0,1,0,0,1,1,1
118,0,0,0,0,1,0,0,1,1,1,1,0,1,0,1,1,0,0
119,0,0,0,0,1,0,0,1,1,1,1,0,0,0,1,1,1,0
120,0,0,0,0,1,0,0,1,1,0,1,0,1,0,1,1,1,0
121,0,0,0,0,1,0,0,1,1,1,1,0,1,0,0,1,1,0
122,0,0,0,0,1,0,0,1,1,1,0,0,1,0,1,1,0,1
123,0,0,0,0,1,0,0,1,1,1,0,0,0,0,1,1,1,1
124,0,0,0,0,1,0,0,1,1,0,0,0,1,0,1,1,1,1
125,0,0,0,0,1,0,0,1,1,1,0,0,1,0,0,1,1,1
126,0,0,0,0,1,0,0,1,1,1,0,0,1,0,1,1,1,0
127,0,1,0,0,1,0,1,1,1,0,1,1,0,1,0,0,0,0
128,0,1,0,0,1,0,1,1,1,0,0,1,0,1,0,0,0,1
129,0,1,0,0,1,0,1,1,1,0,0,1,0,1,1,0,0,0
130,0,1,0,0,1,0,1,1,1,1,0,1,0,1,0,0,0,0
131,0,1,0,0,1,0,1,1,1,0,0,1,1,1,0,0,0,0
132,0,1,0,0,1,0,1,1,1,0,0,1,0,1,0,0,1,0
133,0,1,0,0,1,0,1,1,1,0,1,1,0,0,0,0,0,1
134,0,1,0,0,1,0,1,1,1,0,1,1,0,0,1,0,0,0
135,0,1,0,0,1,0,1,1,1,1,1,1,0,0,0,0,0,0
136,0,1,0,0,1,0,1,1,1,0,1,1,1,0,0,0,0,0
137,0,1,0,0,1,0,1,1,1,0,1,1,0,0,0,0,1,0
138,0,1,0,0,1,0,1,1,1,0,0,1,0,0,1,0,0,1
139,0,1,0,0,1,0,1,1,1,1,0,1,0,0,0,0,0,1
140,0,1,0,0,1,0,1,1,1,0,0,1,1,0,0,0,0,1
141,0,1,0,0,1,0,1,1,1,0,0,1,0,0,0,0,1,1
142,0,1,0,0,1,0,1,1,1,1,0,1,0,0,1,0,0,0
143,0,1,0,0,1,0,1,1,1,0,0,1,1,0,1,0,0,0
144,0,1,0,0,1,0,1,1,1,0,0,1,0,0,1,0,1,0
145,0,1,0,0,1,0,1,1,1,1,0,1,1,0,0,0,0,0
146,0,1,0,0,1,0,1,1,1,1,0,1,0,0,0,0,1,0
147,0,1,0,0,1,0,1,1,1,0,0,1,1,0,0,0,1,0
148,0,1,0,0,1,0,1,1,1,0,1,0,0,1,0,0,0,1
149,0,1,0,0,1,0,1,1,1,0,1,0,0,1,1,0,0,0
150,0,1,0,0,1,0,1,1,1,1,1,0,0,1,0,0,0,0
151,0,1,0,0,1,0,1,1,1,0,1,0,1,1,0,0,0,0
152,0,1,0,0,1,0,1,1,1,0,1,0,0,1,0,0,1,0
153,0,1,0,0,1,0,1,1,1,0,0,0,0,1,1,0,0,1
154,0,1,0,0,1,0,1,1,1,1,0,0,0,1,0,0,0,1
155,0,1,0,0,1,0,1,1,1,0,0,0,1,1,0,0,0,1
156,0,1,0,0,1,0,1,1,1,0,0,0,0,1,0,0,1,1
157,0,1,0,0,1,0,1,1,1,1,0,0,0,1,1,0,0,0
158,0,1,0,0,1,0,1,1,1,0,0,0,1,1,1,0,0,0
159,0,1,0,0,1,0,1,1,1,0,0,0,0,1,1,0,1,0
160,0,1,0,0,1,0,1,1,1,1,0,0,1,1,0,0,0,0
161,0,1,0,0,1,0,1,1,1,1,0,0,0,1,0,0,1,0
162,0,1,0,0,1,0,1,1,1,0,0,0,1,1,0,0,1,0
163,0,1,0,0,1,0,1,1,1,0,1,0,0,0,1,0,0,1
164,0,1,0,0,1,0,1,1,1,1,1,0,0,0,0,0,0,1
165,0,1,0,0,1,0,1,1,1,0,1,0,1,0,0,0,0,1
166,0,1,0,0,1,0,1,1,1,0,1,0,0,0,0,0,1,1
167,0,1,0,0,1,0,1,1,1,1,1,0,0,0,1,0,0,0
168,0,1,0,0,1,0,1,1,1,0,1,0,1,0,1,0,0,0
169,0,1,0,0,1,0,1,1,1,0,1,0,0,0,1,0,1,0
170,0,1,0,0,1,0,1,1,1,1,1,0,1,0,0,0,0,0
171,0,1,0,0,1,0,1,1,1,1,1,0,0,0,0,0,1,0
172,0,1,0,0,1,0,1,1,1,0,1,0,1,0,0,0,1,0
173,0,1,0,0,1,0,1,1,1,1,0,0,0,0,1,0,0,1
174,0,1,0,0,1,0,1,1,1,0,0,0,1,0,1,0,0,1
175,0,1,0,0,1,0,1,1,1,0,0,0,0,0,1,0,1,1
176,0,1,0,0,1,0,1,1,1,1,0,0,1,0,0,0,0,1
177,0,1,0,0,1,0,1,1,1,1,0,0,0,0,0,0,1,1
178,0,1,0,0,1,0,1,1,1,0,0,0,1,0,0,0,1,1
179,0,1,0,0,1,0,1,1,1,1,0,0,1,0,1,0,0,0
180,0,1,0,0,1,0,1,1,1,1,0,0,0,0,1,0,1,0
181,0,1,0,0,1,0,1,1,1,0,0,0,1,0,1,0,1,0
182,0,1,0,0,1,0,1,1,1,1,0,0,1,0,0,0,1,0
183,0,1,0,0,1,0,0,1,1,0,1,1,0,1,0,0,0,1
184,0,1,0,0,1,0,0,1,1,0,1,1,0,1,1,0,0,0
185,0,1,0,0,1,0,0,1,1,1,1,1,0,1,0,0,0,0
186,0,1,0,0,1,0,0,1,1,0,1,1,1,1,0,0,0,0
187,0,1,0,0,1,0,0,1,1,0,1,1,0,1,0,0,1,0
188,0,1,0,0,1,0,0,1,1,0,0,1,0,1,1,0,0,1
189,0,1,0,0,1,0,0,1,1,1,0,1,0,1,0,0,0,1
190,0,1,0,0,1,0,0,1,1,0,0,1,1,1,0,0,0,1
191,0,1,0,0,1,0,0,1,1,0,0,1,0,1,0,0,1,1
192,0,1,0,0,1,0,0,1,1,1,0,1,0,1,1,0,0,0
193,0,1,0,0,1,0,0,1,1,0,0,1,1,1,1,0,0,0
194,0,1,0,0,1,0,0,1,1,0,0,1,0,1,1,0,1,0
195,0,1,0,0,1,0,0,1,1,1,0,1,1,1,0,0,0,0
196,0,1,0,0,1,0,0,1,1,1,0,1,0,1,0,0,1,0
197,0,1,0,0,1,0,0,1,1,0,0,1,1,1,0,0,1,0
198,0,1,0,0,1,0,0,1,1,0,1,1,0,0,1,0,0,1
199,0,1,0,0,1,0,0,1,1,1,1,1,0,0,0,0,0,1
200,0,1,0,0,1,0,0,1,1,0,1,1,1,0,0,0,0,1
201,0,1,0,0,1,0,0,1,1,0,1,1,0,0,0,0,1,1
202,0,1,0,0,1,0,0,1,1,1,1,1,0,0,1,0,0,0
203,0,1,0,0,1,0,0,1,1,0,1,1,1,0,1,0,0,0
204,0,1,0,0,1,0,0,1,1,0,1,1,0,0,1,0,1,0
205,0,1,0,0,1,0,0,1,1,1,1,1,1,0,0,0,0,0
206,0,1,0,0,1,0,0,1,1,1,1,1,0,0,0,0,1,0
207,0,1,0,0,1,0,0,1,1,0,1,1,1,0,0,0,1,0
208,0,1,0,0,1,0,0,1,1,1,0,1,0,0,1,0,0,1
209,0,1,0,0,1,0,0,1,1,0,0,1,1,0,1,0,0,1
210,0,1,0,0,1,0,0,1,1,0,0,1,0,0,1,0,1,1
211,0,1,0,0,1,0,0,1,1,1,0,1,1,0,0,0,0,1
212,0,1,0,0,1,0,0,1,1,1,0,1,0,0,0,0,1,1
213,0,1,0,0,1,0,0,1,1,0,0,1,1,0,0,0,1,1
214,0,1,0,0,1,0,0,1,1,1,0,1,1,0,1,0,0,0
215,0,1,0,0,1,0,0,1,1,1,0,1,0,0,1,0,1,0
216,0,1,0,0,1,0,0,1,1,0,0,1,1,0,1,0,1,0
217,0,1,0,0,1,0,0,1,1,1,0,1,1,0,0,0,1,0
218,0,1,0,0,1,0,0,1,1,0,1,0,0,1,1,0,0,1
219,0,1,0,0,1,0,0,1,1,1,1,0,0,1,0,0,0,1
220,0,1,0,0,1,0,0,1,1,0,1,0,1,1,0,0,0,1
221,0,1,0,0,1,0,0,1,1,0,1,0,0,1,0,0,1,1
222,0,1,0,0,1,0,0,1,1,1,1,0,0,1,1,0,0,0
223,0,1,0,0,1,0,0,1,1,0,1,0,1,1,1,0,0,0
224,0,1,0,0,1,0,0,1,1,0,1,0,0,1,1,0,1,0
225,0,1,0,0,1,0,0,1,1,1,1,0,1,1,0,0,0,0
226,0,1,0,0,1,0,0,1,1,1,1,0,0,1,0,0,1,0
227,0,1,0,0,1,0,0,1,1,0,1,0,1,1,0,0,1,0
228,0,1,0,0,1,0,0,1,1,1,0,0,0,1,1,0,0,1
229,0,1,0,0,1,0,0,1,1,0,0,0,1,1,1,0,0,1
230,0,1,0,0,1,0,0,1,1,0,0,0,0,1,1,0,1,1
231,0,1,0,0,1,0,0,1,1,1,0,0,1,1,0,0,0,1
232,0,1,0,0,1,0,0,1,1,1,0,0,0,1,0,0,1,1
233,0,1,0,0,1,0,0,1,1,0,0,0,1,1,0,0,1,1
234,0,1,0,0,1,0,0,1,1,1,0,0,1,1,1,0,0,0
235,0,1,0,0,1,0,0,1,1,1,0,0,0,1,1,0,1,0
236,0,1,0,0,1,0,0,1,1,0,0,0,1,1,1,0,1,0
237,0,1,0,0,1,0,0,1,1,1,0,0,1,1,0,0,1,0
238,0,1,0,0,1,0,0,1,1,1,1,0,0,0,1,0,0,1
239,0,1,0,0,1,0,0,1,1,0,1,0,1,0,1,0,0,1
240,0,1,0,0,1,0,0,1,1,0,1,0,0,0,1,0,1,1
241,0,1,0,0,1,0,0,1,1,1,1,0,1,0,0,0,0,1
242,0,1,0,0,1,0,0,1,1,1,1,0,0,0,0,0,1,1
243,0,1,0,0,1,0,0,1,1,0,1,0,1,0,0,0,1,1
244,0,1,0,0,1,0,0,1,1,1,1,0,1,0,1,0,0,0
245,0,1,0,0,1,0,0,1,1,1,1,0,0,0,1,0,1,0
246,0,1,0,0,1,0,0,1,1,0,1,0,1,0,1,0,1,0
247,0,1,0,0,1,0,0,1,1,1,1,0,1,0,0,0,1,0
248,0,1,0,0,1,0,0,1,1,1,0,0,1,0,1,0,0,1
249,0,1,0,0,1,0,0,1,1,1,0,0,0,0,1,0,1,1
250,0,1,0,0,1,0,0,1,1,0,0,0,1,0,1,0,1,1
251,0,1,0,0,1,0,0,1,1,1,0,0,1,0,0,0,1,1
252,0,1,0,0,1,0,0,1,1,1,0,0,1,0,1,0,1,0
253,0,0,0,0,1,1,1,1,1,0,1,1,0,1,0,0,0,0
254,0,0,0,0,1,1,1,1,1,0,0,1,0,1,0,0,0,1
255,0,0,0,0,1,1,1,1,1,0,0,1,0,1,1,0,0,0
256,0,0,0,0,1,1,1,1,1,1,0,1,0,1,0,0,0,0
257,0,0,0,0,1,1,1,1,1,0,0,1,1,1,0,0,0,0
258,0,0,0,0,1,1,1,1,1,0,0,1,0,1,0,0,1,0
259,0,0,0,0,1,1,1,1,1,0,1,1,0,0,0,0,0,1
260,0,0,0,0,1,1,1,1,1,0,1,1,0,0,1,0,0,0
261,0,0,0,0,1,1,1,1,1,1,1,1,0,0,0,0,0,0
262,0,0,0,0,1,1,1,1,1,0,1,1,1,0,0,0,0,0
263,0,0,0,0,1,1,1,1,1,0,1,1,0,0,0,0,1,0
264,0,0,0,0,1,1,1,1,1,0,0,1,0,0,1,0,0,1
265,0,0,0,0,1,1,1,1,1,1,0,1,0,0,0,0,0,1
266,0,0,0,0,1,1,1,1,1,0,0,1,1,0,0,0,0,1
267,0,0,0,0,1,1,1,1,1,0,0,1,0,0,0,0,1,1
268,0,0,0,0,1,1,1,1,1,1,0,1,0,0,1,0,0,0
269,0,0,0,0,1,1,1,1,1,0,0,1,1,0,1,0,0,0
270,0,0,0,0,1,1,1,1,1,0,0,1,0,0,1,0,1,0
271,0,0,0,0,1,1,1,1,1,1,0,1,1,0,0,0,0,0
272,0,0,0,0,1,1,1,1,1,1,0,1,0,0,0,0,1,0
273,0,0,0,0,1,1,1,1,1,0,0,1,1,0,0,0,1,0
274,0,0,0,0,1,1,1,1,1,0,1,0,0,1,0,0,0,1
275,0,0,0,0,1,1,1,1,1,0,1,0,0,1,1,0,0,0
276,0,0,0,0,1,1,1,1,1,1,1,0,0,1,0,0,0,0
277,0,0,0,0,1,1,1,1,1,0,1,0,1,1,0,0,0,0
278,0,0,0,0,1,1,1,1,1,0,1,0,0,1,0,0,1,0
279,0,0,0,0,1,1,1,1,1,0,0,0,0,1,1,0,0,1
280,0,0,0,0,1,1,1,1,1,1,0,0,0,1,0,0,0,1
281,0,0,0,0,1,1,1,1,1,0,0,0,1,1,0,0,0,1
282,0,0,0,0,1,1,1,1,1,0,0,0,0,1,0,0,1,1
283,0,0,0,0,1,1,1,1,1,1,0,0,0,1,1,0,0,0
284,0,0,0,0,1,1,1,1,1,0,0,0,1,1,1,0,0,0
285,0,0,0,0,1,1,1,1,1,0,0,0,0,1,1,0,1,0
286,0,0,0,0,1,1,1,1,1,1,0,0,1,1,0,0,0,0
287,0,0,0,0,1,1,1,1,1,1,0,0,0,1,0,0,1,0
288,0,0,0,0,1,1,1,1,1,0,0,0,1,1,0,0,1,0
289,0,0,0,0,1,1,1,1,1,0,1,0,0,0,1,0,0,1
290,0,0,0,0,1,1,1,1,1,1,1,0,0,0,0,0,0,1
291,0,0,0,0,1,1,1,1,1,0,1,0,1,0,0,0,0,1
292,0,0,0,0,1,1,1,1,1,0,1,0,0,0,0,0,1,1
293,0,0,0,0,1,1,1,1,1,1,1,0,0,0,1,0,0,0
294,0,0,0,0,1,1,1,1,1,0,1,0,1,0,1,0,0,0
295,0,0,0,0,1,1,1,1,1,0,1,0,0,0,1,0,1,0
296,0,0,0,0,1,1,1,1,1,1,1,0,1,0,0,0,0,0
297,0,0,0,0,1,1,1,1,1,1,1,0,0,0,0,0,1,0
298,0,0,0,0,1,1,1,1,1,0,1,0,1,0,0,0,1,0
299,0,0,0,0,1,1,1,1,1,1,0,0,0,0,1,0,0,1
300,0,0,0,0,1,1,1,1,1,0,0,0,1,0,1,0,0,1
301,0,0,0,0,1,1,1,1,1,0,0,0,0,0,1,0,1,1
302,0,0,0,0,1,1,1,1,1,1,0,0,1,0,0,0,0,1
303,0,0,0,0,1,1,1,1,1,1,0,0,0,0,0,0,1,1
304,0,0,0,0,1,1,1,1,1,0,0,0,1,0,0,0,1,1
305,0,0,0,0,1,1,1,1,1,1,0,0,1,0,1,0,0,0
306,0,0,0,0,1,1,1,1,1,1,0,0,0,0,1,0,1,0
307,0,0,0,0,1,1,1,1,1,0,0,0,1,0,1,0,1,0
308,0,0,0,0,1,1,1,1,1,1,0,0,1,0,0,0,1,0
309,0,0,0,0,1,1,0,1,1,0,1,1,0,1,0,0,0,1
310,0,0,0,0,1,1,0,1,1,0,1,1,0,1,1,0,0,0
311,0,0,0,0,1,1,0,1,1,1,1,1,0,1,0,0,0,0
312,0,0,0,0,1,1,0,1,1,0,1,1,1,1,0,0,0,0
313,0,0,0,0,1,1,0,1,1,0,1,1,0,1,0,0,1,0
314,0,0,0,0,1,1,0,1,1,0,0,1,0,1,1,0,0,1
315,0,0,0,0,1,1,0,1,1,1,0,1,0,1,0,0,0,1
316,0,0,0,0,1,1,0,1,1,0,0,1,1,1,0,0,0,1
317,0,0,0,0,1,1,0,1,1,0,0,1,0,1,0,0,1,1
318,0,0,0,0,1,1,0,1,1,1,0,1,0,1,1,0,0,0
319,0,0,0,0,1,1,0,1,1,0,0,1,1,1,1,0,0,0
320,0,0,0,0,1,1,0,1,1,0,0,1,0,1,1,0,1,0
321,0,0,0,0,1,1,0,1,1,1,0,1,1,1,0,0,0,0
322,0,0,0,0,1,1,0,1,1,1,0,1,0,1,0,0,1,0
323,0,0,0,0,1,1,0,1,1,0,0,1,1,1,0,0,1,0
324,0,0,0,0,1,1,0,1,1,0,1,1,0,0,1,0,0,1
325,0,0,0,0,1,1,0,1,1,1,1,1,0,0,0,0,0,1
326,0,0,0,0,1,1,0,1,1,0,1,1,1,0,0,0,0,1
327,0,0,0,0,1,1,0,1,1,0,1,1,0,0,0,0,1,1
328,0,0,0,0,1,1,0,1,1,1,1,1,0,0,1,0,0,0
329,0,0,0,0,1,1,0,1,1,0,1,1,1,0,1,0,0,0
330,0,0,0,0,1,1,0,1,1,0,1,1,0,0,1,0,1,0
331,0,0,0,0,1,1,0,1,1,1,1,1,1,0,0,0,0,0
332,0,0,0,0,1,1,0,1,1,1,1,1,0,0,0,0,1,0
333,0,0,0,0,1,1,0,1,1,0,1,1,1,0,0,0,1,0
334,0,0,0,0,1,1,0,1,1,1,0,1,0,0,1,0,0,1
335,0,0,0,0,1,1,0,1,1,0,0,1,1,0,1,0,0,1
336,0,0,0,0,1,1,0,1,1,0,0,1,0,0,1,0,1,1
337,0,0,0,0,1,1,0,1,1,1,0,1,1,0,0,0,0,1
338,0,0,0,0,1,1,0,1,1,1,0,1,0,0,0,0,1,1
339,0,0,0,0,1,1,0,1,1,0,0,1,1,0,0,0,1,1
340,0,0,0,0,1,1,0,1,1,1,0,1,1,0,1,0,0,0
341,0,0,0,0,1,1,0,1,1,1,0,1,0,0,1,0,1,0
342,0,0,0,0,1,1,0,1,1,0,0,1,1,0,1,0,1,0
343,0,0,0,0,1,1,0,1,1,1,0,1,1,0,0,0,1,0
344,0,0,0,0,1,1,0,1,1,0,1,0,0,1,1,0,0,1
345,0,0,0,0,1,1,0,1,1,1,1,0,0,1,0,0,0,1
346,0,0,0,0,1,1,0,1,1,0,1,0,1,1,0,0,0,1
347,0,0,0,0,1,1,0,1,1,0,1,0,0,1,0,0,1,1
348,0,0,0,0,1,1,0,1,1,1,1,0,0,1,1,0,0,0
349,0,0,0,0,1,1,0,1,1,0,1,0,1,1,1,0,0,0
350,0,0,0,0,1,1,0,1,1,0,1,0,0,1,1,0,1,0
351,0,0,0,0,1,1,0,1,1,1,1,0,1,1,0,0,0,0
352,0,0,0,0,1,1,0,1,1,1,1,0,0,1,0,0,1,0
353,0,0,0,0,1,1,0,1,1,0,1,0,1,1,0,0,1,0
354,0,0,0,0,1,1,0,1,1,1,0,0,0,1,1,0,0,1
355,0,0,0,0,1,1,0,1,1,0,0,0,1,1,1,0,0,1
356,0,0,0,0,1,1,0,1,1,0,0,0,0,1,1,0,1,1
357,0,0,0,0,1,1,0,1,1,1,0,0,1,1,0,0,0,1
358,0,0,0,0,1,1,0,1,1,1,0,0,0,1,0,0,1,1
359,0,0,0,0,1,1,0,1,1,0,0,0,1,1,0,0,1,1
360,0,0,0,0,1,1,0,1,1,1,0,0,1,1,1,0,0,0
361,0,0,0,0,1,1,0,1,1,1,0,0,0,1,1,0,1,0
362,0,0,0,0,1,1,0,1,1,0,0,0,1,1,1,0,1,0
363,0,0,0,0,1,1,0,1,1,1,0,0,1,1,0,0,1,0
364,0,0,0,0,1,1,0,1,1,1,1,0,0,0,1,0,0,1
365,0,0,0,0,1,1,0,1,1,0,1,0,1,0,1,0,0,1
366,0,0,0,0,1,1,0,1,1,0,1,0,0,0,1,0,1,1
367,0,0,0,0,1,1,0,1,1,1,1,0,1,0,0,0,0,1
368,0,0,0,0,1,1,0,1,1,1,1,0,0,0,0,0,1,1
369,0,0,0,0,1,1,0,1,1,0,1,0,1,0,0,0,1,1
370,0,0,0,0,1,1,0,1,1,1,1,0,1,0,1,0,0,0
371,0,0,0,0,1,1,0,1,1,1,1,0,0,0,1,0,1,0
372,0,0,0,0,1,1,0,1,1,0,1,0,1,0,1,0,1,0
373,0,0,0,0,1,1,0,1,1,1,1,0,1,0,0,0,1,0
374,0,0,0,0,1,1,0,1,1,1,0,0,1,0,1,0,0,1
375,0,0,0,0,1,1,0,1,1,1,0,0,0,0,1,0,1,1
376,0,0,0,0,1,1,0,1,1,0,0,0,1,0,1,0,1,1
377,0,0,0,0,1,1,0,1,1,1,0,0,1,0,0,0,1,1
378,0,0,0,0,1,1,0,1,1,1,0,0,1,0,1,0,1,0
379,1,0,0,0,1,0,1,1,1,0,1,1,0,1,0,0,0,0
380,1,0,0,0,1,0,1,1,1,0,0,1,0,1,0,0,0,1
381,1,0,0,0,1,0,1,1,1,0,0,1,0,1,1,0,0,0
382,1,0,0,0,1,0,1,1,1,1,0,1,0,1,0,0,0,0
383,1,0,0,0,1,0,1,1,1,0,0,1,1,1,0,0,0,0
384,1,0,0,0,1,0,1,1,1,0,0,1,0,1,0,0,1,0
385,1,0,0,0,1,0,1,1,1,0,1,1,0,0,0,0,0,1
386,1,0,0,0,1,0,1,1,1,0,1,1,0,0,1,0,0,0
387,1,0,0,0,1,0,1,1,1,1,1,1,0,0,0,0,0,0
388,1,0,0,0,1,0,1,1,1,0,1,1,1,0,0,0,0,0
389,1,0,0,0,1,0,1,1,1,0,1,1,0,0,0,0,1,0
390,1,0,0,0,1,0,1,1,1,0,0,1,0,0,1,0,0,1
391,1,0,0,0,1,0,1,1,1,1,0,1,0,0,0,0,0,1
392,1,0,0,0,1,0,1,1,1,0,0,1,1,0,0,0,0,1
393,1,0,0,0,1,0,1,1,1,0,0,1,0,0,0,0,1,1
394,1,0,0,0,1,0,1,1,1,1,0,1,0,0,1,0,0,0
395,1,0,0,0,1,0,1,1,1,0,0,1,1,0,1,0,0,0
396,1,0,0,0,1,0,1,1,1,0,0,1,0,0,1,0,1,0
397,1,0,0,0,1,0,1,1,1,1,0,1,1,0,0,0,0,0
398,1,0,0,0,1,0,1,1,1,1,0,1,0,0,0,0,1,0
399,1,0,0,0,1,0,1,1,1,0,0,1,1,0,0,0,1,0
400,1,0,0,0,1,0,1,1,1,0,1,0,0,1,0,0,0,1
401,1,0,0,0,1,0,1,1,1,0,1,0,0,1,1,0,0,0
402,1,0,0,0,1,0,1,1,1,1,1,0,0,1,0,0,0,0
403,1,0,0,0,1,0,1,1,1,0,1,0,1,1,0,0,0,0
404,1,0,0,0,1,0,1,1,1,0,1,0,0,1,0,0,1,0
405,1,0,0,0,1,0,1,1,1,0,0,0,0,1,1,0,0,1
406,1,0,0,0,1,0,1,1,1,1,0,0,0,1,0,0,0,1
407,1,0,0,0,1,0,1,1,1,0,0,0,1,1,0,0,0,1
408,1,0,0,0,1,0,1,1,1,0,0,0,0,1,0,0,1,1
409,1,0,0,0,1,0,1,1,1,1,0,0,0,1,1,0,0,0
410,1,0,0,0,1,0,1,1,1,0,0,0,1,1,1,0,0,0
411,1,0,0,0,1,0,1,1,1,0,0,0,0,1,1,0,1,0
412,1,0,0,0,1,0,1,1,1,1,0,0,1,1,0,0,0,0
413,1,0,0,0,1,0,1,1,1,1,0,0,0,1,0,0,1,0
414,1,0,0,0,1,0,1,1,1,0,0,0,1,1,0,0,1,0
415,1,0,0,0,1,0,1,1,1,0,1,0,0,0,1,0,0,1
416,1,0,0,0,1,0,1,1,1,1,1,0,0,0,0,0,0,1
417,1,0,0,0,1,0,1,1,1,0,1,0,1,0,0,0,0,1
418,1,0,0,0,1,0,1,1,1,0,1,0,0,0,0,0,1,1
419,1,0,0,0,1,0,1,1,1,1,1,0,0,0,1,0,0,0
420,1,0,0,0,1,0,1,1,1,0,1,0,1,0,1,0,0,0
421,1,0,0,0,1,0,1,1,1,0,1,0,0,0,1,0,1,0
422,1,0,0,0,1,0,1,1,1,1,1,0,1,0,0,0,0,0
423,1,0,0,0,1,0,1,1,1,1,1,0,0,0,0,0,1,0
424,1,0,0,0,1,0,1,1,1,0,1,0,1,0,0,0,1,0
425,1,0,0,0,1,0,1,1,1,1,0,0,0,0,1,0,0,1
426,1,0,0,0,1,0,1,1,1,0,0,0,1,0,1,0,0,1
427,1,0,0,0,1,0,1,1,1,0,0,0,0,0,1,0,1,1
428,1,0,0,0,1,0,1,1,1,1,0,0,1,0,0,0,0,1
429,1,0,0,0,1,0,1,1,1,1,0,0,0,0,0,0,1,1
430,1,0,0,0,1,0,1,1,1,0,0,0,1,0,0,0,1,1
431,1,0,0,0,1,0,1,1,1,1,0,0,1,0,1,0,0,0
432,1,0,0,0,1,0,1,1,1,1,0,0,0,0,1,0,1,0
433,1,0,0,0,1,0,1,1,1,0,0,0,1,0,1,0,1,0
434,1,0,0,0,1,0,1,1,1,1,0,0,1,0,0,0,1,0
435,1,0,0,0,1,0,0,1,1,0,1,1,0,1,0,0,0,1
436,1,0,0,0,1,0,0,1,1,0,1,1,0,1,1,0,0,0
437,1,0,0,0,1,0,0,1,1,1,1,1,0,1,0,0,0,0
438,1,0,0,0,1,0,0,1,1,0,1,1,1,1,0,0,0,0
439,1,0,0,0,1,0,0,1,1,0,1,1,0,1,0,0,1,0
440,1,0,0,0,1,0,0,1,1,0,0,1,0,1,1,0,0,1
441,1,0,0,0,1,0,0,1,1,1,0,1,0,1,0,0,0,1
442,1,0,0,0,1,0,0,1,1,0,0,1,1,1,0,0,0,1
443,1,0,0,0,1,0,0,1,1,0,0,1,0,1,0,0,1,1
444,1,0,0,0,1,0,0,1,1,1,0,1,0,1,1,0,0,0
445,1,0,0,0,1,0,0,1,1,0,0,1,1,1,1,0,0,0
446,1,0,0,0,1,0,0,1,1,0,0,1,0,1,1,0,1,0
447,1,0,0,0,1,0,0,1,1,1,0,1,1,1,0,0,0,0
448,1,0,0,0,1,0,0,1,1,1,0,1,0,1,0,0,1,0
449,1,0,0,0,1,0,0,1,1,0,0,1,1,1,0,0,1,0
450,1,0,0,0,1,0,0,1,1,0,1,1,0,0,1,0,0,1
451,1,0,0,0,1,0,0,1,1,1,1,1,0,0,0,0,0,1
452,1,0,0,0,1,0,0,1,1,0,1,1,1,0,0,0,0,1
453,1,0,0,0,1,0,0,1,1,0,1,1,0,0,0,0,1,1
454,1,0,0,0,1,0,0,1,1,1,1,1,0,0,1,0,0,0
455,1,0,0,0,1,0,0,1,1,0,1,1,1,0,1,0,0,0
456,1,0,0,0,1,0,0,1,1,0,1,1,0,0,1,0,1,0
457,1,0,0,0,1,0,0,1,1,1,1,1,1,0,0,0,0,0
458,1,0,0,0,1,0,0,1,1,1,1,1,0,0,0,0,1,0
459,1,0,0,0,1,0,0,1,1,0,1,1,1,0,0,0,1,0
460,1,0,0,0,1,0,0,1,1,1,0,1,0,0,1,0,0,1
461,1,0,0,0,1,0,0,1,1,0,0,1,1,0,1,0,0,1
462,1,0,0,0,1,0,0,1,1,0,0,1,0,0,1,0,1,1
463,1,0,0,0,1,0,0,1,1,1,0,1,1,0,0,0,0,1
464,1,0,0,0,1,0,0,1,1,1,0,1,0,0,0,0,1,1
465,1,0,0,0,1,0,0,1,1,0,0,1,1,0,0,0,1,1
466,1,0,0,0,1,0,0,1,1,1,0,1,1,0,1,0,0,0
467,1,0,0,0,1,0,0,1,1,1,0,1,0,0,1,0,1,0
468,1,0,0,0,1,0,0,1,1,0,0,1,1,0,1,0,1,0
469,1,0,0,0,1,0,0,1,1,1,0,1,1,0,0,0,1,0
470,1,0,0,0,1,0,0,1,1,0,1,0,0,1,1,0,0,1
471,1,0,0,0,1,0,0,1,1,1,1,0,0,1,0,0,0,1
472,1,0,0,0,1,0,0,1,1,0,1,0,1,1,0,0,0,1
473,1,0,0,0,1,0,0,1,1,0,1,0,0,1,0,0,1,1
474,1,0,0,0,1,0,0,1,1,1,1,0,0,1,1,0,0,0
475,1,0,0,0,1,0,0,1,1,0,1,0,1,1,1,0,0,0
476,1,0,0,0,1,0,0,1,1,0,1,0,0,1,1,0,1,0
477,1,0,0,0,1,0,0,1,1,1,1,0,1,1,0,0,0,0
478,1,0,0,0,1,0,0,1,1,1,1,0,0,1,0,0,1,0
479,1,0,0,0,1,0,0,1,1,0,1,0,1,1,0,0,1,0
480,1,0,0,0,1,0,0,1,1,1,0,0,0,1,1,0,0,1
481,1,0,0,0,1,0,0,1,1,0,0,0,1,1,1,0,0,1
482,1,0,0,0,1,0,0,1,1,0,0,0,0,1,1,0,1,1
483,1,0,0,0,1,0,0,1,1,1,0,0,1,1,0,0,0,1
484,1,0,0,0,1,0,0,1,1,1,0,0,0,1,0,0,1,1
485,1,0,0,0,1,0,0,1,1,0,0,0,1,1,0,0,1,1
486,1,0,0,0,1,0,0,1,1,1,0,0,1,1,1,0,0,0
487,1,0,0,0,1,0,0,1,1,1,0,0,0,1,1,0,1,0
488,1,0,0,0,1,0,0,1,1,0,0,0,1,1,1,0,1,0
489,1,0,0,0,1,0,0,1,1,1,0,0,1,1,0,0,1,0
490,1,0,0,0,1,0,0,1,1,1,1,0,0,0,1,0,0,1
491,1,0,0,0,1,0,0,1,1,0,1,0,1,0,1,0,0,1
492,1,0,0,0,1,0,0,1,1,0,1,0,0,0,1,0,1,1
493,1,0,0,0,1,0,0,1,1,1,1,0,1,0,0,0,0,1
494,1,0,0,0,1,0,0,1,1,1,1,0,0,0,0,0,1,1
495,1,0,0,0,1,0,0,1,1,0,1,0,1,0,0,0,1,1
496,1,0,0,0,1,0,0,1,1,1,1,0,1,0,1,0,0,0
497,1,0,0,0,1,0,0,1,1,1,1,0,0,0,1,0,1,0
498,1,0,0,0,1,0,0,1,1,0,1,0,1,0,1,0,1,0
499,1,0,0,0,1,0,0,1,1,1,1,0,1,0,0,0,1,0
500,1,0,0,0,1,0,0,1,1,1,0,0,1,0,1,0,0,1
501,1,0,0,0,1,0,0,1,1,1,0,0,0,0,1,0,1,1
502,1,0,0,0,1,0,0,1,1,0,0,0,1,0,1,0,1,1
503,1,0,0,0,1,0,0,1,1,1,0,0,1,0,0,0,1,1
504,1,0,0,0,1,0,0,1,1,1,0,0,1,0,1,0,1,0
505,0,0,1,0,1,0,1,1,1,0,1,1,0,1,0,0,0,0
506,0,0,1,0,1,0,1,1,1,0,0,1,0,1,0,0,0,1
507,0,0,1,0,1,0,1,1,1,0,0,1,0,1,1,0,0,0
508,0,0,1,0,1,0,1,1,1,1,0,1,0,1,0,0,0,0
509,0,0,1,0,1,0,1,1,1,0,0,1,1,1,0,0,0,0
510,0,0,1,0,1,0,1,1,1,0,0,1,0,1,0,0,1,0
511,0,0,1,0,1,0,1,1,1,0,1,1,0,0,0,0,0,1
512,0,0,1,0,1,0,1,1,1,0,1,1,0,0,1,0,0,0
513,0,0,1,0,1,0,1,1,1,1,1,1,0,0,0,0,0,0
514,0,0,1,0,1,0,1,1,1,0,1,1,1,0,0,0,0,0
515,0,0,1,0,1,0,1,1,1,0,1,1,0,0,0,0,1,0
516,0,0,1,0,1,0,1,1,1,0,0,1,0,0,1,0,0,1
517,0,0,1,0,1,0,1,1,1,1,0,1,0,0,0,0,0,1
518,0,0,1,0,1,0,1,1,1,0,0,1,1,0,0,0,0,1
519,0,0,1,0,1,0,1,1,1,0,0,1,0,0,0,0,1,1
520,0,0,1,0,1,0,1,1,1,1,0,1,0,0,1,0,0,0
521,0,0,1,0,1,0,1,1,1,0,0,1,1,0,1,0,0,0
522,0,0,1,0,1,0,1,1,1,0,0,1,0,0,1,0,1,0
523,0,0,1,0,1,0,1,1,1,1,0,1,1,0,0,0,0,0
524,0,0,1,0,1,0,1,1,1,1,0,1,0,0,0,0,1,0
525,0,0,1,0,1,0,1,1,1,0,0,1,1,0,0,0,1,0
526,0,0,1,0,1,0,1,1,1,0,1,0,0,1,0,0,0,1
527,0,0,1,0,1,0,1,1,1,0,1,0,0,1,1,0,0,0
528,0,0,1,0,1,0,1,1,1,1,1,0,0,1,0,0,0,0
529,0,0,1,0,1,0,1,1,1,0,1,0,1,1,0,0,0,0
530,0,0,1,0,1,0,1,1,1,0,1,0,0,1,0,0,1,0
531,0,0,1,0,1,0,1,1,1,0,0,0,0,1,1,0,0,1
532,0,0,1,0,1,0,1,1,1,1,0,0,0,1,0,0,0,1
533,0,0,1,0,1,0,1,1,1,0,0,0,1,1,0,0,0,1
534,0,0,1,0,1,0,1,1,1,0,0,0,0,1,0,0,1,1
535,0,0,1,0,1,0,1,1,1,1,0,0,0,1,1,0,0,0
536,0,0,1,0,1,0,1,1,1,0,0,0,1,1,1,0,0,0
537,0,0,1,0,1,0,1,1,1,0,0,0,0,1,1,0,1,0
538,0,0,1,0,1,0,1,1,1,1,0,0,1,1,0,0,0,0
539,0,0,1,0,1,0,1,1,1,1,0,0,0,1,0,0,1,0
540,0,0,1,0,1,0,1,1,1,0,0,0,1,1,0,0,1,0
541,0,0,1,0,1,0,1,1,1,0,1,0,0,0,1,0,0,1
542,0,0,1,0,1,0,1,1,1,1,1,0,0,0,0,0,0,1
543,0,0,1,0,1,0,1,1,1,0,1,0,1,0,0,0,0,1
544,0,0,1,0,1,0,1,1,1,0,1,0,0,0,0,0,1,1
545,0,0,1,0,1,0,1,1,1,1,1,0,0,0,1,0,0,0
546,0,0,1,0,1,0,1,1,1,0,1,0,1,0,1,0,0,0
547,0,0,1,0,1,0,1,1,1,0,1,0,0,0,1,0,1,0
548,0,0,1,0,1,0,1,1,1,1,1,0,1,0,0,0,0,0
549,0,0,1,0,1,0,1,1,1,1,1,0,0,0,0,0,1,0
550,0,0,1,0,1,0,1,1,1,0,1,0,1,0,0,0,1,0
551,0,0,1,0,1,0,1,1,1,1,0,0,0,0,1,0,0,1
552,0,0,1,0,1,0,1,1,1,0,0,0,1,0,1,0,0,1
553,0,0,1,0,1,0,1,1,1,0,0,0,0,0,1,0,1,1
554,0,0,1,0,1,0,1,1,1,1,0,0,1,0,0,0,0,1
555,0,0,1,0,1,0,1,1,1,1,0,0,0,0,0,0,1,1
556,0,0,1,0,1,0,1,1,1,0,0,0,1,0,0,0,1,1
557,0,0,1,0,1,0,1,1,1,1,0,0,1,0,1,0,0,0
558,0,0,1,0,1,0,1,1,1,1,0,0,0,0,1,0,1,0
559,0,0,1,0,1,0,1,1,1,0,0,0,1,0,1,0,1,0
560,0,0,1,0,1,0,1,1,1,1,0,0,1,0,0,0,1,0
561,0,0,1,0,1,0,0,1,1,0,1,1,0,1,0,0,0,1
562,0,0,1,0,1,0,0,1,1,0,1,1,0,1,1,0,0,0
563,0,0,1,0,1,0,0,1,1,1,1,1,0,1,0,0,0,0
564,0,0,1,0,1,0,0,1,1,0,1,1,1,1,0,0,0,0
565,0,0,1,0,1,0,0,1,1,0,1,1,0,1,0,0,1,0
566,0,0,1,0,1,0,0,1,1,0,0,1,0,1,1,0,0,1
567,0,0,1,0,1,0,0,1,1,1,0,1,0,1,0,0,0,1
568,0,0,1,0,1,0,0,1,1,0,0,1,1,1,0,0,0,1
569,0,0,1,0,1,0,0,1,1,0,0,1,0,1,0,0,1,1
570,0,0,1,0,1,0,0,1,1,1,0,1,0,1,1,0,0,0
571,0,0,1,0,1,0,0,1,1,0,0,1,1,1,1,0,0,0
572,0,0,1,0,1,0,0,1,1,0,0,1,0,1,1,0,1,0
573,0,0,1,0,1,0,0,1,1,1,0,1,1,1,0,0,0,0
574,0,0,1,0,1,0,0,1,1,1,0,1,0,1,0,0,1,0
575,0,0,1,0,1,0,0,1,1,0,0,1,1,1,0,0,1,0
576,0,0,1,0,1,0,0,1,1,0,1,1,0,0,1,0,0,1
577,0,0,1,0,1,0,0,1,1,1,1,1,0,0,0,0,0,1
578,0,0,1,0,1,0,0,1,1,0,1,1,1,0,0,0,0,1
579,0,0,1,0,1,0,0,1,1,0,1,1,0,0,0,0,1,1
580,0,0,1,0,1,0,0,1,1,1,1,1,0,0,1,0,0,0
581,0,0,1,0,1,0,0,1,1,0,1,1,1,0,1,0,0,0
582,0,0,1,0,1,0,0,1,1,0,1,1,0,0,1,0,1,0
583,0,0,1,0,1,0,0,1,1,1,1,1,1,0,0,0,0,0
584,0,0,1,0,1,0,0,1,1,1,1,1,0,0,0,0,1,0
585,0,0,1,0,1,0,0,1,1,0,1,1,1,0,0,0,1,0
586,0,0,1,0,1,0,0,1,1,1,0,1,0,0,1,0,0,1
587,0,0,1,0,1,0,0,1,1,0,0,1,1,0,1,0,0,1
588,0,0,1,0,1,0,0,1,1,0,0,1,0,0,1,0,1,1
589,0,0,1,0,1,0,0,1,1,1,0,1,1,0,0,0,0,1
590,0,0,1,0,1,0,0,1,1,1,0,1,0,0,0,0,1,1
591,0,0,1,0,1,0,0,1,1,0,0,1,1,0,0,0,1,1
592,0,0,1,0,1,0,0,1,1,1,0,1,1,0,1,0,0,0
593,0,0,1,0,1,0,0,1,1,1,0,1,0,0,1,0,1,0
594,0,0,1,0,1,0,0,1,1,0,0,1,1,0,1,0,1,0
595,0,0,1,0,1,0,0,1,1,1,0,1,1,0,0,0,1,0
596,0,0,1,0,1,0,0,1,1,0,1,0,0,1,1,0,0,1
597,0,0,1,0,1,0,0,1,1,1,1,0,0,1,0,0,0,1
598,0,0,1,0,1,0,0,1,1,0,1,0,1,1,0,0,0,1
599,0,0,1,0,1,0,0,1,1,0,1,0,0,1,0,0,1,1
600,0,0,1,0,1,0,0,1,1,1,1,0,0,1,1,0,0,0
601,0,0,1,0,1,0,0,1,1,0,1,0,1,1,1,0,0,0
602,0,0,1,0,1,0,0,1,1,0,1,0,0,1,1,0,1,0
603,0,0,1,0,1,0,0,1,1,1,1,0,1,1,0,0,0,0
604,0,0,1,0,1,0,0,1,1,1,1,0,0,1,0,0,1,0
605,0,0,1,0,1,0,0,1,1,0,1,0,1,1,0,0,1,0
606,0,0,1,0,1,0,0,1,1,1,0,0,0,1,1,0,0,1
607,0,0,1,0,1,0,0,1,1,0,0,0,1,1,1,0,0,1
608,0,0,1,0,1,0,0,1,1,0,0,0,0,1,1,0,1,1
609,0,0,1,0,1,0,0,1,1,1,0,0,1,1,0,0,0,1
610,0,0,1,0,1,0,0,1,1,1,0,0,0,1,0,0,1,1
611,0,0,1,0,1,0,0,1,1,0,0,0,1,1,0,0,1,1
612,0,0,1,0,1,0,0,1,1,1,0,0,1,1,1,0,0,0
613,0,0,1,0,1,0,0,1,1,1,0,0,0,1,1,0,1,0
614,0,0,1,0,1,0,0,1,1,0,0,0,1,1,1,0,1,0
615,0,0,1,0,1,0,0,1,1,1,0,0,1,1,0,0,1,0
616,0,0,1,0,1,0,0,1,1,1,1,0,0,0,1,0,0,1
617,0,0,1,0,1,0,0,1,1,0,1,0,1,0,1,0,0,1
618,0,0,1,0,1,0,0,1,1,0,1,0,0,0,1,0,1,1
619,0,0,1,0,1,0,0,1,1,1,1,0,1,0,0,0,0,1
620,0,0,1,0,1,0,0,1,1,1,1,0,0,0,0,0,1,1
621,0,0,1,0,1,0,0,1,1,0,1,0,1,0,0,0,1,1
622,0,0,1,0,1,0,0,1,1,1,1,0,1,0,1,0,0,0
623,0,0,1,0,1,0,0,1,1,1,1,0,0,0,1,0,1,0
624,0,0,1,0,1,0,0,1,1,0,1,0,1,0,1,0,1,0
625,0,0,1,0,1,0,0,1,1,1,1,0,1,0,0,0,1,0
626,0,0,1,0,1,0,0,1,1,1,0,0,1,0,1,0,0,1
627,0,0,1,0,1,0,0,1,1,1,0,0,0,0,1,0,1,1
628,0,0,1,0,1,0,0,1,1,0,0,0,1,0,1,0,1,1
629,0,0,1,0,1,0,0,1,1,1,0,0,1,0,0,0,1,1
630,0,0,1,0,1,0,0,1,1,1,0,0,1,0,1,0,1,0
631,0,0,0,1,1,0,1,1,1,0,1,1,0,1,0,0,0,0
632,0,0,0,1,1,0,1,1,1,0,0,1,0,1,0,0,0,1
633,0,0,0,1,1,0,1,1,1,0,0,1,0,1,1,0,0,0
634,0,0,0,1,1,0,1,1,1,1,0,1,0,1,0,0,0,0
635,0,0,0,1,1,0,1,1,1,0,0,1,1,1,0,0,0,0
636,0,0,0,1,1,0,1,1,1,0,0,1,0,1,0,0,1,0
637,0,0,0,1,1,0,1,1,1,0,1,1,0,0,0,0,0,1
638,0,0,0,1,1,0,1,1,1,0,1,1,0,0,1,0,0,0
639,0,0,0,1,1,0,1,1,1,1,1,1,0,0,0,0,0,0
640,0,0,0,1,1,0,1,1,1,0,1,1,1,0,0,0,0,0
641,0,0,0,1,1,0,1,1,1,0,1,1,0,0,0,0,1,0
642,0,0,0,1,1,0,1,1,1,0,0,1,0,0,1,0,0,1
643,0,0,0,1,1,0,1,1,1,1,0,1,0,0,0,0,0,1
644,0,0,0,1,1,0,1,1,1,0,0,1,1,0,0,0,0,1
645,0,0,0,1,1,0,1,1,1,0,0,1,0,0,0,0,1,1
646,0,0,0,1,1,0,1,1,1,1,0,1,0,0,1,0,0,0
647,0,0,0,1,1,0,1,1,1,0,0,1,1,0,1,0,0,0
648,0,0,0,1,1,0,1,1,1,0,0,1,0,0,1,0,1,0
649,0,0,0,1,1,0,1,1,1,1,0,1,1,0,0,0,0,0
650,0,0,0,1,1,0,1,1,1,1,0,1,0,0,0,0,1,0
651,0,0,0,1,1,0,1,1,1,0,0,1,1,0,0,0,1,0
652,0,0,0,1,1,0,1,1,1,0,1,0,0,1,0,0,0,1
653,0,0,0,1,1,0,1,1,1,0,1,0,0,1,1,0,0,0
654,0,0,0,1,1,0,1,1,1,1,1,0,0,1,0,0,0,0
655,0,0,0,1,1,0,1,1,1,0,1,0,1,1,0,0,0,0
656,0,0,0,1,1,0,1,1,1,0,1,0,0,1,0,0,1,0
657,0,0,0,1,1,0,1,1,1,0,0,0,0,1,1,0,0,1
658,0,0,0,1,1,0,1,1,1,1,0,0,0,1,0,0,0,1
659,0,0,0,1,1,0,1,1,1,0,0,0,1,1,0,0,0,1
660,0,0,0,1,1,0,1,1,1,0,0,0,0,1,0,0,1,1
661,0,0,0,1,1,0,1,1,1,1,0,0,0,1,1,0,0,0
662,0,0,0,1,1,0,1,1,1,0,0,0,1,1,1,0,0,0
663,0,0,0,1,1,0,1,1,1,0,0,0,0,1,1,0,1,0
664,0,0,0,1,1,0,1,1,1,1,0,0,1,1,0,0,0,0
665,0,0,0,1,1,0,1,1,1,1,0,0,0,1,0,0,1,0
666,0,0,0,1,1,0,1,1,1,0,0,0,1,1,0,0,1,0
667,0,0,0,1,1,0,1,1,1,0,1,0,0,0,1,0,0,1
668,0,0,0,1,1,0,1,1,1,1,1,0,0,0,0,0,0,1
669,0,0,0,1,1,0,1,1,1,0,1,0,1,0,0,0,0,1
670,0,0,0,1,1,0,1,1,1,0,1,0,0,0,0,0,1,1
671,0,0,0,1,1,0,1,1,1,1,1,0,0,0,1,0,0,0
672,0,0,0,1,1,0,1,1,1,0,1,0,1,0,1,0,0,0
673,0,0,0,1,1,0,1,1,1,0,1,0,0,0,1,0,1,0
674,0,0,0,1,1,0,1,1,1,1,1,0,1,0,0,0,0,0
675,0,0,0,1,1,0,1,1,1,1,1,0,0,0,0,0,1,0
676,0,0,0,1,1,0,1,1,1,0,1,0,1,0,0,0,1,0
677,0,0,0,1,1,0,1,1,1,1,0,0,0,0,1,0,0,1
678,0,0,0,1,1,0,1,1,1,0,0,0,1,0,1,0,0,1
679,0,0,0,1,1,0,1,1,1,0,0,0,0,0,1,0,1,1
680,0,0,0,1,1,0,1,1,1,1,0,0,1,0,0,0,0,1
681,0,0,0,1,1,0,1,1,1,1,0,0,0,0,0,0,1,1
682,0,0,0,1,1,0,1,1,1,0,0,0,1,0,0,0,1,1
683,0,0,0,1,1,0,1,1,1,1,0,0,1,0,1,0,0,0
684,0,0,0,1,1,0,1,1,1,1,0,0,0,0,1,0,1,0
685,0,0,0,1,1,0,1,1,1,0,0,0,1,0,1,0,1,0
686,0,0,0,1,1,0,1,1,1,1,0,0,1,0,0,0,1,0
687,0,0,0,1,1,0,0,1,1,0,1,1,0,1,0,0,0,1
688,0,0,0,1,1,0,0,1,1,0,1,1,0,1,1,0,0,0
689,0,0,0,1,1,0,0,1,1,1,1,1,0,1,0,0,0,0
690,0,0,0,1,1,0,0,1,1,0,1,1,1,1,0,0,0,0
691,0,0,0,1,1,0,0,1,1,0,1,1,0,1,0,0,1,0
692,0,0,0,1,1,0,0,1,1,0,0,1,0,1,1,0,0,1
693,0,0,0,1,1,0,0,1,1,1,0,1,0,1,0,0,0,1
694,0,0,0,1,1,0,0,1,1,0,0,1,1,1,0,0,0,1
695,0,0,0,1,1,0,0,1,1,0,0,1,0,1,0,0,1,1
696,0,0,0,1,1,0,0,1,1,1,0,1,0,1,1,0,0,0
697,0,0,0,1,1,0,0,1,1,0,0,1,1,1,1,0,0,0
698,0,0,0,1,1,0,0,1,1,0,0,1,0,1,1,0,1,0
699,0,0,0,1,1,0,0,1,1,1,0,1,1,1,0,0,0,0
700,0,0,0,1,1,0,0,1,1,1,0,1,0,1,0,0,1,0
701,0,0,0,1,1,0,0,1,1,0,0,1,1,1,0,0,1,0
702,0,0,0,1,1,0,0,1,1,0,1,1,0,0,1,0,0,1
703,0,0,0,1,1,0,0,1,1,1,1,1,0,0,0,0,0,1
704,0,0,0,1,1,0,0,1,1,0,1,1,1,0,0,0,0,1
705,0,0,0,1,1,0,0,1,1,0,1,1,0,0,0,0,1,1
706,0,0,0,1,1,0,0,1,1,1,1,1,0,0,1,0,0,0
707,0,0,0,1,1,0,0,1,1,0,1,1,1,0,1,0,0,0
708,0,0,0,1,1,0,0,1,1,0,1,1,0,0,1,0,1,0
709,0,0,0,1,1,0,0,1,1,1,1,1,1,0,0,0,0,0
710,0,0,0,1,1,0,0,1,1,1,1,1,0,0,0,0,1,0
711,0,0,0,1,1,0,0,1,1,0,1,1,1,0,0,0,1,0
712,0,0,0,1,1,0,0,1,1,1,0,1,0,0,1,0,0,1
713,0,0,0,1,1,0,0,1,1,0,0,1,1,0,1,0,0,1
714,0,0,0,1,1,0,0,1,1,0,0,1,0,0,1,0,1,1
715,0,0,0,1,1,0,0,1,1,1,0,1,1,0,0,0,0,1
716,0,0,0,1,1,0,0,1,1,1,0,1,0,0,0,0,1,1
717,0,0,0,1,1,0,0,1,1,0,0,1,1,0,0,0,1,1
718,0,0,0,1,1,0,0,1,1,1,0,1,1,0,1,0,0,0
719,0,0,0,1,1,0,0,1,1,1,0,1,0,0,1,0,1,0
720,0,0,0,1,1,0,0,1,1,0,0,1,1,0,1,0,1,0
721,0,0,0,1,1,0,0,1,1,1,0,1,1,0,0,0,1,0
722,0,0,0,1,1,0,0,1,1,0,1,0,0,1,1,0,0,1
723,0,0,0,1,1,0,0,1,1,1,1,0,0,1,0,0,0,1
724,0,0,0,1,1,0,0,1,1,0,1,0,1,1,0,0,0,1
725,0,0,0,1,1,0,0,1,1,0,1,0,0,1,0,0,1,1
726,0,0,0,1,1,0,0,1,1,1,1,0,0,1,1,0,0,0
727,0,0,0,1,1,0,0,1,1,0,1,0,1,1,1,0,0,0
728,0,0,0,1,1,0,0,1,1,0,1,0,0,1,1,0,1,0
729,0,0,0,1,1,0,0,1,1,1,1,0,1,1,0,0,0,0
730,0,0,0,1,1,0,0,1,1,1,1,0,0,1,0,0,1,0
731,0,0,0,1,1,0,0,1,1,0,1,0,1,1,0,0,1,0
732,0,0,0,1,1,0,0,1,1,1,0,0,0,1,1,0,0,1
733,0,0,0,1,1,0,0,1,1,0,0,0,1,1,1,0,0,1
734,0,0,0,1,1,0,0,1,1,0,0,0,0,1,1,0,1,1
735,0,0,0,1,1,0,0,1,1,1,0,0,1,1,0,0,0,1
736,0,0,0,1,1,0,0,1,1,1,0,0,0,1,0,0,1,1
737,0,0,0,1,1,0,0,1,1,0,0,0,1,1,0,0,1,1
738,0,0,0,1,1,0,0,1,1,1,0,0,1,1,1,0,0,0
739,0,0,0,1,1,0,0,1,1,1,0,0,0,1,1,0,1,0
740,0,0,0,1,1,0,0,1,1,0,0,0,1,1,1,0,1,0
741,0,0,0,1,1,0,0,1,1,1,0,0,1,1,0,0,1,0
742,0,0,0,1,1,0,0,1,1,1,1,0,0,0,1,0,0,1
743,0,0,0,1,1,0,0,1,1,0,1,0,1,0,1,0,0,1
744,0,0,0,1,1,0,0,1,1,0,1,0,0,0,1,0,1,1
745,0,0,0,1,1,0,0,1,1,1,1,0,1,0,0,0,0,1
746,0,0,0,1,1,0,0,1,1,1,1,0,0,0,0,0,1,1
747,0,0,0,1,1,0,0,1,1,0,1,0,1,0,0,0,1,1
748,0,0,0,1,1,0,0,1,1,1,1,0,1,0,1,0,0,0
749,0,0,0,1,1,0,0,1,1,1,1,0,0,0,1,0,1,0
750,0,0,0,1,1,0,0,1,1,0,1,0,1,0,1,0,1,0
751,0,0,0,1,1,0,0,1,1,1,1,0,1,0,0,0,1,0
752,0,0,0,1,1,0,0,1,1,1,0,0,1,0,1,0,0,1
753,0,0,0,1,1,0,0,1,1,1,0,0,0,0,1,0,1,1
754,0,0,0,1,1,0,0,1,1,0,0,0,1,0,1,0,1,1
755,0,0,0,1,1,0,0,1,1,1,0,0,1,0,0,0,1,1
756,0,0,0,1,1,0,0,1,1,1,0,0,1,0,1,0,1,0
757,0,1,0,0,1,0,1,1,0,0,1,1,0,1,0,1,0,0
758,0,1,0,0,1,0,1,1,0,0,0,1,0,1,0,1,0,1
759,0,1,0,0,1,0,1,1,0,0,0,1,0,1,1,1,0,0
760,0,1,0,0,1,0,1,1,0,1,0,1,0,1,0,1,0,0
761,0,1,0,0,1,0,1,1,0,0,0,1,1,1,0,1,0,0
762,0,1,0,0,1,0,1,1,0,0,0,1,0,1,0,1,1,0
763,0,1,0,0,1,0,1,1,0,0,1,1,0,0,0,1,0,1
764,0,1,0,0,1,0,1,1,0,0,1,1,0,0,1,1,0,0
765,0,1,0,0,1,0,1,1,0,1,1,1,0,0,0,1,0,0
766,0,1,0,0,1,0,1,1,0,0,1,1,1,0,0,1,0,0
767,0,1,0,0,1,0,1,1,0,0,1,1,0,0,0,1,1,0
768,0,1,0,0,1,0,1,1,0,0,0,1,0,0,1,1,0,1
769,0,1,0,0,1,0,1,1,0,1,0,1,0,0,0,1,0,1
770,0,1,0,0,1,0,1,1,0,0,0,1,1,0,0,1,0,1
771,0,1,0,0,1,0,1,1,0,0,0,1,0,0,0,1,1,1
772,0,1,0,0,1,0,1,1,0,1,0,1,0,0,1,1,0,0
773,0,1,0,0,1,0,1,1,0,0,0,1,1,0,1,1,0,0
774,0,1,0,0,1,0,1,1,0,0,0,1,0,0,1,1,1,0
775,0,1,0,0,1,0,1,1,0,1,0,1,1,0,0,1,0,0
776,0,1,0,0,1,0,1,1,0,1,0,1,0,0,0,1,1,0
777,0,1,0,0,1,0,1,1,0,0,0,1,1,0,0,1,1,0
778,0,1,0,0,1,0,1,1,0,0,1,0,0,1,0,1,0,1
779,0,1,0,0,1,0,1,1,0,0,1,0,0,1,1,1,0,0
780,0,1,0,0,1,0,1,1,0,1,1,0,0,1,0,1,0,0
781,0,1,0,0,1,0,1,1,0,0,1,0,1,1,0,1,0,0
782,0,1,0,0,1,0,1,1,0,0,1,0,0,1,0,1,1,0
783,0,1,0,0,1,0,1,1,0,0,0,0,0,1,1,1,0,1
784,0,1,0,0,1,0,1,1,0,1,0,0,0,1,0,1,0,1
785,0,1,0,0,1,0,1,1,0,0,0,0,1,1,0,1,0,1
786,0,1,0,0,1,0,1,1,0,0,0,0,0,1,0,1,1,1
787,0,1,0,0,1,0,1,1,0,1,0,0,0,1,1,1,0,0
788,0,1,0,0,1,0,1,1,0,0,0,0,1,1,1,1,0,0
789,0,1,0,0,1,0,1,1,0,0,0,0,0,1,1,1,1,0
790,0,1,0,0,1,0,1,1,0,1,0,0,1,1,0,1,0,0
791,0,1,0,0,1,0,1,1,0,1,0,0,0,1,0,1,1,0
792,0,1,0,0,1,0,1,1,0,0,0,0,1,1,0,1,1,0
793,0,1,0,0,1,0,1,1,0,0,1,0,0,0,1,1,0,1
794,0,1,0,0,1,0,1,1,0,1,1,0,0,0,0,1,0,1
795,0,1,0,0,1,0,1,1,0,0,1,0,1,0,0,1,0,1
796,0,1,0,0,1,0,1,1,0,0,1,0,0,0,0,1,1,1
797,0,1,0,0,1,0,1,1,0,1,1,0,0,0,1,1,0,0
798,0,1,0,0,1,0,1,1,0,0,1,0,1,0,1,1,0,0
799,0,1,0,0,1,0,1,1,0,0,1,0,0,0,1,1,1,0
800,0,1,0,0,1,0,1,1,0,1,1,0,1,0,0,1,0,0
801,0,1,0,0,1,0,1,1,0,1,1,0,0,0,0,1,1,0
802,0,1,0,0,1,0,1,1,0,0,1,0,1,0,0,1,1,0
803,0,1,0,0,1,0,1,1,0,1,0,0,0,0,1,1,0,1
804,0,1,0,0,1,0,1,1,0,0,0,0,1,0,1,1,0,1
805,0,1,0,0,1,0,1,1,0,0,0,0,0,0,1,1,1,1
806,0,1,0,0,1,0,1,1,0,1,0,0,1,0,0,1,0,1
807,0,1,0,0,1,0,1,1,0,1,0,0,0,0,0,1,1,1
808,0,1,0,0,1,0,1,1,0,0,0,0,1,0,0,1,1,1
809,0,1,0,0,1,0,1,1,0,1,0,0,1,0,1,1,0,0
810,0,1,0,0,1,0,1,1,0,1,0,0,0,0,1,1,1,0
811,0,1,0,0,1,0,1,1,0,0,0,0,1,0,1,1,1,0
812,0,1,0,0,1,0,1,1,0,1,0,0,1,0,0,1,1,0
813,0,1,0,0,1,0,0,1,0,0,1,1,0,1,0,1,0,1
814,0,1,0,0,1,0,0,1,0,0,1,1,0,1,1,1,0,0
815,0,1,0,0,1,0,0,1,0,1,1,1,0,1,0,1,0,0
816,0,1,0,0,1,0,0,1,0,0,1,1,1,1,0,1,0,0
817,0,1,0,0,1,0,0,1,0,0,1,1,0,1,0,1,1,0
818,0,1,0,0,1,0,0,1,0,0,0,1,0,1,1,1,0,1
819,0,1,0,0,1,0,0,1,0,1,0,1,0,1,0,1,0,1
820,0,1,0,0,1,0,0,1,0,0,0,1,1,1,0,1,0,1
821,0,1,0,0,1,0,0,1,0,0,0,1,0,1,0,1,1,1
822,0,1,0,0,1,0,0,1,0,1,0,1,0,1,1,1,0,0
823,0,1,0,0,1,0,0,1,0,0,0,1,1,1,1,1,0,0
824,0,1,0,0,1,0,0,1,0,0,0,1,0,1,1,1,1,0
825,0,1,0,0,1,0,0,1,0,1,0,1,1,1,0,1,0,0
826,0,1,0,0,1,0,0,1,0,1,0,1,0,1,0,1,1,0
827,0,1,0,0,1,0,0,1,0,0,0,1,1,1,0,1,1,0
828,0,1,0,0,1,0,0,1,0,0,1,1,0,0,1,1,0,1
829,0,1,0,0,1,0,0,1,0,1,1,1,0,0,0,1,0,1
830,0,1,0,0,1,0,0,1,0,0,1,1,1,0,0,1,0,1
831,0,1,0,0,1,0,0,1,0,0,1,1,0,0,0,1,1,1
832,0,1,0,0,1,0,0,1,0,1,1,1,0,0,1,1,0,0
833,0,1,0,0,1,0,0,1,0,0,1,1,1,0,1,1,0,0
834,0,1,0,0,1,0,0,1,0,0,1,1,0,0,1,1,1,0
835,0,1,0,0,1,0,0,1,0,1,1,1,1,0,0,1,0,0
836,0,1,0,0,1,0,0,1,0,1,1,1,0,0,0,1,1,0
837,0,1,0,0,1,0,0,1,0,0,1,1,1,0,0,1,1,0
838,0,1,0,0,1,0,0,1,0,1,0,1,0,0,1,1,0,1
839,0,1,0,0,1,0,0,1,0,0,0,1,1,0,1,1,0,1
840,0,1,0,0,1,0,0,1,0,0,0,1,0,0,1,1,1,1
841,0,1,0,0,1,0,0,1,0,1,0,1,1,0,0,1,0,1
842,0,1,0,0,1,0,0,1,0,1,0,1,0,0,0,1,1,1
843,0,1,0,0,1,0,0,1,0,0,0,1,1,0,0,1,1,1
844,0,1,0,0,1,0,0,1,0,1,0,1,1,0,1,1,0,0
845,0,1,0,0,1,0,0,1,0,1,0,1,0,0,1,1,1,0
846,0,1,0,0,1,0,0,1,0,0,0,1,1,0,1,1,1,0
847,0,1,0,0,1,0,0,1,0,1,0,1,1,0,0,1,1,0
848,0,1,0,0,1,0,0,1,0,0,1,0,0,1,1,1,0,1
849,0,1,0,0,1,0,0,1,0,1,1,0,0,1,0,1,0,1
850,0,1,0,0,1,0,0,1,0,0,1,0,1,1,0,1,0,1
851,0,1,0,0,1,0,0,1,0,0,1,0,0,1,0,1,1,1
852,0,1,0,0,1,0,0,1,0,1,1,0,0,1,1,1,0,0
853,0,1,0,0,1,0,0,1,0,0,1,0,1,1,1,1,0,0
854,0,1,0,0,1,0,0,1,0,0,1,0,0,1,1,1,1,0
855,0,1,0,0,1,0,0,1,0,1,1,0,1,1,0,1,0,0
856,0,1,0,0,1,0,0,1,0,1,1,0,0,1,0,1,1,0
857,0,1,0,0,1,0,0,1,0,0,1,0,1,1,0,1,1,0
858,0,1,0,0,1,0,0,1,0,1,0,0,0,1,1,1,0,1
859,0,1,0,0,1,0,0,1,0,0,0,0,1,1,1,1,0,1
860,0,1,0,0,1,0,0,1,0,0,0,0,0,1,1,1,1,1
861,0,1,0,0,1,0,0,1,0,1,0,0,1,1,0,1,0,1
862,0,1,0,0,1,0,0,1,0,1,0,0,0,1,0,1,1,1
863,0,1,0,0,1,0,0,1,0,0,0,0,1,1,0,1,1,1
864,0,1,0,0,1,0,0,1,0,1,0,0,1,1,1,1,0,0
865,0,1,0,0,1,0,0,1,0,1,0,0,0,1,1,1,1,0
866,0,1,0,0,1,0,0,1,0,0,0,0,1,1,1,1,1,0
867,0,1,0,0,1,0,0,1,0,1,0,0,1,1,0,1,1,0
868,0,1,0,0,1,0,0,1,0,1,1,0,0,0,1,1,0,1
869,0,1,0,0,1,0,0,1,0,0,1,0,1,0,1,1,0,1
870,0,1,0,0,1,0,0,1,0,0,1,0,0,0,1,1,1,1
871,0,1,0,0,1,0,0,1,0,1,1,0,1,0,0,1,0,1
872,0,1,0,0,1,0,0,1,0,1,1,0,0,0,0,1,1,1
873,0,1,0,0,1,0,0,1,0,0,1,0,1,0,0,1,1,1
874,0,1,0,0,1,0,0,1,0,1,1,0,1,0,1,1,0,0
875,0,1,0,0,1,0,0,1,0,1,1,0,0,0,1,1,1,0
876,0,1,0,0,1,0,0,1,0,0,1,0,1,0,1,1,1,0
877,0,1,0,0,1,0,0,1,0,1,1,0,1,0,0,1,1,0
878,0,1,0,0,1,0,0,1,0,1,0,0,1,0,1,1,0,1
879,0,1,0,0,1,0,0,1,0,1,0,0,0,0,1,1,1,1
880,0,1,0,0,1,0,0,1,0,0,0,0,1,0,1,1,1,1
881,0,1,0,0,1,0,0,1,0,1,0,0,1,0,0,1,1,1
882,0,1,0,0,1,0,0,1,0,1,0,0,1,0,1,1,1,0
883,0,0,0,0,1,1,1,1,0,0,1,1,0,1,0,1,0,0
884,0,0,0,0,1,1,1,1,0,0,0,1,0,1,0,1,0,1
885,0,0,0,0,1,1,1,1,0,0,0,1,0,1,1,1,0,0
886,0,0,0,0,1,1,1,1,0,1,0,1,0,1,0,1,0,0
887,0,0,0,0,1,1,1,1,0,0,0,1,1,1,0,1,0,0
888,0,0,0,0,1,1,1,1,0,0,0,1,0,1,0,1,1,0
889,0,0,0,0,1,1,1,1,0,0,1,1,0,0,0,1,0,1
890,0,0,0,0,1,1,1,1,0,0,1,1,0,0,1,1,0,0
891,0,0,0,0,1,1,1,1,0,1,1,1,0,0,0,1,0,0
892,0,0,0,0,1,1,1,1,0,0,1,1,1,0,0,1,0,0
893,0,0,0,0,1,1,1,1,0,0,1,1,0,0,0,1,1,0
894,0,0,0,0,1,1,1,1,0,0,0,1,0,0,1,1,0,1
895,0,0,0,0,1,1,1,1,0,1,0,1,0,0,0,1,0,1
896,0,0,0,0,1,1,1,1,0,0,0,1,1,0,0,1,0,1
897,0,0,0,0,1,1,1,1,0,0,0,1,0,0,0,1,1,1
898,0,0,0,0,1,1,1,1,0,1,0,1,0,0,1,1,0,0
899,0,0,0,0,1,1,1,1,0,0,0,1,1,0,1,1,0,0
900,0,0,0,0,1,1,1,1,0,0,0,1,0,0,1,1,1,0
901,0,0,0,0,1,1,1,1,0,1,0,1,1,0,0,1,0,0
902,0,0,0,0,1,1,1,1,0,1,0,1,0,0,0,1,1,0
903,0,0,0,0,1,1,1,1,0,0,0,1,1,0,0,1,1,0
904,0,0,0,0,1,1,1,1,0,0,1,0,0,1,0,1,0,1
905,0,0,0,0,1,1,1,1,0,0,1,0,0,1,1,1,0,0
906,0,0,0,0,1,1,1,1,0,1,1,0,0,1,0,1,0,0
907,0,0,0,0,1,1,1,1,0,0,1,0,1,1,0,1,0,0
908,0,0,0,0,1,1,1,1,0,0,1,0,0,1,0,1,1,0
909,0,0,0,0,1,1,1,1,0,0,0,0,0,1,1,1,0,1
910,0,0,0,0,1,1,1,1,0,1,0,0,0,1,0,1,0,1
911,0,0,0,0,1,1,1,1,0,0,0,0,1,1,0,1,0,1
912,0,0,0,0,1,1,1,1,0,0,0,0,0,1,0,1,1,1
913,0,0,0,0,1,1,1,1,0,1,0,0,0,1,1,1,0,0
914,0,0,0,0,1,1,1,1,0,0,0,0,1,1,1,1,0,0
915,0,0,0,0,1,1,1,1,0,0,0,0,0,1,1,1,1,0
916,0,0,0,0,1,1,1,1,0,1,0,0,1,1,0,1,0,0
917,0,0,0,0,1,1,1,1,0,1,0,0,0,1,0,1,1,0
918,0,0,0,0,1,1,1,1,0,0,0,0,1,1,0,1,1,0
919,0,0,0,0,1,1,1,1,0,0,1,0,0,0,1,1,0,1
920,0,0,0,0,1,1,1,1,0,1,1,0,0,0,0,1,0,1
921,0,0,0,0,1,1,1,1,0,0,1,0,1,0,0,1,0,1
922,0,0,0,0,1,1,1,1,0,0,1,0,0,0,0,1,1,1
923,0,0,0,0,1,1,1,1,0,1,1,0,0,0,1,1,0,0
924,0,0,0,0,1,1,1,1,0,0,1,0,1,0,1,1,0,0
925,0,0,0,0,1,1,1,1,0,0,1,0,0,0,1,1,1,0
926,0,0,0,0,1,1,1,1,0,1,1,0,1,0,0,1,0,0
927,0,0,0,0,1,1,1,1,0,1,1,0,0,0,0,1,1,0
928,0,0,0,0,1,1,1,1,0,0,1,0,1,0,0,1,1,0
929,0,0,0,0,1,1,1,1,0,1,0,0,0,0,1,1,0,1
930,0,0,0,0,1,1,1,1,0,0,0,0,1,0,1,1,0,1
931,0,0,0,0,1,1,1,1,0,0,0,0,0,0,1,1,1,1
932,0,0,0,0,1,1,1,1,0,1,0,0,1,0,0,1,0,1
933,0,0,0,0,1,1,1,1,0,1,0,0,0,0,0,1,1,1
934,0,0,0,0,1,1,1,1,0,0,0,0,1,0,0,1,1,1
935,0,0,0,0,1,1,1,1,0,1,0,0,1,0,1,1,0,0
936,0,0,0,0,1,1,1,1,0,1,0,0,0,0,1,1,1,0
937,0,0,0,0,1,1,1,1,0,0,0,0,1,0,1,1,1,0
938,0,0,0,0,1,1,1,1,0,1,0,0,1,0,0,1,1,0
939,0,0,0,0,1,1,0,1,0,0,1,1,0,1,0,1,0,1
940,0,0,0,0,1,1,0,1,0,0,1,1,0,1,1,1,0,0
941,0,0,0,0,1,1,0,1,0,1,1,1,0,1,0,1,0,0
942,0,0,0,0,1,1,0,1,0,0,1,1,1,1,0,1,0,0
943,0,0,0,0,1,1,0,1,0,0,1,1,0,1,0,1,1,0
944,0,0,0,0,1,1,0,1,0,0,0,1,0,1,1,1,0,1
945,0,0,0,0,1,1,0,1,0,1,0,1,0,1,0,1,0,1
946,0,0,0,0,1,1,0,1,0,0,0,1,1,1,0,1,0,1
947,0,0,0,0,1,1,0,1,0,0,0,1,0,1,0,1,1,1
948,0,0,0,0,1,1,0,1,0,1,0,1,0,1,1,1,0,0
949,0,0,0,0,1,1,0,1,0,0,0,1,1,1,1,1,0,0
950,0,0,0,0,1,1,0,1,0,0,0,1,0,1,1,1,1,0
951,0,0,0,0,1,1,0,1,0,1,0,1,1,1,0,1,0,0
952,0,0,0,0,1,1,0,1,0,1,0,1,0,1,0,1,1,0
953,0,0,0,0,1,1,0,1,0,0,0,1,1,1,0,1,1,0
954,0,0,0,0,1,1,0,1,0,0,1,1,0,0,1,1,0,1
955,0,0,0,0,1,1,0,1,0,1,1,1,0,0,0,1,0,1
956,0,0,0,0,1,1,0,1,0,0,1,1,1,0,0,1,0,1
957,0,0,0,0,1,1,0,1,0,0,1,1,0,0,0,1,1,1
958,0,0,0,0,1,1,0,1,0,1,1,1,0,0,1,1,0,0
959,0,0,0,0,1,1,0,1,0,0,1,1,1,0,1,1,0,0
960,0,0,0,0,1,1,0,1,0,0,1,1,0,0,1,1,1,0
961,0,0,0,0,1,1,0,1,0,1,1,1,1,0,0,1,0,0
962,0,0,0,0,1,1,0,1,0,1,1,1,0,0,0,1,1,0
963,0,0,0,0,1,1,0,1,0,0,1,1,1,0,0,1,1,0
964,0,0,0,0,1,1,0,1,0,1,0,1,0,0,1,1,0,1
965,0,0,0,0,1,1,0,1,0,0,0,1,1,0,1,1,0,1
966,0,0,0,0,1,1,0,1,0,0,0,1,0,0,1,1,1,1
967,0,0,0,0,1,1,0,1,0,1,0,1,1,0,0,1,0,1
968,0,0,0,0,1,1,0,1,0,1,0,1,0,0,0,1,1,1
969,0,0,0,0,1,1,0,1,0,0,0,1,1,0,0,1,1,1
970,0,0,0,0,1,1,0,1,0,1,0,1,1,0,1,1,0,0
971,0,0,0,0,1,1,0,1,0,1,0,1,0,0,1,1,1,0
972,0,0,0,0,1,1,0,1,0,0,0,1,1,0,1,1,1,0
973,0,0,0,0,1,1,0,1,0,1,0,1,1,0,0,1,1,0
974,0,0,0,0,1,1,0,1,0,0,1,0,0,1,1,1,0,1
975,0,0,0,0,1,1,0,1,0,1,1,0,0,1,0,1,0,1
976,0,0,0,0,1,1,0,1,0,0,1,0,1,1,0,1,0,1
977,0,0,0,0,1,1,0,1,0,0,1,0,0,1,0,1,1,1
978,0,0,0,0,1,1,0,1,0,1,1,0,0,1,1,1,0,0
979,0,0,0,0,1,1,0,1,0,0,1,0,1,1,1,1,0,0
980,0,0,0,0,1,1,0,1,0,0,1,0,0,1,1,1,1,0
981,0,0,0,0,1,1,0,1,0,1,1,0,1,1,0,1,0,0
982,0,0,0,0,1,1,0,1,0,1,1,0,0,1,0,1,1,0
983,0,0,0,0,1,1,0,1,0,0,1,0,1,1,0,1,1,0
984,0,0,0,0,1,1,0,1,0,1,0,0,0,1,1,1,0,1
985,0,0,0,0,1,1,0,1,0,0,0,0,1,1,1,1,0,1
986,0,0,0,0,1,1,0,1,0,0,0,0,0,1,1,1,1,1
987,0,0,0,0,1,1,0,1,0,1,0,0,1,1,0,1,0,1
988,0,0,0,0,1,1,0,1,0,1,0,0,0,1,0,1,1,1
989,0,0,0,0,1,1,0,1,0,0,0,0,1,1,0,1,1,1
990,0,0,0,0,1,1,0,1,0,1,0,0,1,1,1,1,0,0
991,0,0,0,0,1,1,0,1,0,1,0,0,0,1,1,1,1,0
992,0,0,0,0,1,1,0,1,0,0,0,0,1,1,1,1,1,0
993,0,0,0,0,1,1,0,1,0,1,0,0,1,1,0,1,1,0
994,0,0,0,0,1,1,0,1,0,1,1,0,0,0,1,1,0,1
995,0,0,0,0,1,1,0,1,0,0,1,0,1,0,1,1,0,1
996,0,0,0,0,1,1,0,1,0,0,1,0,0,0,1,1,1,1
997,0,0,0,0,1,1,0,1,0,1,1,0,1,0,0,1,0,1
998,0,0,0,0,1,1,0,1,0,1,1,0,0,0,0,1,1,1
999,0,0,0,0,1,1,0,1,0,0,1,0,1,0,0,1,1,1
1000,0,0,0,0,1,1,0,1,0,1,1,0,1,0,1,1,0,0
1001,0,0,0,0,1,1,0,1,0,1,1,0,0,0,1,1,1,0
1002,0,0,0,0,1,1,0,1,0,0,1,0,1,0,1,1,1,0
1003,0,0,0,0,1,1,0,1,0,1,1,0,1,0,0,1,1,0
1004,0,0,0,0,1,1,0,1,0,1,0,0,1,0,1,1,0,1
1005,0,0,0,0,1,1,0,1,0,1,0,0,0,0,1,1,1,1
1006,0,0,0,0,1,1,0,1,0,0,0,0,1,0,1,1,1,1
1007,0,0,0,0,1,1,0,1,0,1,0,0,1,0,0,1,1,1
1008,0,0,0,0,1,1,0,1,0,1,0,0,1,0,1,1,1,0
1009,1,0,0,0,1,0,1,1,0,0,1,1,0,1,0,1,0,0
1010,1,0,0,0,1,0,1,1,0,0,0,1,0,1,0,1,0,1
1011,1,0,0,0,1,0,1,1,0,0,0,1,0,1,1,1,0,0
1012,1,0,0,0,1,0,1,1,0,1,0,1,0,1,0,1,0,0
1013,1,0,0,0,1,0,1,1,0,0,0,1,1,1,0,1,0,0
1014,1,0,0,0,1,0,1,1,0,0,0,1,0,1,0,1,1,0
1015,1,0,0,0,1,0,1,1,0,0,1,1,0,0,0,1,0,1
1016,1,0,0,0,1,0,1,1,0,0,1,1,0,0,1,1,0,0
1017,1,0,0,0,1,0,1,1,0,1,1,1,0,0,0,1,0,0
1018,1,0,0,0,1,0,1,1,0,0,1,1,1,0,0,1,0,0
1019,1,0,0,0,1,0,1,1,0,0,1,1,0,0,0,1,1,0
1020,1,0,0,0,1,0,1,1,0,0,0,1,0,0,1,1,0,1
1021,1,0,0,0,1,0,1,1,0,1,0,1,0,0,0,1,0,1
1022,1,0,0,0,1,0,1,1,0,0,0,1,1,0,0,1,0,1
1023,1,0,0,0,1,0,1,1,0,0,0,1,0,0,0,1,1,1
1024,1,0,0,0,1,0,1,1,0,1,0,1,0,0,1,1,0,0
1025,1,0,0,0,1,0,1,1,0,0,0,1,1,0,1,1,0,0
1026,1,0,0,0,1,0,1,1,0,0,0,1,0,0,1,1,1,0
1027,1,0,0,0,1,0,1,1,0,1,0,1,1,0,0,1,0,0
1028,1,0,0,0,1,0,1,1,0,1,0,1,0,0,0,1,1,0
1029,1,0,0,0,1,0,1,1,0,0,0,1,1,0,0,1,1,0
1030,1,0,0,0,1,0,1,1,0,0,1,0,0,1,0,1,0,1
1031,1,0,0,0,1,0,1,1,0,0,1,0,0,1,1,1,0,0
1032,1,0,0,0,1,0,1,1,0,1,1,0,0,1,0,1,0,0
1033,1,0,0,0,1,0,1,1,0,0,1,0,1,1,0,1,0,0
1034,1,0,0,0,1,0,1,1,0,0,1,0,0,1,0,1,1,0
1035,1,0,0,0,1,0,1,1,0,0,0,0,0,1,1,1,0,1
1036,1,0,0,0,1,0,1,1,0,1,0,0,0,1,0,1,0,1
1037,1,0,0,0,1,0,1,1,0,0,0,0,1,1,0,1,0,1
1038,1,0,0,0,1,0,1,1,0,0,0,0,0,1,0,1,1,1
1039,1,0,0,0,1,0,1,1,0,1,0,0,0,1,1,1,0,0
1040,1,0,0,0,1,0,1,1,0,0,0,0,1,1,1,1,0,0
1041,1,0,0,0,1,0,1,1,0,0,0,0,0,1,1,1,1,0
1042,1,0,0,0,1,0,1,1,0,1,0,0,1,1,0,1,0,0
1043,1,0,0,0,1,0,1,1,0,1,0,0,0,1,0,1,1,0
1044,1,0,0,0,1,0,1,1,0,0,0,0,1,1,0,1,1,0
1045,1,0,0,0,1,0,1,1,0,0,1,0,0,0,1,1,0,1
1046,1,0,0,0,1,0,1,1,0,1,1,0,0,0,0,1,0,1
1047,1,0,0,0,1,0,1,1,0,0,1,0,1,0,0,1,0,1
1048,1,0,0,0,1,0,1,1,0,0,1,0,0,0,0,1,1,1
1049,1,0,0,0,1,0,1,1,0,1,1,0,0,0,1,1,0,0
1050,1,0,0,0,1,0,1,1,0,0,1,0,1,0,1,1,0,0
1051,1,0,0,0,1,0,1,1,0,0,1,0,0,0,1,1,1,0
1052,1,0,0,0,1,0,1,1,0,1,1,0,1,0,0,1,0,0
1053,1,0,0,0,1,0,1,1,0,1,1,0,0,0,0,1,1,0
1054,1,0,0,0,1,0,1,1,0,0,1,0,1,0,0,1,1,0
1055,1,0,0,0,1,0,1,1,0,1,0,0,0,0,1,1,0,1
1056,1,0,0,0,1,0,1,1,0,0,0,0,1,0,1,1,0,1
1057,1,0,0,0,1,0,1,1,0,0,0,0,0,0,1,1,1,1
1058,1,0,0,0,1,0,1,1,0,1,0,0,1,0,0,1,0,1
1059,1,0,0,0,1,0,1,1,0,1,0,0,0,0,0,1,1,1
1060,1,0,0,0,1,0,1,1,0,0,0,0,1,0,0,1,1,1
1061,1,0,0,0,1,0,1,1,0,1,0,0,1,0,1,1,0,0
1062,1,0,0,0,1,0,1,1,0,1,0,0,0,0,1,1,1,0
1063,1,0,0,0,1,0,1,1,0,0,0,0,1,0,1,1,1,0
1064,1,0,0,0,1,0,1,1,0,1,0,0,1,0,0,1,1,0
1065,1,0,0,0,1,0,0,1,0,0,1,1,0,1,0,1,0,1
1066,1,0,0,0,1,0,0,1,0,0,1,1,0,1,1,1,0,0
1067,1,0,0,0,1,0,0,1,0,1,1,1,0,1,0,1,0,0
1068,1,0,0,0,1,0,0,1,0,0,1,1,1,1,0,1,0,0
1069,1,0,0,0,1,0,0,1,0,0,1,1,0,1,0,1,1,0
1070,1,0,0,0,1,0,0,1,0,0,0,1,0,1,1,1,0,1
1071,1,0,0,0,1,0,0,1,0,1,0,1,0,1,0,1,0,1
1072,1,0,0,0,1,0,0,1,0,0,0,1,1,1,0,1,0,1
1073,1,0,0,0,1,0,0,1,0,0,0,1,0,1,0,1,1,1
1074,1,0,0,0,1,0,0,1,0,1,0,1,0,1,1,1,0,0
1075,1,0,0,0,1,0,0,1,0,0,0,1,1,1,1,1,0,0
1076,1,0,0,0,1,0,0,1,0,0,0,1,0,1,1,1,1,0
1077,1,0,0,0,1,0,0,1,0,1,0,1,1,1,0,1,0,0
1078,1,0,0,0,1,0,0,1,0,1,0,1,0,1,0,1,1,0
1079,1,0,0,0,1,0,0,1,0,0,0,1,1,1,0,1,1,0
1080,1,0,0,0,1,0,0,1,0,0,1,1,0,0,1,1,0,1
1081,1,0,0,0,1,0,0,1,0,1,1,1,0,0,0,1,0,1
1082,1,0,0,0,1,0,0,1,0,0,1,1,1,0,0,1,0,1
1083,1,0,0,0,1,0,0,1,0,0,1,1,0,0,0,1,1,1
1084,1,0,0,0,1,0,0,1,0,1,1,1,0,0,1,1,0,0
1085,1,0,0,0,1,0,0,1,0,0,1,1,1,0,1,1,0,0
1086,1,0,0,0,1,0,0,1,0,0,1,1,0,0,1,1,1,0
1087,1,0,0,0,1,0,0,1,0,1,1,1,1,0,0,1,0,0
1088,1,0,0,0,1,0,0,1,0,1,1,1,0,0,0,1,1,0
1089,1,0,0,0,1,0,0,1,0,0,1,1,1,0,0,1,1,0
1090,1,0,0,0,1,0,0,1,0,1,0,1,0,0,1,1,0,1
1091,1,0,0,0,1,0,0,1,0,0,0,1,1,0,1,1,0,1
1092,1,0,0,0,1,0,0,1,0,0,0,1,0,0,1,1,1,1
1093,1,0,0,0,1,0,0,1,0,1,0,1,1,0,0,1,0,1
1094,1,0,0,0,1,0,0,1,0,1,0,1,0,0,0,1,1,1
1095,1,0,0,0,1,0,0,1,0,0,0,1,1,0,0,1,1,1
1096,1,0,0,0,1,0,0,1,0,1,0,1,1,0,1,1,0,0
1097,1,0,0,0,1,0,0,1,0,1,0,1,0,0,1,1,1,0
1098,1,0,0,0,1,0,0,1,0,0,0,1,1,0,1,1,1,0
1099,1,0,0,0,1,0,0,1,0,1,0,1,1,0,0,1,1,0
1100,1,0,0,0,1,0,0,1,0,0,1,0,0,1,1,1,0,1
1101,1,0,0,0,1,0,0,1,0,1,1,0,0,1,0,1,0,1
1102,1,0,0,0,1,0,0,1,0,0,1,0,1,1,0,1,0,1
1103,1,0,0,0,1,0,0,1,0,0,1,0,0,1,0,1,1,1
1104,1,0,0,0,1,0,0,1,0,1,1,0,0,1,1,1,0,0
1105,1,0,0,0,1,0,0,1,0,0,1,0,1,1,1,1,0,0
1106,1,0,0,0,1,0,0,1,0,0,1,0,0,1,1,1,1,0
1107,1,0,0,0,1,0,0,1,0,1,1,0,1,1,0,1,0,0
1108,1,0,0,0,1,0,0,1,0,1,1,0,0,1,0,1,1,0
1109,1,0,0,0,1,0,0,1,0,0,1,0,1,1,0,1,1,0
1110,1,0,0,0,1,0,0,1,0,1,0,0,0,1,1,1,0,1
1111,1,0,0,0,1,0,0,1,0,0,0,0,1,1,1,1,0,1
1112,1,0,0,0,1,0,0,1,0,0,0,0,0,1,1,1,1,1
1113,1,0,0,0,1,0,0,1,0,1,0,0,1,1,0,1,0,1
1114,1,0,0,0,1,0,0,1,0,1,0,0,0,1,0,1,1,1
1115,1,0,0,0,1,0,0,1,0,0,0,0,1,1,0,1,1,1
1116,1,0,0,0,1,0,0,1,0,1,0,0,1,1,1,1,0,0
1117,1,0,0,0,1,0,0,1,0,1,0,0,0,1,1,1,1,0
1118,1,0,0,0,1,0,0,1,0,0,0,0,1,1,1,1,1,0
1119,1,0,0,0,1,0,0,1,0,1,0,0,1,1,0,1,1,0
1120,1,0,0,0,1,0,0,1,0,1,1,0,0,0,1,1,0,1
1121,1,0,0,0,1,0,0,1,0,0,1,0,1,0,1,1,0,1
1122,1,0,0,0,1,0,0,1,0,0,1,0,0,0,1,1,1,1
1123,1,0,0,0,1,0,0,1,0,1,1,0,1,0,0,1,0,1
1124,1,0,0,0,1,0,0,1,0,1,1,0,0,0,0,1,1,1
1125,1,0,0,0,1,0,0,1,0,0,1,0,1,0,0,1,1,1
1126,1,0,0,0,1,0,0,1,0,1,1,0,1,0,1,1,0,0
1127,1,0,0,0,1,0,0,1,0,1,1,0,0,0,1,1,1,0
1128,1,0,0,0,1,0,0,1,0,0,1,0,1,0,1,1,1,0
1129,1,0,0,0,1,0,0,1,0,1,1,0,1,0,0,1,1,0
1130,1,0,0,0,1,0,0,1,0,1,0,0,1,0,1,1,0,1
1131,1,0,0,0,1,0,0,1,0,1,0,0,0,0,1,1,1,1
1132,1,0,0,0,1,0,0,1,0,0,0,0,1,0,1,1,1,1
1133,1,0,0,0,1,0,0,1,0,1,0,0,1,0,0,1,1,1
1134,1,0,0,0,1,0,0,1,0,1,0,0,1,0,1,1,1,0
1135,0,0,1,0,1,0,1,1,0,0,1,1,0,1,0,1,0,0
1136,0,0,1,0,1,0,1,1,0,0,0,1,0,1,0,1,0,1
1137,0,0,1,0,1,0,1,1,0,0,0,1,0,1,1,1,0,0
1138,0,0,1,0,1,0,1,1,0,1,0,1,0,1,0,1,0,0
1139,0,0,1,0,1,0,1,1,0,0,0,1,1,1,0,1,0,0
1140,0,0,1,0,1,0,1,1,0,0,0,1,0,1,0,1,1,0
1141,0,0,1,0,1,0,1,1,0,0,1,1,0,0,0,1,0,1
1142,0,0,1,0,1,0,1,1,0,0,1,1,0,0,1,1,0,0
1143,0,0,1,0,1,0,1,1,0,1,1,1,0,0,0,1,0,0
1144,0,0,1,0,1,0,1,1,0,0,1,1,1,0,0,1,0,0
1145,0,0,1,0,1,0,1,1,0,0,1,1,0,0,0,1,1,0
1146,0,0,1,0,1,0,1,1,0,0,0,1,0,0,1,1,0,1
1147,0,0,1,0,1,0,1,1,0,1,0,1,0,0,0,1,0,1
1148,0,0,1,0,1,0,1,1,0,0,0,1,1,0,0,1,0,1
1149,0,0,1,0,1,0,1,1,0,0,0,1,0,0,0,1,1,1
1150,0,0,1,0,1,0,1,1,0,1,0,1,0,0,1,1,0,0
1151,0,0,1,0,1,0,1,1,0,0,0,1,1,0,1,1,0,0
1152,0,0,1,0,1,0,1,1,0,0,0,1,0,0,1,1,1,0
1153,0,0,1,0,1,0,1,1,0,1,0,1,1,0,0,1,0,0
1154,0,0,1,0,1,0,1,1,0,1,0,1,0,0,0,1,1,0
1155,0,0,1,0,1,0,1,1,0,0,0,1,1,0,0,1,1,0
1156,0,0,1,0,1,0,1,1,0,0,1,0,0,1,0,1,0,1
1157,0,0,1,0,1,0,1,1,0,0,1,0,0,1,1,1,0,0
1158,0,0,1,0,1,0,1,1,0,1,1,0,0,1,0,1,0,0
1159,0,0,1,0,1,0,1,1,0,0,1,0,1,1,0,1,0,0
1160,0,0,1,0,1,0,1,1,0,0,1,0,0,1,0,1,1,0
1161,0,0,1,0,1,0,1,1,0,0,0,0,0,1,1,1,0,1
1162,0,0,1,0,1,0,1,1,0,1,0,0,0,1,0,1,0,1
1163,0,0,1,0,1,0,1,1,0,0,0,0,1,1,0,1,0,1
1164,0,0,1,0,1,0,1,1,0,0,0,0,0,1,0,1,1,1
1165,0,0,1,0,1,0,1,1,0,1,0,0,0,1,1,1,0,0
1166,0,0,1,0,1,0,1,1,0,0,0,0,1,1,1,1,0,0
1167,0,0,1,0,1,0,1,1,0,0,0,0,0,1,1,1,1,0
1168,0,0,1,0,1,0,1,1,0,1,0,0,1,1,0,1,0,0
1169,0,0,1,0,1,0,1,1,0,1,0,0,0,1,0,1,1,0
1170,0,0,1,0,1,0,1,1,0,0,0,0,1,1,0,1,1,0
1171,0,0,1,0,1,0,1,1,0,0,1,0,0,0,1,1,0,1
1172,0,0,1,0,1,0,1,1,0,1,1,0,0,0,0,1,0,1
1173,0,0,1,0,1,0,1,1,0,0,1,0,1,0,0,1,0,1
1174,0,0,1,0,1,0,1,1,0,0,1,0,0,0,0,1,1,1
1175,0,0,1,0,1,0,1,1,0,1,1,0,0,0,1,1,0,0
1176,0,0,1,0,1,0,1,1,0,0,1,0,1,0,1,1,0,0
1177,0,0,1,0,1,0,1,1,0,0,1,0,0,0,1,1,1,0
1178,0,0,1,0,1,0,1,1,0,1,1,0,1,0,0,1,0,0
1179,0,0,1,0,1,0,1,1,0,1,1,0,0,0,0,1,1,0
1180,0,0,1,0,1,0,1,1,0,0,1,0,1,0,0,1,1,0
1181,0,0,1,0,1,0,1,1,0,1,0,0,0,0,1,1,0,1
1182,0,0,1,0,1,0,1,1,0,0,0,0,1,0,1,1,0,1
1183,0,0,1,0,1,0,1,1,0,0,0,0,0,0,1,1,1,1
1184,0,0,1,0,1,0,1,1,0,1,0,0,1,0,0,1,0,1
1185,0,0,1,0,1,0,1,1,0,1,0,0,0,0,0,1,1,1
1186,0,0,1,0,1,0,1,1,0,0,0,0,1,0,0,1,1,1
1187,0,0,1,0,1,0,1,1,0,1,0,0,1,0,1,1,0,0
1188,0,0,1,0,1,0,1,1,0,1,0,0,0,0,1,1,1,0
1189,0,0,1,0,1,0,1,1,0,0,0,0,1,0,1,1,1,0
1190,0,0,1,0,1,0,1,1,0,1,0,0,1,0,0,1,1,0
1191,0,0,1,0,1,0,0,1,0,0,1,1,0,1,0,1,0,1
1192,0,0,1,0,1,0,0,1,0,0,1,1,0,1,1,1,0,0
1193,0,0,1,0,1,0,0,1,0,1,1,1,0,1,0,1,0,0
1194,0,0,1,0,1,0,0,1,0,0,1,1,1,1,0,1,0,0
1195,0,0,1,0,1,0,0,1,0,0,1,1,0,1,0,1,1,0
1196,0,0,1,0,1,0,0,1,0,0,0,1,0,1,1,1,0,1
1197,0,0,1,0,1,0,0,1,0,1,0,1,0,1,0,1,0,1
1198,0,0,1,0,1,0,0,1,0,0,0,1,1,1,0,1,0,1
1199,0,0,1,0,1,0,0,1,0,0,0,1,0,1,0,1,1,1
1200,0,0,1,0,1,0,0,1,0,1,0,1,0,1,1,1,0,0
1201,0,0,1,0,1,0,0,1,0,0,0,1,1,1,1,1,0,0
1202,0,0,1,0,1,0,0,1,0,0,0,1,0,1,1,1,1,0
1203,0,0,1,0,1,0,0,1,0,1,0,1,1,1,0,1,0,0
1204,0,0,1,0,1,0,0,1,0,1,0,1,0,1,0,1,1,0
1205,0,0,1,0,1,0,0,1,0,0,0,1,1,1,0,1,1,0
1206,0,0,1,0,1,0,0,1,0,0,1,1,0,0,1,1,0,1
1207,0,0,1,0,1,0,0,1,0,1,1,1,0,0,0,1,0,1
1208,0,0,1,0,1,0,0,1,0,0,1,1,1,0,0,1,0,1
1209,0,0,1,0,1,0,0,1,0,0,1,1,0,0,0,1,1,1
1210,0,0,1,0,1,0,0,1,0,1,1,1,0,0,1,1,0,0
1211,0,0,1,0,1,0,0,1,0,0,1,1,1,0,1,1,0,0
1212,0,0,1,0,1,0,0,1,0,0,1,1,0,0,1,1,1,0
1213,0,0,1,0,1,0,0,1,0,1,1,1,1,0,0,1,0,0
1214,0,0,1,0,1,0,0,1,0,1,1,1,0,0,0,1,1,0
1215,0,0,1,0,1,0,0,1,0,0,1,1,1,0,0,1,1,0
1216,0,0,1,0,1,0,0,1,0,1,0,1,0,0,1,1,0,1
1217,0,0,1,0,1,0,0,1,0,0,0,1,1,0,1,1,0,1
1218,0,0,1,0,1,0,0,1,0,0,0,1,0,0,1,1,1,1
1219,0,0,1,0,1,0,0,1,0,1,0,1,1,0,0,1,0,1
1220,0,0,1,0,1,0,0,1,0,1,0,1,0,0,0,1,1,1
1221,0,0,1,0,1,0,0,1,0,0,0,1,1,0,0,1,1,1
1222,0,0,1,0,1,0,0,1,0,1,0,1,1,0,1,1,0,0
1223,0,0,1,0,1,0,0,1,0,1,0,1,0,0,1,1,1,0
1224,0,0,1,0,1,0,0,1,0,0,0,1,1,0,1,1,1,0
1225,0,0,1,0,1,0,0,1,0,1,0,1,1,0,0,1,1,0
1226,0,0,1,0,1,0,0,1,0,0,1,0,0,1,1,1,0,1
1227,0,0,1,0,1,0,0,1,0,1,1,0,0,1,0,1,0,1
1228,0,0,1,0,1,0,0,1,0,0,1,0,1,1,0,1,0,1
1229,0,0,1,0,1,0,0,1,0,0,1,0,0,1,0,1,1,1
1230,0,0,1,0,1,0,0,1,0,1,1,0,0,1,1,1,0,0
1231,0,0,1,0,1,0,0,1,0,0,1,0,1,1,1,1,0,0
1232,0,0,1,0,1,0,0,1,0,0,1,0,0,1,1,1,1,0
1233,0,0,1,0,1,0,0,1,0,1,1,0,1,1,0,1,0,0
1234,0,0,1,0,1,0,0,1,0,1,1,0,0,1,0,1,1,0
1235,0,0,1,0,1,0,0,1,0,0,1,0,1,1,0,1,1,0
1236,0,0,1,0,1,0,0,1,0,1,0,0,0,1,1,1,0,1
1237,0,0,1,0,1,0,0,1,0,0,0,0,1,1,1,1,0,1
1238,0,0,1,0,1,0,0,1,0,0,0,0,0,1,1,1,1,1
1239,0,0,1,0,1,0,0,1,0,1,0,0,1,1,0,1,0,1
1240,0,0,1,0,1,0,0,1,0,1,0,0,0,1,0,1,1,1
1241,0,0,1,0,1,0,0,1,0,0,0,0,1,1,0,1,1,1
1242,0,0,1,0,1,0,0,1,0,1,0,0,1,1,1,1,0,0
1243,0,0,1,0,1,0,0,1,0,1,0,0,0,1,1,1,1,0
1244,0,0,1,0,1,0,0,1,0,0,0,0,1,1,1,1,1,0
1245,0,0,1,0,1,0,0,1,0,1,0,0,1,1,0,1,1,0
1246,0,0,1,0,1,0,0,1,0,1,1,0,0,0,1,1,0,1
1247,0,0,1,0,1,0,0,1,0,0,1,0,1,0,1,1,0,1
1248,0,0,1,0,1,0,0,1,0,0,1,0,0,0,1,1,1,1
1249,0,0,1,0,1,0,0,1,0,1,1,0,1,0,0,1,0,1
1250,0,0,1,0,1,0,0,1,0,1,1,0,0,0,0,1,1,1
1251,0,0,1,0,1,0,0,1,0,0,1,0,1,0,0,1,1,1
1252,0,0,1,0,1,0,0,1,0,1,1,0,1,0,1,1,0,0
1253,0,0,1,0,1,0,0,1,0,1,1,0,0,0,1,1,1,0
1254,0,0,1,0,1,0,0,1,0,0,1,0,1,0,1,1,1,0
1255,0,0,1,0,1,0,0,1,0,1,1,0,1,0,0,1,1,0
1256,0,0,1,0,1,0,0,1,0,1,0,0,1,0,1,1,0,1
1257,0,0,1,0,1,0,0,1,0,1,0,0,0,0,1,1,1,1
1258,0,0,1,0,1,0,0,1,0,0,0,0,1,0,1,1,1,1
1259,0,0,1,0,1,0,0,1,0,1,0,0,1,0,0,1,1,1
1260,0,0,1,0,1,0,0,1,0,1,0,0,1,0,1,1,1,0
1261,0,0,0,1,1,0,1,1,0,0,1,1,0,1,0,1,0,0
1262,0,0,0,1,1,0,1,1,0,0,0,1,0,1,0,1,0,1
1263,0,0,0,1,1,0,1,1,0,0,0,1,0,1,1,1,0,0
1264,0,0,0,1,1,0,1,1,0,1,0,1,0,1,0,1,0,0
1265,0,0,0,1,1,0,1,1,0,0,0,1,1,1,0,1,0,0
1266,0,0,0,1,1,0,1,1,0,0,0,1,0,1,0,1,1,0
1267,0,0,0,1,1,0,1,1,0,0,1,1,0,0,0,1,0,1
1268,0,0,0,1,1,0,1,1,0,0,1,1,0,0,1,1,0,0
1269,0,0,0,1,1,0,1,1,0,1,1,1,0,0,0,1,0,0
1270,0,0,0,1,1,0,1,1,0,0,1,1,1,0,0,1,0,0
1271,0,0,0,1,1,0,1,1,0,0,1,1,0,0,0,1,1,0
1272,0,0,0,1,1,0,1,1,0,0,0,1,0,0,1,1,0,1
1273,0,0,0,1,1,0,1,1,0,1,0,1,0,0,0,1,0,1
1274,0,0,0,1,1,0,1,1,0,0,0,1,1,0,0,1,0,1
1275,0,0,0,1,1,0,1,1,0,0,0,1,0,0,0,1,1,1
1276,0,0,0,1,1,0,1,1,0,1,0,1,0,0,1,1,0,0
1277,0,0,0,1,1,0,1,1,0,0,0,1,1,0,1,1,0,0
1278,0,0,0,1,1,0,1,1,0,0,0,1,0,0,1,1,1,0
1279,0,0,0,1,1,0,1,1,0,1,0,1,1,0,0,1,0,0
1280,0,0,0,1,1,0,1,1,0,1,0,1,0,0,0,1,1,0
1281,0,0,0,1,1,0,1,1,0,0,0,1,1,0,0,1,1,0
1282,0,0,0,1,1,0,1,1,0,0,1,0,0,1,0,1,0,1
1283,0,0,0,1,1,0,1,1,0,0,1,0,0,1,1,1,0,0
1284,0,0,0,1,1,0,1,1,0,1,1,0,0,1,0,1,0,0
1285,0,0,0,1,1,0,1,1,0,0,1,0,1,1,0,1,0,0
1286,0,0,0,1,1,0,1,1,0,0,1,0,0,1,0,1,1,0
1287,0,0,0,1,1,0,1,1,0,0,0,0,0,1,1,1,0,1
1288,0,0,0,1,1,0,1,1,0,1,0,0,0,1,0,1,0,1
1289,0,0,0,1,1,0,1,1,0,0,0,0,1,1,0,1,0,1
1290,0,0,0,1,1,0,1,1,0,0,0,0,0,1,0,1,1,1
1291,0,0,0,1,1,0,1,1,0,1,0,0,0,1,1,1,0,0
1292,0,0,0,1,1,0,1,1,0,0,0,0,1,1,1,1,0,0
1293,0,0,0,1,1,0,1,1,0,0,0,0,0,1,1,1,1,0
1294,0,0,0,1,1,0,1,1,0,1,0,0,1,1,0,1,0,0
1295,0,0,0,1,1,0,1,1,0,1,0,0,0,1,0,1,1,0
1296,0,0,0,1,1,0,1,1,0,0,0,0,1,1,0,1,1,0
1297,0,0,0,1,1,0,1,1,0,0,1,0,0,0,1,1,0,1
1298,0,0,0,1,1,0,1,1,0,1,1,0,0,0,0,1,0,1
1299,0,0,0,1,1,0,1,1,0,0,1,0,1,0,0,1,0,1
1300,0,0,0,1,1,0,1,1,0,0,1,0,0,0,0,1,1,1
1301,0,0,0,1,1,0,1,1,0,1,1,0,0,0,1,1,0,0
1302,0,0,0,1,1,0,1,1,0,0,1,0,1,0,1,1,0,0
1303,0,0,0,1,1,0,1,1,0,0,1,0,0,0,1,1,1,0
1304,0,0,0,1,1,0,1,1,0,1,1,0,1,0,0,1,0,0
1305,0,0,0,1,1,0,1,1,0,1,1,0,0,0,0,1,1,0
1306,0,0,0,1,1,0,1,1,0,0,1,0,1,0,0,1,1,0
1307,0,0,0,1,1,0,1,1,0,1,0,0,0,0,1,1,0,1
1308,0,0,0,1,1,0,1,1,0,0,0,0,1,0,1,1,0,1
1309,0,0,0,1,1,0,1,1,0,0,0,0,0,0,1,1,1,1
1310,0,0,0,1,1,0,1,1,0,1,0,0,1,0,0,1,0,1
1311,0,0,0,1,1,0,1,1,0,1,0,0,0,0,0,1,1,1
1312,0,0,0,1,1,0,1,1,0,0,0,0,1,0,0,1,1,1
1313,0,0,0,1,1,0,1,1,0,1,0,0,1,0,1,1,0,0
1314,0,0,0,1,1,0,1,1,0,1,0,0,0,0,1,1,1,0
1315,0,0,0,1,1,0,1,1,0,0,0,0,1,0,1,1,1,0
1316,0,0,0,1,1,0,1,1,0,1,0,0,1,0,0,1,1,0
1317,0,0,0,1,1,0,0,1,0,0,1,1,0,1,0,1,0,1
1318,0,0,0,1,1,0,0,1,0,0,1,1,0,1,1,1,0,0
1319,0,0,0,1,1,0,0,1,0,1,1,1,0,1,0,1,0,0
1320,0,0,0,1,1,0,0,1,0,0,1,1,1,1,0,1,0,0
1321,0,0,0,1,1,0,0,1,0,0,1,1,0,1,0,1,1,0
1322,0,0,0,1,1,0,0,1,0,0,0,1,0,1,1,1,0,1
1323,0,0,0,1,1,0,0,1,0,1,0,1,0,1,0,1,0,1
1324,0,0,0,1,1,0,0,1,0,0,0,1,1,1,0,1,0,1
1325,0,0,0,1,1,0,0,1,0,0,0,1,0,1,0,1,1,1
1326,0,0,0,1,1,0,0,1,0,1,0,1,0,1,1,1,0,0
1327,0,0,0,1,1,0,0,1,0,0,0,1,1,1,1,1,0,0
1328,0,0,0,1,1,0,0,1,0,0,0,1,0,1,1,1,1,0
1329,0,0,0,1,1,0,0,1,0,1,0,1,1,1,0,1,0,0
1330,0,0,0,1,1,0,0,1,0,1,0,1,0,1,0,1,1,0
1331,0,0,0,1,1,0,0,1,0,0,0,1,1,1,0,1,1,0
1332,0,0,0,1,1,0,0,1,0,0,1,1,0,0,1,1,0,1
1333,0,0,0,1,1,0,0,1,0,1,1,1,0,0,0,1,0,1
1334,0,0,0,1,1,0,0,1,0,0,1,1,1,0,0,1,0,1
1335,0,0,0,1,1,0,0,1,0,0,1,1,0,0,0,1,1,1
1336,0,0,0,1,1,0,0,1,0,1,1,1,0,0,1,1,0,0
1337,0,0,0,1,1,0,0,1,0,0,1,1,1,0,1,1,0,0
1338,0,0,0,1,1,0,0,1,0,0,1,1,0,0,1,1,1,0
1339,0,0,0,1,1,0,0,1,0,1,1,1,1,0,0,1,0,0
1340,0,0,0,1,1,0,0,1,0,1,1,1,0,0,0,1,1,0
1341,0,0,0,1,1,0,0,1,0,0,1,1,1,0,0,1,1,0
1342,0,0,0,1,1,0,0,1,0,1,0,1,0,0,1,1,0,1
1343,0,0,0,1,1,0,0,1,0,0,0,1,1,0,1,1,0,1
1344,0,0,0,1,1,0,0,1,0,0,0,1,0,0,1,1,1,1
1345,0,0,0,1,1,0,0,1,0,1,0,1,1,0,0,1,0,1
1346,0,0,0,1,1,0,0,1,0,1,0,1,0,0,0,1,1,1
1347,0,0,0,1,1,0,0,1,0,0,0,1,1,0,0,1,1,1
1348,0,0,0,1,1,0,0,1,0,1,0,1,1,0,1,1,0,0
1349,0,0,0,1,1,0,0,1,0,1,0,1,0,0,1,1,1,0
1350,0,0,0,1,1,0,0,1,0,0,0,1,1,0,1,1,1,0
1351,0,0,0,1,1,0,0,1,0,1,0,1,1,0,0,1,1,0
1352,0,0,0,1,1,0,0,1,0,0,1,0,0,1,1,1,0,1
1353,0,0,0,1,1,0,0,1,0,1,1,0,0,1,0,1,0,1
1354,0,0,0,1,1,0,0,1,0,0,1,0,1,1,0,1,0,1
1355,0,0,0,1,1,0,0,1,0,0,1,0,0,1,0,1,1,1
1356,0,0,0,1,1,0,0,1,0,1,1,0,0,1,1,1,0,0
1357,0,0,0,1,1,0,0,1,0,0,1,0,1,1,1,1,0,0
1358,0,0,0,1,1,0,0,1,0,0,1,0,0,1,1,1,1,0
1359,0,0,0,1,1,0,0,1,0,1,1,0,1,1,0,1,0,0
1360,0,0,0,1,1,0,0,1,0,1,1,0,0,1,0,1,1,0
1361,0,0,0,1,1,0,0,1,0,0,1,0,1,1,0,1,1,0
1362,0,0,0,1,1,0,0,1,0,1,0,0,0,1,1,1,0,1
1363,0,0,0,1,1,0,0,1,0,0,0,0,1,1,1,1,0,1
1364,0,0,0,1,1,0,0,1,0,0,0,0,0,1,1,1,1,1
1365,0,0,0,1,1,0,0,1,0,1,0,0,1,1,0,1,0,1
1366,0,0,0,1,1,0,0,1,0,1,0,0,0,1,0,1,1,1
1367,0,0,0,1,1,0,0,1,0,0,0,0,1,1,0,1,1,1
1368,0,0,0,1,1,0,0,1,0,1,0,0,1,1,1,1,0,0
1369,0,0,0,1,1,0,0,1,0,1,0,0,0,1,1,1,1,0
1370,0,0,0,1,1,0,0,1,0,0,0,0,1,1,1,1,1,0
1371,0,0,0,1,1,0,0,1,0,1,0,0,1,1,0,1,1,0
1372,0,0,0,1,1,0,0,1,0,1,1,0,0,0,1,1,0,1
1373,0,0,0,1,1,0,0,1,0,0,1,0,1,0,1,1,0,1
1374,0,0,0,1,1,0,0,1,0,0,1,0,0,0,1,1,1,1
1375,0,0,0,1,1,0,0,1,0,1,1,0,1,0,0,1,0,1
1376,0,0,0,1,1,0,0,1,0,1,1,0,0,0,0,1,1,1
1377,0,0,0,1,1,0,0,1,0,0,1,0,1,0,0,1,1,1
1378,0,0,0,1,1,0,0,1,0,1,1,0,1,0,1,1,0,0
1379,0,0,0,1,1,0,0,1,0,1,1,0,0,0,1,1,1,0
1380,0,0,0,1,1,0,0,1,0,0,1,0,1,0,1,1,1,0
1381,0,0,0,1,1,0,0,1,0,1,1,0,1,0,0,1,1,0
1382,0,0,0,1,1,0,0,1,0,1,0,0,1,0,1,1,0,1
1383,0,0,0,1,1,0,0,1,0,1,0,0,0,0,1,1,1,1
1384,0,0,0,1,1,0,0,1,0,0,0,0,1,0,1,1,1,1
1385,0,0,0,1,1,0,0,1,0,1,0,0,1,0,0,1,1,1
1386,0,0,0,1,1,0,0,1,0,1,0,0,1,0,1,1,1,0
1387,0,1,0,0,1,1,1,1,0,0,1,1,0,1,0,0,0,0
1388,0,1,0,0,1,1,1,1,0,0,0,1,0,1,0,0,0,1
1389,0,1,0,0,1,1,1,1,0,0,0,1,0,1,1,0,0,0
1390,0,1,0,0,1,1,1,1,0,1,0,1,0,1,0,0,0,0
1391,0,1,0,0,1,1,1,1,0,0,0,1,1,1,0,0,0,0
1392,0,1,0,0,1,1,1,1,0,0,0,1,0,1,0,0,1,0
1393,0,1,0,0,1,1,1,1,0,0,1,1,0,0,0,0,0,1
1394,0,1,0,0,1,1,1,1,0,0,1,1,0,0,1,0,0,0
1395,0,1,0,0,1,1,1,1,0,1,1,1,0,0,0,0,0,0
1396,0,1,0,0,1,1,1,1,0,0,1,1,1,0,0,0,0,0
1397,0,1,0,0,1,1,1,1,0,0,1,1,0,0,0,0,1,0
1398,0,1,0,0,1,1,1,1,0,0,0,1,0,0,1,0,0,1
1399,0,1,0,0,1,1,1,1,0,1,0,1,0,0,0,0,0,1
1400,0,1,0,0,1,1,1,1,0,0,0,1,1,0,0,0,0,1
1401,0,1,0,0,1,1,1,1,0,0,0,1,0,0,0,0,1,1
1402,0,1,0,0,1,1,1,1,0,1,0,1,0,0,1,0,0,0
1403,0,1,0,0,1,1,1,1,0,0,0,1,1,0,1,0,0,0
1404,0,1,0,0,1,1,1,1,0,0,0,1,0,0,1,0,1,0
1405,0,1,0,0,1,1,1,1,0,1,0,1,1,0,0,0,0,0
1406,0,1,0,0,1,1,1,1,0,1,0,1,0,0,0,0,1,0
1407,0,1,0,0,1,1,1,1,0,0,0,1,1,0,0,0,1,0
1408,0,1,0,0,1,1,1,1,0,0,1,0,0,1,0,0,0,1
1409,0,1,0,0,1,1,1,1,0,0,1,0,0,1,1,0,0,0
1410,0,1,0,0,1,1,1,1,0,1,1,0,0,1,0,0,0,0
1411,0,1,0,0,1,1,1,1,0,0,1,0,1,1,0,0,0,0
1412,0,1,0,0,1,1,1,1,0,0,1,0,0,1,0,0,1,0
1413,0,1,0,0,1,1,1,1,0,0,0,0,0,1,1,0,0,1
1414,0,1,0,0,1,1,1,1,0,1,0,0,0,1,0,0,0,1
1415,0,1,0,0,1,1,1,1,0,0,0,0,1,1,0,0,0,1
1416,0,1,0,0,1,1,1,1,0,0,0,0,0,1,0,0,1,1
1417,0,1,0,0,1,1,1,1,0,1,0,0,0,1,1,0,0,0
1418,0,1,0,0,1,1,1,1,0,0,0,0,1,1,1,0,0,0
1419,0,1,0,0,1,1,1,1,0,0,0,0,0,1,1,0,1,0
1420,0,1,0,0,1,1,1,1,0,1,0,0,1,1,0,0,0,0
1421,0,1,0,0,1,1,1,1,0,1,0,0,0,1,0,0,1,0
1422,0,1,0,0,1,1,1,1,0,0,0,0,1,1,0,0,1,0
1423,0,1,0,0,1,1,1,1,0,0,1,0,0,0,1,0,0,1
1424,0,1,0,0,1,1,1,1,0,1,1,0,0,0,0,0,0,1
1425,0,1,0,0,1,1,1,1,0,0,1,0,1,0,0,0,0,1
1426,0,1,0,0,1,1,1,1,0,0,1,0,0,0,0,0,1,1
1427,0,1,0,0,1,1,1,1,0,1,1,0,0,0,1,0,0,0
1428,0,1,0,0,1,1,1,1,0,0,1,0,1,0,1,0,0,0
1429,0,1,0,0,1,1,1,1,0,0,1,0,0,0,1,0,1,0
1430,0,1,0,0,1,1,1,1,0,1,1,0,1,0,0,0,0,0
1431,0,1,0,0,1,1,1,1,0,1,1,0,0,0,0,0,1,0
1432,0,1,0,0,1,1,1,1,0,0,1,0,1,0,0,0,1,0
1433,0,1,0,0,1,1,1,1,0,1,0,0,0,0,1,0,0,1
1434,0,1,0,0,1,1,1,1,0,0,0,0,1,0,1,0,0,1
1435,0,1,0,0,1,1,1,1,0,0,0,0,0,0,1,0,1,1
1436,0,1,0,0,1,1,1,1,0,1,0,0,1,0,0,0,0,1
1437,0,1,0,0,1,1,1,1,0,1,0,0,0,0,0,0,1,1
1438,0,1,0,0,1,1,1,1,0,0,0,0,1,0,0,0,1,1
1439,0,1,0,0,1,1,1,1,0,1,0,0,1,0,1,0,0,0
1440,0,1,0,0,1,1,1,1,0,1,0,0,0,0,1,0,1,0
1441,0,1,0,0,1,1,1,1,0,0,0,0,1,0,1,0,1,0
1442,0,1,0,0,1,1,1,1,0,1,0,0,1,0,0,0,1,0
1443,0,1,0,0,1,1,0,1,0,0,1,1,0,1,0,0,0,1
1444,0,1,0,0,1,1,0,1,0,0,1,1,0,1,1,0,0,0
1445,0,1,0,0,1,1,0,1,0,1,1,1,0,1,0,0,0,0
1446,0,1,0,0,1,1,0,1,0,0,1,1,1,1,0,0,0,0
1447,0,1,0,0,1,1,0,1,0,0,1,1,0,1,0,0,1,0
1448,0,1,0,0,1,1,0,1,0,0,0,1,0,1,1,0,0,1
1449,0,1,0,0,1,1,0,1,0,1,0,1,0,1,0,0,0,1
1450,0,1,0,0,1,1,0,1,0,0,0,1,1,1,0,0,0,1
1451,0,1,0,0,1,1,0,1,0,0,0,1,0,1,0,0,1,1
1452,0,1,0,0,1,1,0,1,0,1,0,1,0,1,1,0,0,0
1453,0,1,0,0,1,1,0,1,0,0,0,1,1,1,1,0,0,0
1454,0,1,0,0,1,1,0,1,0,0,0,1,0,1,1,0,1,0
1455,0,1,0,0,1,1,0,1,0,1,0,1,1,1,0,0,0,0
1456,0,1,0,0,1,1,0,1,0,1,0,1,0,1,0,0,1,0
1457,0,1,0,0,1,1,0,1,0,0,0,1,1,1,0,0,1,0
1458,0,1,0,0,1,1,0,1,0,0,1,1,0,0,1,0,0,1
1459,0,1,0,0,1,1,0,1,0,1,1,1,0,0,0,0,0,1
1460,0,1,0,0,1,1,0,1,0,0,1,1,1,0,0,0,0,1
1461,0,1,0,0,1,1,0,1,0,0,1,1,0,0,0,0,1,1
1462,0,1,0,0,1,1,0,1,0,1,1,1,0,0,1,0,0,0
1463,0,1,0,0,1,1,0,1,0,0,1,1,1,0,1,0,0,0
1464,0,1,0,0,1,1,0,1,0,0,1,1,0,0,1,0,1,0
1465,0,1,0,0,1,1,0,1,0,1,1,1,1,0,0,0,0,0
1466,0,1,0,0,1,1,0,1,0,1,1,1,0,0,0,0,1,0
1467,0,1,0,0,1,1,0,1,0,0,1,1,1,0,0,0,1,0
1468,0,1,0,0,1,1,0,1,0,1,0,1,0,0,1,0,0,1
1469,0,1,0,0,1,1,0,1,0,0,0,1,1,0,1,0,0,1
1470,0,1,0,0,1,1,0,1,0,0,0,1,0,0,1,0,1,1
1471,0,1,0,0,1,1,0,1,0,1,0,1,1,0,0,0,0,1
1472,0,1,0,0,1,1,0,1,0,1,0,1,0,0,0,0,1,1
1473,0,1,0,0,1,1,0,1,0,0,0,1,1,0,0,0,1,1
1474,0,1,0,0,1,1,0,1,0,1,0,1,1,0,1,0,0,0
1475,0,1,0,0,1,1,0,1,0,1,0,1,0,0,1,0,1,0
1476,0,1,0,0,1,1,0,1,0,0,0,1,1,0,1,0,1,0
1477,0,1,0,0,1,1,0,1,0,1,0,1,1,0,0,0,1,0
1478,0,1,0,0,1,1,0,1,0,0,1,0,0,1,1,0,0,1
1479,0,1,0,0,1,1,0,1,0,1,1,0,0,1,0,0,0,1
1480,0,1,0,0,1,1,0,1,0,0,1,0,1,1,0,0,0,1
1481,0,1,0,0,1,1,0,1,0,0,1,0,0,1,0,0,1,1
1482,0,1,0,0,1,1,0,1,0,1,1,0,0,1,1,0,0,0
1483,0,1,0,0,1,1,0,1,0,0,1,0,1,1,1,0,0,0
1484,0,1,0,0,1,1,0,1,0,0,1,0,0,1,1,0,1,0
1485,0,1,0,0,1,1,0,1,0,1,1,0,1,1,0,0,0,0
1486,0,1,0,0,1,1,0,1,0,1,1,0,0,1,0,0,1,0
1487,0,1,0,0,1,1,0,1,0,0,1,0,1,1,0,0,1,0
1488,0,1,0,0,1,1,0,1,0,1,0,0,0,1,1,0,0,1
1489,0,1,0,0,1,1,0,1,0,0,0,0,1,1,1,0,0,1
1490,0,1,0,0,1,1,0,1,0,0,0,0,0,1,1,0,1,1
1491,0,1,0,0,1,1,0,1,0,1,0,0,1,1,0,0,0,1
1492,0,1,0,0,1,1,0,1,0,1,0,0,0,1,0,0,1,1
1493,0,1,0,0,1,1,0,1,0,0,0,0,1,1,0,0,1,1
1494,0,1,0,0,1,1,0,1,0,1,0,0,1,1,1,0,0,0
1495,0,1,0,0,1,1,0,1,0,1,0,0,0,1,1,0,1,0
1496,0,1,0,0,1,1,0,1,0,0,0,0,1,1,1,0,1,0
1497,0,1,0,0,1,1,0,1,0,1,0,0,1,1,0,0,1,0
1498,0,1,0,0,1,1,0,1,0,1,1,0,0,0,1,0,0,1
1499,0,1,0,0,1,1,0,1,0,0,1,0,1,0,1,0,0,1
1500,0,1,0,0,1,1,0,1,0,0,1,0,0,0,1,0,1,1
1501,0,1,0,0,1,1,0,1,0,1,1,0,1,0,0,0,0,1
1502,0,1,0,0,1,1,0,1,0,1,1,0,0,0,0,0,1,1
1503,0,1,0,0,1,1,0,1,0,0,1,0,1,0,0,0,1,1
1504,0,1,0,0,1,1,0,1,0,1,1,0,1,0,1,0,0,0
1505,0,1,0,0,1,1,0,1,0,1,1,0,0,0,1,0,1,0
1506,0,1,0,0,1,1,0,1,0,0,1,0,1,0,1,0,1,0
1507,0,1,0,0,1,1,0,1,0,1,1,0,1,0,0,0,1,0
1508,0,1,0,0,1,1,0,1,0,1,0,0,1,0,1,0,0,1
1509,0,1,0,0,1,1,0,1,0,1,0,0,0,0,1,0,1,1
1510,0,1,0,0,1,1,0,1,0,0,0,0,1,0,1,0,1,1
1511,0,1,0,0,1,1,0,1,0,1,0,0,1,0,0,0,1,1
1512,0,1,0,0,1,1,0,1,0,1,0,0,1,0,1,0,1,0
1513,1,1,0,0,1,0,1,1,0,0,1,1,0,1,0,0,0,0
1514,1,1,0,0,1,0,1,1,0,0,0,1,0,1,0,0,0,1
1515,1,1,0,0,1,0,1,1,0,0,0,1,0,1,1,0,0,0
1516,1,1,0,0,1,0,1,1,0,1,0,1,0,1,0,0,0,0
1517,1,1,0,0,1,0,1,1,0,0,0,1,1,1,0,0,0,0
1518,1,1,0,0,1,0,1,1,0,0,0,1,0,1,0,0,1,0
1519,1,1,0,0,1,0,1,1,0,0,1,1,0,0,0,0,0,1
1520,1,1,0,0,1,0,1,1,0,0,1,1,0,0,1,0,0,0
1521,1,1,0,0,1,0,1,1,0,1,1,1,0,0,0,0,0,0
1522,1,1,0,0,1,0,1,1,0,0,1,1,1,0,0,0,0,0
1523,1,1,0,0,1,0,1,1,0,0,1,1,0,0,0,0,1,0
1524,1,1,0,0,1,0,1,1,0,0,0,1,0,0,1,0,0,1
1525,1,1,0,0,1,0,1,1,0,1,0,1,0,0,0,0,0,1
1526,1,1,0,0,1,0,1,1,0,0,0,1,1,0,0,0,0,1
1527,1,1,0,0,1,0,1,1,0,0,0,1,0,0,0,0,1,1
1528,1,1,0,0,1,0,1,1,0,1,0,1,0,0,1,0,0,0
1529,1,1,0,0,1,0,1,1,0,0,0,1,1,0,1,0,0,0
1530,1,1,0,0,1,0,1,1,0,0,0,1,0,0,1,0,1,0
1531,1,1,0,0,1,0,1,1,0,1,0,1,1,0,0,0,0,0
1532,1,1,0,0,1,0,1,1,0,1,0,1,0,0,0,0,1,0
1533,1,1,0,0,1,0,1,1,0,0,0,1,1,0,0,0,1,0
1534,1,1,0,0,1,0,1,1,0,0,1,0,0,1,0,0,0,1
1535,1,1,0,0,1,0,1,1,0,0,1,0,0,1,1,0,0,0
1536,1,1,0,0,1,0,1,1,0,1,1,0,0,1,0,0,0,0
1537,1,1,0,0,1,0,1,1,0,0,1,0,1,1,0,0,0,0
1538,1,1,0,0,1,0,1,1,0,0,1,0,0,1,0,0,1,0
1539,1,1,0,0,1,0,1,1,0,0,0,0,0,1,1,0,0,1
1540,1,1,0,0,1,0,1,1,0,1,0,0,0,1,0,0,0,1
1541,1,1,0,0,1,0,1,1,0,0,0,0,1,1,0,0,0,1
1542,1,1,0,0,1,0,1,1,0,0,0,0,0,1,0,0,1,1
1543,1,1,0,0,1,0,1,1,0,1,0,0,0,1,1,0,0,0
1544,1,1,0,0,1,0,1,1,0,0,0,0,1,1,1,0,0,0
1545,1,1,0,0,1,0,1,1,0,0,0,0,0,1,1,0,1,0
1546,1,1,0,0,1,0,1,1,0,1,0,0,1,1,0,0,0,0
1547,1,1,0,0,1,0,1,1,0,1,0,0,0,1,0,0,1,0
1548,1,1,0,0,1,0,1,1,0,0,0,0,1,1,0,0,1,0
1549,1,1,0,0,1,0,1,1,0,0,1,0,0,0,1,0,0,1
1550,1,1,0,0,1,0,1,1,0,1,1,0,0,0,0,0,0,1
1551,1,1,0,0,1,0,1,1,0,0,1,0,1,0,0,0,0,1
1552,1,1,0,0,1,0,1,1,0,0,1,0,0,0,0,0,1,1
1553,1,1,0,0,1,0,1,1,0,1,1,0,0,0,1,0,0,0
1554,1,1,0,0,1,0,1,1,0,0,1,0,1,0,1,0,0,0
1555,1,1,0,0,1,0,1,1,0,0,1,0,0,0,1,0,1,0
1556,1,1,0,0,1,0,1,1,0,1,1,0,1,0,0,0,0,0
1557,1,1,0,0,1,0,1,1,0,1,1,0,0,0,0,0,1,0
1558,1,1,0,0,1,0,1,1,0,0,1,0,1,0,0,0,1,0
1559,1,1,0,0,1,0,1,1,0,1,0,0,0,0,1,0,0,1
1560,1,1,0,0,1,0,1,1,0,0,0,0,1,0,1,0,0,1
1561,1,1,0,0,1,0,1,1,0,0,0,0,0,0,1,0,1,1
1562,1,1,0,0,1,0,1,1,0,1,0,0,1,0,0,0,0,1
1563,1,1,0,0,1,0,1,1,0,1,0,0,0,0,0,0,1,1
1564,1,1,0,0,1,0,1,1,0,0,0,0,1,0,0,0,1,1
1565,1,1,0,0,1,0,1,1,0,1,0,0,1,0,1,0,0,0
1566,1,1,0,0,1,0,1,1,0,1,0,0,0,0,1,0,1,0
1567,1,1,0,0,1,0,1,1,0,0,0,0,1,0,1,0,1,0
1568,1,1,0,0,1,0,1,1,0,1,0,0,1,0,0,0,1,0
1569,1,1,0,0,1,0,0,1,0,0,1,1,0,1,0,0,0,1
1570,1,1,0,0,1,0,0,1,0,0,1,1,0,1,1,0,0,0
1571,1,1,0,0,1,0,0,1,0,1,1,1,0,1,0,0,0,0
1572,1,1,0,0,1,0,0,1,0,0,1,1,1,1,0,0,0,0
1573,1,1,0,0,1,0,0,1,0,0,1,1,0,1,0,0,1,0
1574,1,1,0,0,1,0,0,1,0,0,0,1,0,1,1,0,0,1
1575,1,1,0,0,1,0,0,1,0,1,0,1,0,1,0,0,0,1
1576,1,1,0,0,1,0,0,1,0,0,0,1,1,1,0,0,0,1
1577,1,1,0,0,1,0,0,1,0,0,0,1,0,1,0,0,1,1
1578,1,1,0,0,1,0,0,1,0,1,0,1,0,1,1,0,0,0
1579,1,1,0,0,1,0,0,1,0,0,0,1,1,1,1,0,0,0
1580,1,1,0,0,1,0,0,1,0,0,0,1,0,1,1,0,1,0
1581,1,1,0,0,1,0,0,1,0,1,0,1,1,1,0,0,0,0
1582,1,1,0,0,1,0,0,1,0,1,0,1,0,1,0,0,1,0
1583,1,1,0,0,1,0,0,1,0,0,0,1,1,1,0,0,1,0
1584,1,1,0,0,1,0,0,1,0,0,1,1,0,0,1,0,0,1
1585,1,1,0,0,1,0,0,1,0,1,1,1,0,0,0,0,0,1
1586,1,1,0,0,1,0,0,1,0,0,1,1,1,0,0,0,0,1
1587,1,1,0,0,1,0,0,1,0,0,1,1,0,0,0,0,1,1
1588,1,1,0,0,1,0,0,1,0,1,1,1,0,0,1,0,0,0
1589,1,1,0,0,1,0,0,1,0,0,1,1,1,0,1,0,0,0
1590,1,1,0,0,1,0,0,1,0,0,1,1,0,0,1,0,1,0
1591,1,1,0,0,1,0,0,1,0,1,1,1,1,0,0,0,0,0
1592,1,1,0,0,1,0,0,1,0,1,1,1,0,0,0,0,1,0
1593,1,1,0,0,1,0,0,1,0,0,1,1,1,0,0,0,1,0
1594,1,1,0,0,1,0,0,1,0,1,0,1,0,0,1,0,0,1
1595,1,1,0,0,1,0,0,1,0,0,0,1,1,0,1,0,0,1
1596,1,1,0,0,1,0,0,1,0,0,0,1,0,0,1,0,1,1
1597,1,1,0,0,1,0,0,1,0,1,0,1,1,0,0,0,0,1
1598,1,1,0,0,1,0,0,1,0,1,0,1,0,0,0,0,1,1
1599,1,1,0,0,1,0,0,1,0,0,0,1,1,0,0,0,1,1
1600,1,1,0,0,1,0,0,1,0,1,0,1,1,0,1,0,0,0
1601,1,1,0,0,1,0,0,1,0,1,0,1,0,0,1,0,1,0
1602,1,1,0,0,1,0,0,1,0,0,0,1,1,0,1,0,1,0
1603,1,1,0,0,1,0,0,1,0,1,0,1,1,0,0,0,1,0
1604,1,1,0,0,1,0,0,1,0,0,1,0,0,1,1,0,0,1
1605,1,1,0,0,1,0,0,1,0,1,1,0,0,1,0,0,0,1
1606,1,1,0,0,1,0,0,1,0,0,1,0,1,1,0,0,0,1
1607,1,1,0,0,1,0,0,1,0,0,1,0,0,1,0,0,1,1
1608,1,1,0,0,1,0,0,1,0,1,1,0,0,1,1,0,0,0
1609,1,1,0,0,1,0,0,1,0,0,1,0,1,1,1,0,0,0
1610,1,1,0,0,1,0,0,1,0,0,1,0,0,1,1,0,1,0
1611,1,1,0,0,1,0,0,1,0,1,1,0,1,1,0,0,0,0
1612,1,1,0,0,1,0,0,1,0,1,1,0,0,1,0,0,1,0
1613,1,1,0,0,1,0,0,1,0,0,1,0,1,1,0,0,1,0
1614,1,1,0,0,1,0,0,1,0,1,0,0,0,1,1,0,0,1
1615,1,1,0,0,1,0,0,1,0,0,0,0,1,1,1,0,0,1
1616,1,1,0,0,1,0,0,1,0,0,0,0,0,1,1,0,1,1
1617,1,1,0,0,1,0,0,1,0,1,0,0,1,1,0,0,0,1
1618,1,1,0,0,1,0,0,1,0,1,0,0,0,1,0,0,1,1
1619,1,1,0,0,1,0,0,1,0,0,0,0,1,1,0,0,1,1
1620,1,1,0,0,1,0,0,1,0,1,0,0,1,1,1,0,0,0
1621,1,1,0,0,1,0,0,1,0,1,0,0,0,1,1,0,1,0
1622,1,1,0,0,1,0,0,1,0,0,0,0,1,1,1,0,1,0
1623,1,1,0,0,1,0,0,1,0,1,0,0,1,1,0,0,1,0
1624,1,1,0,0,1,0,0,1,0,1,1,0,0,0,1,0,0,1
1625,1,1,0,0,1,0,0,1,0,0,1,0,1,0,1,0,0,1
1626,1,1,0,0,1,0,0,1,0,0,1,0,0,0,1,0,1,1
1627,1,1,0,0,1,0,0,1,0,1,1,0,1,0,0,0,0,1
1628,1,1,0,0,1,0,0,1,0,1,1,0,0,0,0,0,1,1
1629,1,1,0,0,1,0,0,1,0,0,1,0,1,0,0,0,1,1
1630,1,1,0,0,1,0,0,1,0,1,1,0,1,0,1,0,0,0
1631,1,1,0,0,1,0,0,1,0,1,1,0,0,0,1,0,1,0
1632,1,1,0,0,1,0,0,1,0,0,1,0,1,0,1,0,1,0
1633,1,1,0,0,1,0,0,1,0,1,1,0,1,0,0,0,1,0
1634,1,1,0,0,1,0,0,1,0,1,0,0,1,0,1,0,0,1
1635,1,1,0,0,1,0,0,1,0,1,0,0,0,0,1,0,1,1
1636,1,1,0,0,1,0,0,1,0,0,0,0,1,0,1,0,1,1
1637,1,1,0,0,1,0,0,1,0,1,0,0,1,0,0,0,1,1
1638,1,1,0,0,1,0,0,1,0,1,0,0,1,0,1,0,1,0
1639,0,1,1,0,1,0,1,1,0,0,1,1,0,1,0,0,0,0
1640,0,1,1,0,1,0,1,1,0,0,0,1,0,1,0,0,0,1
1641,0,1,1,0,1,0,1,1,0,0,0,1,0,1,1,0,0,0
1642,0,1,1,0,1,0,1,1,0,1,0,1,0,1,0,0,0,0
1643,0,1,1,0,1,0,1,1,0,0,0,1,1,1,0,0,0,0
1644,0,1,1,0,1,0,1,1,0,0,0,1,0,1,0,0,1,0
1645,0,1,1,0,1,0,1,1,0,0,1,1,0,0,0,0,0,1
1646,0,1,1,0,1,0,1,1,0,0,1,1,0,0,1,0,0,0
1647,0,1,1,0,1,0,1,1,0,1,1,1,0,0,0,0,0,0
1648,0,1,1,0,1,0,1,1,0,0,1,1,1,0,0,0,0,0
1649,0,1,1,0,1,0,1,1,0,0,1,1,0,0,0,0,1,0
1650,0,1,1,0,1,0,1,1,0,0,0,1,0,0,1,0,0,1
1651,0,1,1,0,1,0,1,1,0,1,0,1,0,0,0,0,0,1
1652,0,1,1,0,1,0,1,1,0,0,0,1,1,0,0,0,0,1
1653,0,1,1,0,1,0,1,1,0,0,0,1,0,0,0,0,1,1
1654,0,1,1,0,1,0,1,1,0,1,0,1,0,0,1,0,0,0
1655,0,1,1,0,1,0,1,1,0,0,0,1,1,0,1,0,0,0
1656,0,1,1,0,1,0,1,1,0,0,0,1,0,0,1,0,1,0
1657,0,1,1,0,1,0,1,1,0,1,0,1,1,0,0,0,0,0
1658,0,1,1,0,1,0,1,1,0,1,0,1,0,0,0,0,1,0
1659,0,1,1,0,1,0,1,1,0,0,0,1,1,0,0,0,1,0
1660,0,1,1,0,1,0,1,1,0,0,1,0,0,1,0,0,0,1
1661,0,1,1,0,1,0,1,1,0,0,1,0,0,1,1,0,0,0
1662,0,1,1,0,1,0,1,1,0,1,1,0,0,1,0,0,0,0
1663,0,1,1,0,1,0,1,1,0,0,1,0,1,1,0,0,0,0
1664,0,1,1,0,1,0,1,1,0,0,1,0,0,1,0,0,1,0
1665,0,1,1,0,1,0,1,1,0,0,0,0,0,1,1,0,0,1
1666,0,1,1,0,1,0,1,1,0,1,0,0,0,1,0,0,0,1
1667,0,1,1,0,1,0,1,1,0,0,0,0,1,1,0,0,0,1
1668,0,1,1,0,1,0,1,1,0,0,0,0,0,1,0,0,1,1
1669,0,1,1,0,1,0,1,1,0,1,0,0,0,1,1,0,0,0
1670,0,1,1,0,1,0,1,1,0,0,0,0,1,1,1,0,0,0
1671,0,1,1,0,1,0,1,1,0,0,0,0,0,1,1,0,1,0
1672,0,1,1,0,1,0,1,1,0,1,0,0,1,1,0,0,0,0
1673,0,1,1,0,1,0,1,1,0,1,0,0,0,1,0,0,1,0
1674,0,1,1,0,1,0,1,1,0,0,0,0,1,1,0,0,1,0
1675,0,1,1,0,1,0,1,1,0,0,1,0,0,0,1,0,0,1
1676,0,1,1,0,1,0,1,1,0,1,1,0,0,0,0,0,0,1
1677,0,1,1,0,1,0,1,1,0,0,1,0,1,0,0,0,0,1
1678,0,1,1,0,1,0,1,1,0,0,1,0,0,0,0,0,1,1
1679,0,1,1,0,1,0,1,1,0,1,1,0,0,0,1,0,0,0
1680,0,1,1,0,1,0,1,1,0,0,1,0,1,0,1,0,0,0
1681,0,1,1,0,1,0,1,1,0,0,1,0,0,0,1,0,1,0
1682,0,1,1,0,1,0,1,1,0,1,1,0,1,0,0,0,0,0
1683,0,1,1,0,1,0,1,1,0,1,1,0,0,0,0,0,1,0
1684,0,1,1,0,1,0,1,1,0,0,1,0,1,0,0,0,1,0
1685,0,1,1,0,1,0,1,1,0,1,0,0,0,0,1,0,0,1
1686,0,1,1,0,1,0,1,1,0,0,0,0,1,0,1,0,0,1
1687,0,1,1,0,1,0,1,1,0,0,0,0,0,0,1,0,1,1
1688,0,1,1,0,1,0,1,1,0,1,0,0,1,0,0,0,0,1
1689,0,1,1,0,1,0,1,1,0,1,0,0,0,0,0,0,1,1
1690,0,1,1,0,1,0,1,1,0,0,0,0,1,0,0,0,1,1
1691,0,1,1,0,1,0,1,1,0,1,0,0,1,0,1,0,0,0
1692,0,1,1,0,1,0,1,1,0,1,0,0,0,0,1,0,1,0
1693,0,1,1,0,1,0,1,1,0,0,0,0,1,0,1,0,1,0
1694,0,1,1,0,1,0,1,1,0,1,0,0,1,0,0,0,1,0
1695,0,1,1,0,1,0,0,1,0,0,1,1,0,1,0,0,0,1
1696,0,1,1,0,1,0,0,1,0,0,1,1,0,1,1,0,0,0
1697,0,1,1,0,1,0,0,1,0,1,1,1,0,1,0,0,0,0
1698,0,1,1,0,1,0,0,1,0,0,1,1,1,1,0,0,0,0
1699,0,1,1,0,1,0,0,1,0,0,1,1,0,1,0,0,1,0
1700,0,1,1,0,1,0,0,1,0,0,0,1,0,1,1,0,0,1
1701,0,1,1,0,1,0,0,1,0,1,0,1,0,1,0,0,0,1
1702,0,1,1,0,1,0,0,1,0,0,0,1,1,1,0,0,0,1
1703,0,1,1,0,1,0,0,1,0,0,0,1,0,1,0,0,1,1
1704,0,1,1,0,1,0,0,1,0,1,0,1,0,1,1,0,0,0
1705,0,1,1,0,1,0,0,1,0,0,0,1,1,1,1,0,0,0
1706,0,1,1,0,1,0,0,1,0,0,0,1,0,1,1,0,1,0
1707,0,1,1,0,1,0,0,1,0,1,0,1,1,1,0,0,0,0
1708,0,1,1,0,1,0,0,1,0,1,0,1,0,1,0,0,1,0
1709,0,1,1,0,1,0,0,1,0,0,0,1,1,1,0,0,1,0
1710,0,1,1,0,1,0,0,1,0,0,1,1,0,0,1,0,0,1
1711,0,1,1,0,1,0,0,1,0,1,1,1,0,0,0,0,0,1
1712,0,1,1,0,1,0,0,1,0,0,1,1,1,0,0,0,0,1
1713,0,1,1,0,1,0,0,1,0,0,1,1,0,0,0,0,1,1
1714,0,1,1,0,1,0,0,1,0,1,1,1,0,0,1,0,0,0
1715,0,1,1,0,1,0,0,1,0,0,1,1,1,0,1,0,0,0
1716,0,1,1,0,1,0,0,1,0,0,1,1,0,0,1,0,1,0
1717,0,1,1,0,1,0,0,1,0,1,1,1,1,0,0,0,0,0
1718,0,1,1,0,1,0,0,1,0,1,1,1,0,0,0,0,1,0
1719,0,1,1,0,1,0,0,1,0,0,1,1,1,0,0,0,1,0
1720,0,1,1,0,1,0,0,1,0,1,0,1,0,0,1,0,0,1
1721,0,1,1,0,1,0,0,1,0,0,0,1,1,0,1,0,0,1
1722,0,1,1,0,1,0,0,1,0,0,0,1,0,0,1,0,1,1
1723,0,1,1,0,1,0,0,1,0,1,0,1,1,0,0,0,0,1
1724,0,1,1,0,1,0,0,1,0,1,0,1,0,0,0,0,1,1
1725,0,1,1,0,1,0,0,1,0,0,0,1,1,0,0,0,1,1
1726,0,1,1,0,1,0,0,1,0,1,0,1,1,0,1,0,0,0
1727,0,1,1,0,1,0,0,1,0,1,0,1,0,0,1,0,1,0
1728,0,1,1,0,1,0,0,1,0,0,0,1,1,0,1,0,1,0
1729,0,1,1,0,1,0,0,1,0,1,0,1,1,0,0,0,1,0
1730,0,1,1,0,1,0,0,1,0,0,1,0,0,1,1,0,0,1
1731,0,1,1,0,1,0,0,1,0,1,1,0,0,1,0,0,0,1
1732,0,1,1,0,1,0,0,1,0,0,1,0,1,1,0,0,0,1
1733,0,1,1,0,1,0,0,1,0,0,1,0,0,1,0,0,1,1
1734,0,1,1,0,1,0,0,1,0,1,1,0,0,1,1,0,0,0
1735,0,1,1,0,1,0,0,1,0,0,1,0,1,1,1,0,0,0
1736,0,1,1,0,1,0,0,1,0,0,1,0,0,1,1,0,1,0
1737,0,1,1,0,1,0,0,1,0,1,1,0,1,1,0,0,0,0
1738,0,1,1,0,1,0,0,1,0,1,1,0,0,1,0,0,1,0
1739,0,1,1,0,1,0,0,1,0,0,1,0,1,1,0,0,1,0
1740,0,1,1,0,1,0,0,1,0,1,0,0,0,1,1,0,0,1
1741,0,1,1,0,1,0,0,1,0,0,0,0,1,1,1,0,0,1
1742,0,1,1,0,1,0,0,1,0,0,0,0,0,1,1,0,1,1
1743,0,1,1,0,1,0,0,1,0,1,0,0,1,1,0,0,0,1
1744,0,1,1,0,1,0,0,1,0,1,0,0,0,1,0,0,1,1
1745,0,1,1,0,1,0,0,1,0,0,0,0,1,1,0,0,1,1
1746,0,1,1,0,1,0,0,1,0,1,0,0,1,1,1,0,0,0
1747,0,1,1,0,1,0,0,1,0,1,0,0,0,1,1,0,1,0
1748,0,1,1,0,1,0,0,1,0,0,0,0,1,1,1,0,1,0
1749,0,1,1,0,1,0,0,1,0,1,0,0,1,1,0,0,1,0
1750,0,1,1,0,1,0,0,1,0,1,1,0,0,0,1,0,0,1
1751,0,1,1,0,1,0,0,1,0,0,1,0,1,0,1,0,0,1
1752,0,1,1,0,1,0,0,1,0,0,1,0,0,0,1,0,1,1
1753,0,1,1,0,1,0,0,1,0,1,1,0,1,0,0,0,0,1
1754,0,1,1,0,1,0,0,1,0,1,1,0,0,0,0,0,1,1
1755,0,1,1,0,1,0,0,1,0,0,1,0,1,0,0,0,1,1
1756,0,1,1,0,1,0,0,1,0,1,1,0,1,0,1,0,0,0
1757,0,1,1,0,1,0,0,1,0,1,1,0,0,0,1,0,1,0
1758,0,1,1,0,1,0,0,1,0,0,1,0,1,0,1,0,1,0
1759,0,1,1,0,1,0,0,1,0,1,1,0,1,0,0,0,1,0
1760,0,1,1,0,1,0,0,1,0,1,0,0,1,0,1,0,0,1
1761,0,1,1,0,1,0,0,1,0,1,0,0,0,0,1,0,1,1
1762,0,1,1,0,1,0,0,1,0,0,0,0,1,0,1,0,1,1
1763,0,1,1,0,1,0,0,1,0,1,0,0,1,0,0,0,1,1
1764,0,1,1,0,1,0,0,1,0,1,0,0,1,0,1,0,1,0
1765,0,1,0,1,1,0,1,1,0,0,1,1,0,1,0,0,0,0
1766,0,1,0,1,1,0,1,1,0,0,0,1,0,1,0,0,0,1
1767,0,1,0,1,1,0,1,1,0,0,0,1,0,1,1,0,0,0
1768,0,1,0,1,1,0,1,1,0,1,0,1,0,1,0,0,0,0
1769,0,1,0,1,1,0,1,1,0,0,0,1,1,1,0,0,0,0
1770,0,1,0,1,1,0,1,1,0,0,0,1,0,1,0,0,1,0
1771,0,1,0,1,1,0,1,1,0,0,1,1,0,0,0,0,0,1
1772,0,1,0,1,1,0,1,1,0,0,1,1,0,0,1,0,0,0
1773,0,1,0,1,1,0,1,1,0,1,1,1,0,0,0,0,0,0
1774,0,1,0,1,1,0,1,1,0,0,1,1,1,0,0,0,0,0
1775,0,1,0,1,1,0,1,1,0,0,1,1,0,0,0,0,1,0
1776,0,1,0,1,1,0,1,1,0,0,0,1,0,0,1,0,0,1
1777,0,1,0,1,1,0,1,1,0,1,0,1,0,0,0,0,0,1
1778,0,1,0,1,1,0,1,1,0,0,0,1,1,0,0,0,0,1
1779,0,1,0,1,1,0,1,1,0,0,0,1,0,0,0,0,1,1
1780,0,1,0,1,1,0,1,1,0,1,0,1,0,0,1,0,0,0
1781,0,1,0,1,1,0,1,1,0,0,0,1,1,0,1,0,0,0
1782,0,1,0,1,1,0,1,1,0,0,0,1,0,0,1,0,1,0
1783,0,1,0,1,1,0,1,1,0,1,0,1,1,0,0,0,0,0
1784,0,1,0,1,1,0,1,1,0,1,0,1,0,0,0,0,1,0
1785,0,1,0,1,1,0,1,1,0,0,0,1,1,0,0,0,1,0
1786,0,1,0,1,1,0,1,1,0,0,1,0,0,1,0,0,0,1
1787,0,1,0,1,1,0,1,1,0,0,1,0,0,1,1,0,0,0
1788,0,1,0,1,1,0,1,1,0,1,1,0,0,1,0,0,0,0
1789,0,1,0,1,1,0,1,1,0,0,1,0,1,1,0,0,0,0
1790,0,1,0,1,1,0,1,1,0,0,1,0,0,1,0,0,1,0
1791,0,1,0,1,1,0,1,1,0,0,0,0,0,1,1,0,0,1
1792,0,1,0,1,1,0,1,1,0,1,0,0,0,1,0,0,0,1
1793,0,1,0,1,1,0,1,1,0,0,0,0,1,1,0,0,0,1
1794,0,1,0,1,1,0,1,1,0,0,0,0,0,1,0,0,1,1
1795,0,1,0,1,1,0,1,1,0,1,0,0,0,1,1,0,0,0
1796,0,1,0,1,1,0,1,1,0,0,0,0,1,1,1,0,0,0
1797,0,1,0,1,1,0,1,1,0,0,0,0,0,1,1,0,1,0
1798,0,1,0,1,1,0,1,1,0,1,0,0,1,1,0,0,0,0
1799,0,1,0,1,1,0,1,1,0,1,0,0,0,1,0,0,1,0
1800,0,1,0,1,1,0,1,1,0,0,0,0,1,1,0,0,1,0
1801,0,1,0,1,1,0,1,1,0,0,1,0,0,0,1,0,0,1
1802,0,1,0,1,1,0,1,1,0,1,1,0,0,0,0,0,0,1
1803,0,1,0,1,1,0,1,1,0,0,1,0,1,0,0,0,0,1
1804,0,1,0,1,1,0,1,1,0,0,1,0,0,0,0,0,1,1
1805,0,1,0,1,1,0,1,1,0,1,1,0,0,0,1,0,0,0
1806,0,1,0,1,1,0,1,1,0,0,1,0,1,0,1,0,0,0
1807,0,1,0,1,1,0,1,1,0,0,1,0,0,0,1,0,1,0
1808,0,1,0,1,1,0,1,1,0,1,1,0,1,0,0,0,0,0
1809,0,1,0,1,1,0,1,1,0,1,1,0,0,0,0,0,1,0
1810,0,1,0,1,1,0,1,1,0,0,1,0,1,0,0,0,1,0
1811,0,1,0,1,1,0,1,1,0,1,0,0,0,0,1,0,0,1
1812,0,1,0,1,1,0,1,1,0,0,0,0,1,0,1,0,0,1
1813,0,1,0,1,1,0,1,1,0,0,0,0,0,0,1,0,1,1
1814,0,1,0,1,1,0,1,1,0,1,0,0,1,0,0,0,0,1
1815,0,1,0,1,1,0,1,1,0,1,0,0,0,0,0,0,1,1
1816,0,1,0,1,1,0,1,1,0,0,0,0,1,0,0,0,1,1
1817,0,1,0,1,1,0,1,1,0,1,0,0,1,0,1,0,0,0
1818,0,1,0,1,1,0,1,1,0,1,0,0,0,0,1,0,1,0
1819,0,1,0,1,1,0,1,1,0,0,0,0,1,0,1,0,1,0
1820,0,1,0,1,1,0,1,1,0,1,0,0,1,0,0,0,1,0
1821,0,1,0,1,1,0,0,1,0,0,1,1,0,1,0,0,0,1
1822,0,1,0,1,1,0,0,1,0,0,1,1,0,1,1,0,0,0
1823,0,1,0,1,1,0,0,1,0,1,1,1,0,1,0,0,0,0
1824,0,1,0,1,1,0,0,1,0,0,1,1,1,1,0,0,0,0
1825,0,1,0,1,1,0,0,1,0,0,1,1,0,1,0,0,1,0
1826,0,1,0,1,1,0,0,1,0,0,0,1,0,1,1,0,0,1
1827,0,1,0,1,1,0,0,1,0,1,0,1,0,1,0,0,0,1
1828,0,1,0,1,1,0,0,1,0,0,0,1,1,1,0,0,0,1
1829,0,1,0,1,1,0,0,1,0,0,0,1,0,1,0,0,1,1
1830,0,1,0,1,1,0,0,1,0,1,0,1,0,1,1,0,0,0
1831,0,1,0,1,1,0,0,1,0,0,0,1,1,1,1,0,0,0
1832,0,1,0,1,1,0,0,1,0,0,0,1,0,1,1,0,1,0
1833,0,1,0,1,1,0,0,1,0,1,0,1,1,1,0,0,0,0
1834,0,1,0,1,1,0,0,1,0,1,0,1,0,1,0,0,1,0
1835,0,1,0,1,1,0,0,1,0,0,0,1,1,1,0,0,1,0
1836,0,1,0,1,1,0,0,1,0,0,1,1,0,0,1,0,0,1
1837,0,1,0,1,1,0,0,1,0,1,1,1,0,0,0,0,0,1
1838,0,1,0,1,1,0,0,1,0,0,1,1,1,0,0,0,0,1
1839,0,1,0,1,1,0,0,1,0,0,1,1,0,0,0,0,1,1
1840,0,1,0,1,1,0,0,1,0,1,1,1,0,0,1,0,0,0
1841,0,1,0,1,1,0,0,1,0,0,1,1,1,0,1,0,0,0
1842,0,1,0,1,1,0,0,1,0,0,1,1,0,0,1,0,1,0
1843,0,1,0,1,1,0,0,1,0,1,1,1,1,0,0,0,0,0
1844,0,1,0,1,1,0,0,1,0,1,1,1,0,0,0,0,1,0
1845,0,1,0,1,1,0,0,1,0,0,1,1,1,0,0,0,1,0
1846,0,1,0,1,1,0,0,1,0,1,0,1,0,0,1,0,0,1
1847,0,1,0,1,1,0,0,1,0,0,0,1,1,0,1,0,0,1
1848,0,1,0,1,1,0,0,1,0,0,0,1,0,0,1,0,1,1
1849,0,1,0,1,1,0,0,1,0,1,0,1,1,0,0,0,0,1
1850,0,1,0,1,1,0,0,1,0,1,0,1,0,0,0,0,1,1
1851,0,1,0,1,1,0,0,1,0,0,0,1,1,0,0,0,1,1
1852,0,1,0,1,1,0,0,1,0,1,0,1,1,0,1,0,0,0
1853,0,1,0,1,1,0,0,1,0,1,0,1,0,0,1,0,1,0
1854,0,1,0,1,1,0,0,1,0,0,0,1,1,0,1,0,1,0
1855,0,1,0,1,1,0,0,1,0,1,0,1,1,0,0,0,1,0
1856,0,1,0,1,1,0,0,1,0,0,1,0,0,1,1,0,0,1
1857,0,1,0,1,1,0,0,1,0,1,1,0,0,1,0,0,0,1
1858,0,1,0,1,1,0,0,1,0,0,1,0,1,1,0,0,0,1
1859,0,1,0,1,1,0,0,1,0,0,1,0,0,1,0,0,1,1
1860,0,1,0,1,1,0,0,1,0,1,1,0,0,1,1,0,0,0
1861,0,1,0,1,1,0,0,1,0,0,1,0,1,1,1,0,0,0
1862,0,1,0,1,1,0,0,1,0,0,1,0,0,1,1,0,1,0
1863,0,1,0,1,1,0,0,1,0,1,1,0,1,1,0,0,0,0
1864,0,1,0,1,1,0,0,1,0,1,1,0,0,1,0,0,1,0
1865,0,1,0,1,1,0,0,1,0,0,1,0,1,1,0,0,1,0
1866,0,1,0,1,1,0,0,1,0,1,0,0,0,1,1,0,0,1
1867,0,1,0,1,1,0,0,1,0,0,0,0,1,1,1,0,0,1
1868,0,1,0,1,1,0,0,1,0,0,0,0,0,1,1,0,1,1
1869,0,1,0,1,1,0,0,1,0,1,0,0,1,1,0,0,0,1
1870,0,1,0,1,1,0,0,1,0,1,0,0,0,1,0,0,1,1
1871,0,1,0,1,1,0,0,1,0,0,0,0,1,1,0,0,1,1
1872,0,1,0,1,1,0,0,1,0,1,0,0,1,1,1,0,0,0
1873,0,1,0,1,1,0,0,1,0,1,0,0,0,1,1,0,1,0
1874,0,1,0,1,1,0,0,1,0,0,0,0,1,1,1,0,1,0
1875,0,1,0,1,1,0,0,1,0,1,0,0,1,1,0,0,1,0
1876,0,1,0,1,1,0,0,1,0,1,1,0,0,0,1,0,0,1
1877,0,1,0,1,1,0,0,1,0,0,1,0,1,0,1,0,0,1
1878,0,1,0,1,1,0,0,1,0,0,1,0,0,0,1,0,1,1
1879,0,1,0,1,1,0,0,1,0,1,1,0,1,0,0,0,0,1
1880,0,1,0,1,1,0,0,1,0,1,1,0,0,0,0,0,1,1
1881,0,1,0,1,1,0,0,1,0,0,1,0,1,0,0,0,1,1
1882,0,1,0,1,1,0,0,1,0,1,1,0,1,0,1,0,0,0
1883,0,1,0,1,1,0,0,1,0,1,1,0,0,0,1,0,1,0
1884,0,1,0,1,1,0,0,1,0,0,1,0,1,0,1,0,1,0
1885,0,1,0,1,1,0,0,1,0,1,1,0,1,0,0,0,1,0
1886,0,1,0,1,1,0,0,1,0,1,0,0,1,0,1,0,0,1
1887,0,1,0,1,1,0,0,1,0,1,0,0,0,0,1,0,1,1
1888,0,1,0,1,1,0,0,1,0,0,0,0,1,0,1,0,1,1
1889,0,1,0,1,1,0,0,1,0,1,0,0,1,0,0,0,1,1
1890,0,1,0,1,1,0,0,1,0,1,0,0,1,0,1,0,1,0
1891,1,0,0,0,1,1,1,1,0,0,1,1,0,1,0,0,0,0
1892,1,0,0,0,1,1,1,1,0,0,0,1,0,1,0,0,0,1
1893,1,0,0,0,1,1,1,1,0,0,0,1,0,1,1,0,0,0
1894,1,0,0,0,1,1,1,1,0,1,0,1,0,1,0,0,0,0
1895,1,0,0,0,1,1,1,1,0,0,0,1,1,1,0,0,0,0
1896,1,0,0,0,1,1,1,1,0,0,0,1,0,1,0,0,1,0
1897,1,0,0,0,1,1,1,1,0,0,1,1,0,0,0,0,0,1
1898,1,0,0,0,1,1,1,1,0,0,1,1,0,0,1,0,0,0
1899,1,0,0,0,1,1,1,1,0,1,1,1,0,0,0,0,0,0
1900,1,0,0,0,1,1,1,1,0,0,1,1,1,0,0,0,0,0
1901,1,0,0,0,1,1,1,1,0,0,1,1,0,0,0,0,1,0
1902,1,0,0,0,1,1,1,1,0,0,0,1,0,0,1,0,0,1
1903,1,0,0,0,1,1,1,1,0,1,0,1,0,0,0,0,0,1
1904,1,0,0,0,1,1,1,1,0,0,0,1,1,0,0,0,0,1
1905,1,0,0,0,1,1,1,1,0,0,0,1,0,0,0,0,1,1
1906,1,0,0,0,1,1,1,1,0,1,0,1,0,0,1,0,0,0
1907,1,0,0,0,1,1,1,1,0,0,0,1,1,0,1,0,0,0
1908,1,0,0,0,1,1,1,1,0,0,0,1,0,0,1,0,1,0
1909,1,0,0,0,1,1,1,1,0,1,0,1,1,0,0,0,0,0
1910,1,0,0,0,1,1,1,1,0,1,0,1,0,0,0,0,1,0
1911,1,0,0,0,1,1,1,1,0,0,0,1,1,0,0,0,1,0
1912,1,0,0,0,1,1,1,1,0,0,1,0,0,1,0,0,0,1
1913,1,0,0,0,1,1,1,1,0,0,1,0,0,1,1,0,0,0
1914,1,0,0,0,1,1,1,1,0,1,1,0,0,1,0,0,0,0
1915,1,0,0,0,1,1,1,1,0,0,1,0,1,1,0,0,0,0
1916,1,0,0,0,1,1,1,1,0,0,1,0,0,1,0,0,1,0
1917,1,0,0,0,1,1,1,1,0,0,0,0,0,1,1,0,0,1
1918,1,0,0,0,1,1,1,1,0,1,0,0,0,1,0,0,0,1
1919,1,0,0,0,1,1,1,1,0,0,0,0,1,1,0,0,0,1
1920,1,0,0,0,1,1,1,1,0,0,0,0,0,1,0,0,1,1
1921,1,0,0,0,1,1,1,1,0,1,0,0,0,1,1,0,0,0
1922,1,0,0,0,1,1,1,1,0,0,0,0,1,1,1,0,0,0
1923,1,0,0,0,1,1,1,1,0,0,0,0,0,1,1,0,1,0
1924,1,0,0,0,1,1,1,1,0,1,0,0,1,1,0,0,0,0
1925,1,0,0,0,1,1,1,1,0,1,0,0,0,1,0,0,1,0
1926,1,0,0,0,1,1,1,1,0,0,0,0,1,1,0,0,1,0
1927,1,0,0,0,1,1,1,1,0,0,1,0,0,0,1,0,0,1
1928,1,0,0,0,1,1,1,1,0,1,1,0,0,0,0,0,0,1
1929,1,0,0,0,1,1,1,1,0,0,1,0,1,0,0,0,0,1
1930,1,0,0,0,1,1,1,1,0,0,1,0,0,0,0,0,1,1
1931,1,0,0,0,1,1,1,1,0,1,1,0,0,0,1,0,0,0
1932,1,0,0,0,1,1,1,1,0,0,1,0,1,0,1,0,0,0
1933,1,0,0,0,1,1,1,1,0,0,1,0,0,0,1,0,1,0
1934,1,0,0,0,1,1,1,1,0,1,1,0,1,0,0,0,0,0
1935,1,0,0,0,1,1,1,1,0,1,1,0,0,0,0,0,1,0
1936,1,0,0,0,1,1,1,1,0,0,1,0,1,0,0,0,1,0
1937,1,0,0,0,1,1,1,1,0,1,0,0,0,0,1,0,0,1
1938,1,0,0,0,1,1,1,1,0,0,0,0,1,0,1,0,0,1
1939,1,0,0,0,1,1,1,1,0,0,0,0,0,0,1,0,1,1
1940,1,0,0,0,1,1,1,1,0,1,0,0,1,0,0,0,0,1
1941,1,0,0,0,1,1,1,1,0,1,0,0,0,0,0,0,1,1
1942,1,0,0,0,1,1,1,1,0,0,0,0,1,0,0,0,1,1
1943,1,0,0,0,1,1,1,1,0,1,0,0,1,0,1,0,0,0
1944,1,0,0,0,1,1,1,1,0,1,0,0,0,0,1,0,1,0
1945,1,0,0,0,1,1,1,1,0,0,0,0,1,0,1,0,1,0
1946,1,0,0,0,1,1,1,1,0,1,0,0,1,0,0,0,1,0
1947,1,0,0,0,1,1,0,1,0,0,1,1,0,1,0,0,0,1
1948,1,0,0,0,1,1,0,1,0,0,1,1,0,1,1,0,0,0
1949,1,0,0,0,1,1,0,1,0,1,1,1,0,1,0,0,0,0
1950,1,0,0,0,1,1,0,1,0,0,1,1,1,1,0,0,0,0
1951,1,0,0,0,1,1,0,1,0,0,1,1,0,1,0,0,1,0
1952,1,0,0,0,1,1,0,1,0,0,0,1,0,1,1,0,0,1
1953,1,0,0,0,1,1,0,1,0,1,0,1,0,1,0,0,0,1
1954,1,0,0,0,1,1,0,1,0,0,0,1,1,1,0,0,0,1
1955,1,0,0,0,1,1,0,1,0,0,0,1,0,1,0,0,1,1
1956,1,0,0,0,1,1,0,1,0,1,0,1,0,1,1,0,0,0
1957,1,0,0,0,1,1,0,1,0,0,0,1,1,1,1,0,0,0
1958,1,0,0,0,1,1,0,1,0,0,0,1,0,1,1,0,1,0
1959,1,0,0,0,1,1,0,1,0,1,0,1,1,1,0,0,0,0
1960,1,0,0,0,1,1,0,1,0,1,0,1,0,1,0,0,1,0
1961,1,0,0,0,1,1,0,1,0,0,0,1,1,1,0,0,1,0
1962,1,0,0,0,1,1,0,1,0,0,1,1,0,0,1,0,0,1
1963,1,0,0,0,1,1,0,1,0,1,1,1,0,0,0,0,0,1
1964,1,0,0,0,1,1,0,1,0,0,1,1,1,0,0,0,0,1
1965,1,0,0,0,1,1,0,1,0,0,1,1,0,0,0,0,1,1
1966,1,0,0,0,1,1,0,1,0,1,1,1,0,0,1,0,0,0
1967,1,0,0,0,1,1,0,1,0,0,1,1,1,0,1,0,0,0
1968,1,0,0,0,1,1,0,1,0,0,1,1,0,0,1,0,1,0
1969,1,0,0,0,1,1,0,1,0,1,1,1,1,0,0,0,0,0
1970,1,0,0,0,1,1,0,1,0,1,1,1,0,0,0,0,1,0
1971,1,0,0,0,1,1,0,1,0,0,1,1,1,0,0,0,1,0
1972,1,0,0,0,1,1,0,1,0,1,0,1,0,0,1,0,0,1
1973,1,0,0,0,1,1,0,1,0,0,0,1,1,0,1,0,0,1
1974,1,0,0,0,1,1,0,1,0,0,0,1,0,0,1,0,1,1
1975,1,0,0,0,1,1,0,1,0,1,0,1,1,0,0,0,0,1
1976,1,0,0,0,1,1,0,1,0,1,0,1,0,0,0,0,1,1
1977,1,0,0,0,1,1,0,1,0,0,0,1,1,0,0,0,1,1
1978,1,0,0,0,1,1,0,1,0,1,0,1,1,0,1,0,0,0
1979,1,0,0,0,1,1,0,1,0,1,0,1,0,0,1,0,1,0
1980,1,0,0,0,1,1,0,1,0,0,0,1,1,0,1,0,1,0
1981,1,0,0,0,1,1,0,1,0,1,0,1,1,0,0,0,1,0
1982,1,0,0,0,1,1,0,1,0,0,1,0,0,1,1,0,0,1
1983,1,0,0,0,1,1,0,1,0,1,1,0,0,1,0,0,0,1
1984,1,0,0,0,1,1,0,1,0,0,1,0,1,1,0,0,0,1
1985,1,0,0,0,1,1,0,1,0,0,1,0,0,1,0,0,1,1
1986,1,0,0,0,1,1,0,1,0,1,1,0,0,1,1,0,0,0
1987,1,0,0,0,1,1,0,1,0,0,1,0,1,1,1,0,0,0
1988,1,0,0,0,1,1,0,1,0,0,1,0,0,1,1,0,1,0
1989,1,0,0,0,1,1,0,1,0,1,1,0,1,1,0,0,0,0
1990,1,0,0,0,1,1,0,1,0,1,1,0,0,1,0,0,1,0
1991,1,0,0,0,1,1,0,1,0,0,1,0,1,1,0,0,1,0
1992,1,0,0,0,1,1,0,1,0,1,0,0,0,1,1,0,0,1
1993,1,0,0,0,1,1,0,1,0,0,0,0,1,1,1,0,0,1
1994,1,0,0,0,1,1,0,1,0,0,0,0,0,1,1,0,1,1
1995,1,0,0,0,1,1,0,1,0,1,0,0,1,1,0,0,0,1
1996,1,0,0,0,1,1,0,1,0,1,0,0,0,1,0,0,1,1
1997,1,0,0,0,1,1,0,1,0,0,0,0,1,1,0,0,1,1
1998,1,0,0,0,1,1,0,1,0,1,0,0,1,1,1,0,0,0
1999,1,0,0,0,1,1,0,1,0,1,0,0,0,1,1,0,1,0
2000,1,0,0,0,1,1,0,1,0,0,0,0,1,1,1,0,1,0
2001,1,0,0,0,1,1,0,1,0,1,0,0,1,1,0,0,1,0
2002,1,0,0,0,1,1,0,1,0,1,1,0,0,0,1,0,0,1
2003,1,0,0,0,1,1,0,1,0,0,1,0,1,0,1,0,0,1
2004,1,0,0,0,1,1,0,1,0,0,1,0,0,0,1,0,1,1
2005,1,0,0,0,1,1,0,1,0,1,1,0,1,0,0,0,0,1
2006,1,0,0,0,1,1,0,1,0,1,1,0,0,0,0,0,1,1
2007,1,0,0,0,1,1,0,1,0,0,1,0,1,0,0,0,1,1
2008,1,0,0,0,1,1,0,1,0,1,1,0,1,0,1,0,0,0
2009,1,0,0,0,1,1,0,1,0,1,1,0,0,0,1,0,1,0
2010,1,0,0,0,1,1,0,1,0,0,1,0,1,0,1,0,1,0
2011,1,0,0,0,1,1,0,1,0,1,1,0,1,0,0,0,1,0
2012,1,0,0,0,1,1,0,1,0,1,0,0,1,0,1,0,0,1
2013,1,0,0,0,1,1,0,1,0,1,0,0,0,0,1,0,1,1
2014,1,0,0,0,1,1,0,1,0,0,0,0,1,0,1,0,1,1
2015,1,0,0,0,1,1,0,1,0,1,0,0,1,0,0,0,1,1
2016,1,0,0,0,1,1,0,1,0,1,0,0,1,0,1,0,1,0
2017,0,0,1,0,1,1,1,1,0,0,1,1,0,1,0,0,0,0
2018,0,0,1,0,1,1,1,1,0,0,0,1,0,1,0,0,0,1
2019,0,0,1,0,1,1,1,1,0,0,0,1,0,1,1,0,0,0
2020,0,0,1,0,1,1,1,1,0,1,0,1,0,1,0,0,0,0
2021,0,0,1,0,1,1,1,1,0,0,0,1,1,1,0,0,0,0
2022,0,0,1,0,1,1,1,1,0,0,0,1,0,1,0,0,1,0
2023,0,0,1,0,1,1,1,1,0,0,1,1,0,0,0,0,0,1
2024,0,0,1,0,1,1,1,1,0,0,1,1,0,0,1,0,0,0
2025,0,0,1,0,1,1,1,1,0,1,1,1,0,0,0,0,0,0
2026,0,0,1,0,1,1,1,1,0,0,1,1,1,0,0,0,0,0
2027,0,0,1,0,1,1,1,1,0,0,1,1,0,0,0,0,1,0
2028,0,0,1,0,1,1,1,1,0,0,0,1,0,0,1,0,0,1
2029,0,0,1,0,1,1,1,1,0,1,0,1,0,0,0,0,0,1
2030,0,0,1,0,1,1,1,1,0,0,0,1,1,0,0,0,0,1
2031,0,0,1,0,1,1,1,1,0,0,0,1,0,0,0,0,1,1
2032,0,0,1,0,1,1,1,1,0,1,0,1,0,0,1,0,0,0
2033,0,0,1,0,1,1,1,1,0,0,0,1,1,0,1,0,0,0
2034,0,0,1,0,1,1,1,1,0,0,0,1,0,0,1,0,1,0
2035,0,0,1,0,1,1,1,1,0,1,0,1,1,0,0,0,0,0
2036,0,0,1,0,1,1,1,1,0,1,0,1,0,0,0,0,1,0
2037,0,0,1,0,1,1,1,1,0,0,0,1,1,0,0,0,1,0
2038,0,0,1,0,1,1,1,1,0,0,1,0,0,1,0,0,0,1
2039,0,0,1,0,1,1,1,1,0,0,1,0,0,1,1,0,0,0
2040,0,0,1,0,1,1,1,1,0,1,1,0,0,1,0,0,0,0
2041,0,0,1,0,1,1,1,1,0,0,1,0,1,1,0,0,0,0
2042,0,0,1,0,1,1,1,1,0,0,1,0,0,1,0,0,1,0
2043,0,0,1,0,1,1,1,1,0,0,0,0,0,1,1,0,0,1
2044,0,0,1,0,1,1,1,1,0,1,0,0,0,1,0,0,0,1
2045,0,0,1,0,1,1,1,1,0,0,0,0,1,1,0,0,0,1
2046,0,0,1,0,1,1,1,1,0,0,0,0,0,1,0,0,1,1
2047,0,0,1,0,1,1,1,1,0,1,0,0,0,1,1,0,0,0
2048,0,0,1,0,1,1,1,1,0,0,0,0,1,1,1,0,0,0
2049,0,0,1,0,1,1,1,1,0,0,0,0,0,1,1,0,1,0
2050,0,0,1,0,1,1,1,1,0,1,0,0,1,1,0,0,0,0
2051,0,0,1,0,1,1,1,1,0,1,0,0,0,1,0,0,1,0
2052,0,0,1,0,1,1,1,1,0,0,0,0,1,1,0,0,1,0
2053,0,0,1,0,1,1,1,1,0,0,1,0,0,0,1,0,0,1
2054,0,0,1,0,1,1,1,1,0,1,1,0,0,0,0,0,0,1
2055,0,0,1,0,1,1,1,1,0,0,1,0,1,0,0,0,0,1
2056,0,0,1,0,1,1,1,1,0,0,1,0,0,0,0,0,1,1
2057,0,0,1,0,1,1,1,1,0,1,1,0,0,0,1,0,0,0
2058,0,0,1,0,1,1,1,1,0,0,1,0,1,0,1,0,0,0
2059,0,0,1,0,1,1,1,1,0,0,1,0,0,0,1,0,1,0
2060,0,0,1,0,1,1,1,1,0,1,1,0,1,0,0,0,0,0
2061,0,0,1,0,1,1,1,1,0,1,1,0,0,0,0,0,1,0
2062,0,0,1,0,1,1,1,1,0,0,1,0,1,0,0,0,1,0
2063,0,0,1,0,1,1,1,1,0,1,0,0,0,0,1,0,0,1
2064,0,0,1,0,1,1,1,1,0,0,0,0,1,0,1,0,0,1
2065,0,0,1,0,1,1,1,1,0,0,0,0,0,0,1,0,1,1
2066,0,0,1,0,1,1,1,1,0,1,0,0,1,0,0,0,0,1
2067,0,0,1,0,1,1,1,1,0,1,0,0,0,0,0,0,1,1
2068,0,0,1,0,1,1,1,1,0,0,0,0,1,0,0,0,1,1
2069,0,0,1,0,1,1,1,1,0,1,0,0,1,0,1,0,0,0
2070,0,0,1,0,1,1,1,1,0,1,0,0,0,0,1,0,1,0
2071,0,0,1,0,1,1,1,1,0,0,0,0,1,0,1,0,1,0
2072,0,0,1,0,1,1,1,1,0,1,0,0,1,0,0,0,1,0
2073,0,0,1,0,1,1,0,1,0,0,1,1,0,1,0,0,0,1
2074,0,0,1,0,1,1,0,1,0,0,1,1,0,1,1,0,0,0
2075,0,0,1,0,1,1,0,1,0,1,1,1,0,1,0,0,0,0
2076,0,0,1,0,1,1,0,1,0,0,1,1,1,1,0,0,0,0
2077,0,0,1,0,1,1,0,1,0,0,1,1,0,1,0,0,1,0
2078,0,0,1,0,1,1,0,1,0,0,0,1,0,1,1,0,0,1
2079,0,0,1,0,1,1,0,1,0,1,0,1,0,1,0,0,0,1
2080,0,0,1,0,1,1,0,1,0,0,0,1,1,1,0,0,0,1
2081,0,0,1,0,1,1,0,1,0,0,0,1,0,1,0,0,1,1
2082,0,0,1,0,1,1,0,1,0,1,0,1,0,1,1,0,0,0
2083,0,0,1,0,1,1,0,1,0,0,0,1,1,1,1,0,0,0
2084,0,0,1,0,1,1,0,1,0,0,0,1,0,1,1,0,1,0
2085,0,0,1,0,1,1,0,1,0,1,0,1,1,1,0,0,0,0
2086,0,0,1,0,1,1,0,1,0,1,0,1,0,1,0,0,1,0
2087,0,0,1,0,1,1,0,1,0,0,0,1,1,1,0,0,1,0
2088,0,0,1,0,1,1,0,1,0,0,1,1,0,0,1,0,0,1
2089,0,0,1,0,1,1,0,1,0,1,1,1,0,0,0,0,0,1
2090,0,0,1,0,1,1,0,1,0,0,1,1,1,0,0,0,0,1
2091,0,0,1,0,1,1,0,1,0,0,1,1,0,0,0,0,1,1
2092,0,0,1,0,1,1,0,1,0,1,1,1,0,0,1,0,0,0
2093,0,0,1,0,1,1,0,1,0,0,1,1,1,0,1,0,0,0
2094,0,0,1,0,1,1,0,1,0,0,1,1,0,0,1,0,1,0
2095,0,0,1,0,1,1,0,1,0,1,1,1,1,0,0,0,0,0
2096,0,0,1,0,1,1,0,1,0,1,1,1,0,0,0,0,1,0
2097,0,0,1,0,1,1,0,1,0,0,1,1,1,0,0,0,1,0
2098,0,0,1,0,1,1,0,1,0,1,0,1,0,0,1,0,0,1
2099,0,0,1,0,1,1,0,1,0,0,0,1,1,0,1,0,0,1
2100,0,0,1,0,1,1,0,1,0,0,0,1,0,0,1,0,1,1
2101,0,0,1,0,1,1,0,1,0,1,0,1,1,0,0,0,0,1
2102,0,0,1,0,1,1,0,1,0,1,0,1,0,0,0,0,1,1
2103,0,0,1,0,1,1,0,1,0,0,0,1,1,0,0,0,1,1
2104,0,0,1,0,1,1,0,1,0,1,0,1,1,0,1,0,0,0
2105,0,0,1,0,1,1,0,1,0,1,0,1,0,0,1,0,1,0
2106,0,0,1,0,1,1,0,1,0,0,0,1,1,0,1,0,1,0
2107,0,0,1,0,1,1,0,1,0,1,0,1,1,0,0,0,1,0
2108,0,0,1,0,1,1,0,1,0,0,1,0,0,1,1,0,0,1
2109,0,0,1,0,1,1,0,1,0,1,1,0,0,1,0,0,0,1
2110,0,0,1,0,1,1,0,1,0,0,1,0,1,1,0,0,0,1
2111,0,0,1,0,1,1,0,1,0,0,1,0,0,1,0,0,1,1
2112,0,0,1,0,1,1,0,1,0,1,1,0,0,1,1,0,0,0
2113,0,0,1,0,1,1,0,1,0,0,1,0,1,1,1,0,0,0
2114,0,0,1,0,1,1,0,1,0,0,1,0,0,1,1,0,1,0
2115,0,0,1,0,1,1,0,1,0,1,1,0,1,1,0,0,0,0
2116,0,0,1,0,1,1,0,1,0,1,1,0,0,1,0,0,1,0
2117,0,0,1,0,1,1,0,1,0,0,1,0,1,1,0,0,1,0
2118,0,0,1,0,1,1,0,1,0,1,0,0,0,1,1,0,0,1
2119,0,0,1,0,1,1,0,1,0,0,0,0,1,1,1,0,0,1
2120,0,0,1,0,1,1,0,1,0,0,0,0,0,1,1,0,1,1
2121,0,0,1,0,1,1,0,1,0,1,0,0,1,1,0,0,0,1
2122,0,0,1,0,1,1,0,1,0,1,0,0,0,1,0,0,1,1
2123,0,0,1,0,1,1,0,1,0,0,0,0,1,1,0,0,1,1
2124,0,0,1,0,1,1,0,1,0,1,0,0,1,1,1,0,0,0
2125,0,0,1,0,1,1,0,1,0,1,0,0,0,1,1,0,1,0
2126,0,0,1,0,1,1,0,1,0,0,0,0,1,1,1,0,1,0
2127,0,0,1,0,1,1,0,1,0,1,0,0,1,1,0,0,1,0
2128,0,0,1,0,1,1,0,1,0,1,1,0,0,0,1,0,0,1
2129,0,0,1,0,1,1,0,1,0,0,1,0,1,0,1,0,0,1
2130,0,0,1,0,1,1,0,1,0,0,1,0,0,0,1,0,1,1
2131,0,0,1,0,1,1,0,1,0,1,1,0,1,0,0,0,0,1
2132,0,0,1,0,1,1,0,1,0,1,1,0,0,0,0,0,1,1
2133,0,0,1,0,1,1,0,1,0,0,1,0,1,0,0,0,1,1
2134,0,0,1,0,1,1,0,1,0,1,1,0,1,0,1,0,0,0
2135,0,0,1,0,1,1,0,1,0,1,1,0,0,0,1,0,1,0
2136,0,0,1,0,1,1,0,1,0,0,1,0,1,0,1,0,1,0
2137,0,0,1,0,1,1,0,1,0,1,1,0,1,0,0,0,1,0
2138,0,0,1,0,1,1,0,1,0,1,0,0,1,0,1,0,0,1
2139,0,0,1,0,1,1,0,1,0,1,0,0,0,0,1,0,1,1
2140,0,0,1,0,1,1,0,1,0,0,0,0,1,0,1,0,1,1
2141,0,0,1,0,1,1,0,1,0,1,0,0,1,0,0,0,1,1
2142,0,0,1,0,1,1,0,1,0,1,0,0,1,0,1,0,1,0
2143,0,0,0,1,1,1,1,1,0,0,1,1,0,1,0,0,0,0
2144,0,0,0,1,1,1,1,1,0,0,0,1,0,1,0,0,0,1
2145,0,0,0,1,1,1,1,1,0,0,0,1,0,1,1,0,0,0
2146,0,0,0,1,1,1,1,1,0,1,0,1,0,1,0,0,0,0
2147,0,0,0,1,1,1,1,1,0,0,0,1,1,1,0,0,0,0
2148,0,0,0,1,1,1,1,1,0,0,0,1,0,1,0,0,1,0
2149,0,0,0,1,1,1,1,1,0,0,1,1,0,0,0,0,0,1
2150,0,0,0,1,1,1,1,1,0,0,1,1,0,0,1,0,0,0
2151,0,0,0,1,1,1,1,1,0,1,1,1,0,0,0,0,0,0
2152,0,0,0,1,1,1,1,1,0,0,1,1,1,0,0,0,0,0
2153,0,0,0,1,1,1,1,1,0,0,1,1,0,0,0,0,1,0
2154,0,0,0,1,1,1,1,1,0,0,0,1,0,0,1,0,0,1
2155,0,0,0,1,1,1,1,1,0,1,0,1,0,0,0,0,0,1
2156,0,0,0,1,1,1,1,1,0,0,0,1,1,0,0,0,0,1
2157,0,0,0,1,1,1,1,1,0,0,0,1,0,0,0,0,1,1
2158,0,0,0,1,1,1,1,1,0,1,0,1,0,0,1,0,0,0
2159,0,0,0,1,1,1,1,1,0,0,0,1,1,0,1,0,0,0
2160,0,0,0,1,1,1,1,1,0,0,0,1,0,0,1,0,1,0
2161,0,0,0,1,1,1,1,1,0,1,0,1,1,0,0,0,0,0
2162,0,0,0,1,1,1,1,1,0,1,0,1,0,0,0,0,1,0
2163,0,0,0,1,1,1,1,1,0,0,0,1,1,0,0,0,1,0
2164,0,0,0,1,1,1,1,1,0,0,1,0,0,1,0,0,0,1
2165,0,0,0,1,1,1,1,1,0,0,1,0,0,1,1,0,0,0
2166,0,0,0,1,1,1,1,1,0,1,1,0,0,1,0,0,0,0
2167,0,0,0,1,1,1,1,1,0,0,1,0,1,1,0,0,0,0
2168,0,0,0,1,1,1,1,1,0,0,1,0,0,1,0,0,1,0
2169,0,0,0,1,1,1,1,1,0,0,0,0,0,1,1,0,0,1
2170,0,0,0,1,1,1,1,1,0,1,0,0,0,1,0,0,0,1
2171,0,0,0,1,1,1,1,1,0,0,0,0,1,1,0,0,0,1
2172,0,0,0,1,1,1,1,1,0,0,0,0,0,1,0,0,1,1
2173,0,0,0,1,1,1,1,1,0,1,0,0,0,1,1,0,0,0
2174,0,0,0,1,1,1,1,1,0,0,0,0,1,1,1,0,0,0
2175,0,0,0,1,1,1,1,1,0,0,0,0,0,1,1,0,1,0
2176,0,0,0,1,1,1,1,1,0,1,0,0,1,1,0,0,0,0
2177,0,0,0,1,1,1,1,1,0,1,0,0,0,1,0,0,1,0
2178,0,0,0,1,1,1,1,1,0,0,0,0,1,1,0,0,1,0
2179,0,0,0,1,1,1,1,1,0,0,1,0,0,0,1,0,0,1
2180,0,0,0,1,1,1,1,1,0,1,1,0,0,0,0,0,0,1
2181,0,0,0,1,1,1,1,1,0,0,1,0,1,0,0,0,0,1
2182,0,0,0,1,1,1,1,1,0,0,1,0,0,0,0,0,1,1
2183,0,0,0,1,1,1,1,1,0,1,1,0,0,0,1,0,0,0
2184,0,0,0,1,1,1,1,1,0,0,1,0,1,0,1,0,0,0
2185,0,0,0,1,1,1,1,1,0,0,1,0,0,0,1,0,1,0
2186,0,0,0,1,1,1,1,1,0,1,1,0,1,0,0,0,0,0
2187,0,0,0,1,1,1,1,1,0,1,1,0,0,0,0,0,1,0
2188,0,0,0,1,1,1,1,1,0,0,1,0,1,0,0,0,1,0
2189,0,0,0,1,1,1,1,1,0,1,0,0,0,0,1,0,0,1
2190,0,0,0,1,1,1,1,1,0,0,0,0,1,0,1,0,0,1
2191,0,0,0,1,1,1,1,1,0,0,0,0,0,0,1,0,1,1
2192,0,0,0,1,1,1,1,1,0,1,0,0,1,0,0,0,0,1
2193,0,0,0,1,1,1,1,1,0,1,0,0,0,0,0,0,1,1
2194,0,0,0,1,1,1,1,1,0,0,0,0,1,0,0,0,1,1
2195,0,0,0,1,1,1,1,1,0,1,0,0,1,0,1,0,0,0
2196,0,0,0,1,1,1,1,1,0,1,0,0,0,0,1,0,1,0
2197,0,0,0,1,1,1,1,1,0,0,0,0,1,0,1,0,1,0
2198,0,0,0,1,1,1,1,1,0,1,0,0,1,0,0,0,1,0
2199,0,0,0,1,1,1,0,1,0,0,1,1,0,1,0,0,0,1
2200,0,0,0,1,1,1,0,1,0,0,1,1,0,1,1,0,0,0
2201,0,0,0,1,1,1,0,1,0,1,1,1,0,1,0,0,0,0
2202,0,0,0,1,1,1,0,1,0,0,1,1,1,1,0,0,0,0
2203,0,0,0,1,1,1,0,1,0,0,1,1,0,1,0,0,1,0
2204,0,0,0,1,1,1,0,1,0,0,0,1,0,1,1,0,0,1
2205,0,0,0,1,1,1,0,1,0,1,0,1,0,1,0,0,0,1
2206,0,0,0,1,1,1,0,1,0,0,0,1,1,1,0,0,0,1
2207,0,0,0,1,1,1,0,1,0,0,0,1,0,1,0,0,1,1
2208,0,0,0,1,1,1,0,1,0,1,0,1,0,1,1,0,0,0
2209,0,0,0,1,1,1,0,1,0,0,0,1,1,1,1,0,0,0
2210,0,0,0,1,1,1,0,1,0,0,0,1,0,1,1,0,1,0
2211,0,0,0,1,1,1,0,1,0,1,0,1,1,1,0,0,0,0
2212,0,0,0,1,1,1,0,1,0,1,0,1,0,1,0,0,1,0
2213,0,0,0,1,1,1,0,1,0,0,0,1,1,1,0,0,1,0
2214,0,0,0,1,1,1,0,1,0,0,1,1,0,0,1,0,0,1
2215,0,0,0,1,1,1,0,1,0,1,1,1,0,0,0,0,0,1
2216,0,0,0,1,1,1,0,1,0,0,1,1,1,0,0,0,0,1
2217,0,0,0,1,1,1,0,1,0,0,1,1,0,0,0,0,1,1
2218,0,0,0,1,1,1,0,1,0,1,1,1,0,0,1,0,0,0
2219,0,0,0,1,1,1,0,1,0,0,1,1,1,0,1,0,0,0
2220,0,0,0,1,1,1,0,1,0,0,1,1,0,0,1,0,1,0
2221,0,0,0,1,1,1,0,1,0,1,1,1,1,0,0,0,0,0
2222,0,0,0,1,1,1,0,1,0,1,1,1,0,0,0,0,1,0
2223,0,0,0,1,1,1,0,1,0,0,1,1,1,0,0,0,1,0
2224,0,0,0,1,1,1,0,1,0,1,0,1,0,0,1,0,0,1
2225,0,0,0,1,1,1,0,1,0,0,0,1,1,0,1,0,0,1
2226,0,0,0,1,1,1,0,1,0,0,0,1,0,0,1,0,1,1
2227,0,0,0,1,1,1,0,1,0,1,0,1,1,0,0,0,0,1
2228,0,0,0,1,1,1,0,1,0,1,0,1,0,0,0,0,1,1
2229,0,0,0,1,1,1,0,1,0,0,0,1,1,0,0,0,1,1
2230,0,0,0,1,1,1,0,1,0,1,0,1,1,0,1,0,0,0
2231,0,0,0,1,1,1,0,1,0,1,0,1,0,0,1,0,1,0
2232,0,0,0,1,1,1,0,1,0,0,0,1,1,0,1,0,1,0
2233,0,0,0,1,1,1,0,1,0,1,0,1,1,0,0,0,1,0
2234,0,0,0,1,1,1,0,1,0,0,1,0,0,1,1,0,0,1
2235,0,0,0,1,1,1,0,1,0,1,1,0,0,1,0,0,0,1
2236,0,0,0,1,1,1,0,1,0,0,1,0,1,1,0,0,0,1
2237,0,0,0,1,1,1,0,1,0,0,1,0,0,1,0,0,1,1
2238,0,0,0,1,1,1,0,1,0,1,1,0,0,1,1,0,0,0
2239,0,0,0,1,1,1,0,1,0,0,1,0,1,1,1,0,0,0
2240,0,0,0,1,1,1,0,1,0,0,1,0,0,1,1,0,1,0
2241,0,0,0,1,1,1,0,1,0,1,1,0,1,1,0,0,0,0
2242,0,0,0,1,1,1,0,1,0,1,1,0,0,1,0,0,1,0
2243,0,0,0,1,1,1,0,1,0,0,1,0,1,1,0,0,1,0
2244,0,0,0,1,1,1,0,1,0,1,0,0,0,1,1,0,0,1
2245,0,0,0,1,1,1,0,1,0,0,0,0,1,1,1,0,0,1
2246,0,0,0,1,1,1,0,1,0,0,0,0,0,1,1,0,1,1
2247,0,0,0,1,1,1,0,1,0,1,0,0,1,1,0,0,0,1
2248,0,0,0,1,1,1,0,1,0,1,0,0,0,1,0,0,1,1
2249,0,0,0,1,1,1,0,1,0,0,0,0,1,1,0,0,1,1
2250,0,0,0,1,1,1,0,1,0,1,0,0,1,1,1,0,0,0
2251,0,0,0,1,1,1,0,1,0,1,0,0,0,1,1,0,1,0
2252,0,0,0,1,1,1,0,1,0,0,0,0,1,1,1,0,1,0
2253,0,0,0,1,1,1,0,1,0,1,0,0,1,1,0,0,1,0
2254,0,0,0,1,1,1,0,1,0,1,1,0,0,0,1,0,0,1
2255,0,0,0,1,1,1,0,1,0,0,1,0,1,0,1,0,0,1
2256,0,0,0,1,1,1,0,1,0,0,1,0,0,0,1,0,1,1
2257,0,0,0,1,1,1,0,1,0,1,1,0,1,0,0,0,0,1
2258,0,0,0,1,1,1,0,1,0,1,1,0,0,0,0,0,1,1
2259,0,0,0,1,1,1,0,1,0,0,1,0,1,0,0,0,1,1
2260,0,0,0,1,1,1,0,1,0,1,1,0,1,0,1,0,0,0
2261,0,0,0,1,1,1,0,1,0,1,1,0,0,0,1,0,1,0
2262,0,0,0,1,1,1,0,1,0,0,1,0,1,0,1,0,1,0
2263,0,0,0,1,1,1,0,1,0,1,1,0,1,0,0,0,1,0
2264,0,0,0,1,1,1,0,1,0,1,0,0,1,0,1,0,0,1
2265,0,0,0,1,1,1,0,1,0,1,0,0,0,0,1,0,1,1
2266,0,0,0,1,1,1,0,1,0,0,0,0,1,0,1,0,1,1
2267,0,0,0,1,1,1,0,1,0,1,0,0,1,0,0,0,1,1
2268,0,0,0,1,1,1,0,1,0,1,0,0,1,0,1,0,1,0
2269,1,0,1,0,1,0,1,1,0,0,1,1,0,1,0,0,0,0
2270,1,0,1,0,1,0,1,1,0,0,0,1,0,1,0,0,0,1
2271,1,0,1,0,1,0,1,1,0,0,0,1,0,1,1,0,0,0
2272,1,0,1,0,1,0,1,1,0,1,0,1,0,1,0,0,0,0
2273,1,0,1,0,1,0,1,1,0,0,0,1,1,1,0,0,0,0
2274,1,0,1,0,1,0,1,1,0,0,0,1,0,1,0,0,1,0
2275,1,0,1,0,1,0,1,1,0,0,1,1,0,0,0,0,0,1
2276,1,0,1,0,1,0,1,1,0,0,1,1,0,0,1,0,0,0
2277,1,0,1,0,1,0,1,1,0,1,1,1,0,0,0,0,0,0
2278,1,0,1,0,1,0,1,1,0,0,1,1,1,0,0,0,0,0
2279,1,0,1,0,1,0,1,1,0,0,1,1,0,0,0,0,1,0
2280,1,0,1,0,1,0,1,1,0,0,0,1,0,0,1,0,0,1
2281,1,0,1,0,1,0,1,1,0,1,0,1,0,0,0,0,0,1
2282,1,0,1,0,1,0,1,1,0,0,0,1,1,0,0,0,0,1
2283,1,0,1,0,1,0,1,1,0,0,0,1,0,0,0,0,1,1
2284,1,0,1,0,1,0,1,1,0,1,0,1,0,0,1,0,0,0
2285,1,0,1,0,1,0,1,1,0,0,0,1,1,0,1,0,0,0
2286,1,0,1,0,1,0,1,1,0,0,0,1,0,0,1,0,1,0
2287,1,0,1,0,1,0,1,1,0,1,0,1,1,0,0,0,0,0
2288,1,0,1,0,1,0,1,1,0,1,0,1,0,0,0,0,1,0
2289,1,0,1,0,1,0,1,1,0,0,0,1,1,0,0,0,1,0
2290,1,0,1,0,1,0,1,1,0,0,1,0,0,1,0,0,0,1
2291,1,0,1,0,1,0,1,1,0,0,1,0,0,1,1,0,0,0
2292,1,0,1,0,1,0,1,1,0,1,1,0,0,1,0,0,0,0
2293,1,0,1,0,1,0,1,1,0,0,1,0,1,1,0,0,0,0
2294,1,0,1,0,1,0,1,1,0,0,1,0,0,1,0,0,1,0
2295,1,0,1,0,1,0,1,1,0,0,0,0,0,1,1,0,0,1
2296,1,0,1,0,1,0,1,1,0,1,0,0,0,1,0,0,0,1
2297,1,0,1,0,1,0,1,1,0,0,0,0,1,1,0,0,0,1
2298,1,0,1,0,1,0,1,1,0,0,0,0,0,1,0,0,1,1
2299,1,0,1,0,1,0,1,1,0,1,0,0,0,1,1,0,0,0
2300,1,0,1,0,1,0,1,1,0,0,0,0,1,1,1,0,0,0
2301,1,0,1,0,1,0,1,1,0,0,0,0,0,1,1,0,1,0
2302,1,0,1,0,1,0,1,1,0,1,0,0,1,1,0,0,0,0
2303,1,0,1,0,1,0,1,1,0,1,0,0,0,1,0,0,1,0
2304,1,0,1,0,1,0,1,1,0,0,0,0,1,1,0,0,1,0
2305,1,0,1,0,1,0,1,1,0,0,1,0,0,0,1,0,0,1
2306,1,0,1,0,1,0,1,1,0,1,1,0,0,0,0,0,0,1
2307,1,0,1,0,1,0,1,1,0,0,1,0,1,0,0,0,0,1
2308,1,0,1,0,1,0,1,1,0,0,1,0,0,0,0,0,1,1
2309,1,0,1,0,1,0,1,1,0,1,1,0,0,0,1,0,0,0
2310,1,0,1,0,1,0,1,1,0,0,1,0,1,0,1,0,0,0
2311,1,0,1,0,1,0,1,1,0,0,1,0,0,0,1,0,1,0
2312,1,0,1,0,1,0,1,1,0,1,1,0,1,0,0,0,0,0
2313,1,0,1,0,1,0,1,1,0,1,1,0,0,0,0,0,1,0
2314,1,0,1,0,1,0,1,1,0,0,1,0,1,0,0,0,1,0
2315,1,0,1,0,1,0,1,1,0,1,0,0,0,0,1,0,0,1
2316,1,0,1,0,1,0,1,1,0,0,0,0,1,0,1,0,0,1
2317,1,0,1,0,1,0,1,1,0,0,0,0,0,0,1,0,1,1
2318,1,0,1,0,1,0,1,1,0,1,0,0,1,0,0,0,0,1
2319,1,0,1,0,1,0,1,1,0,1,0,0,0,0,0,0,1,1
2320,1,0,1,0,1,0,1,1,0,0,0,0,1,0,0,0,1,1
2321,1,0,1,0,1,0,1,1,0,1,0,0,1,0,1,0,0,0
2322,1,0,1,0,1,0,1,1,0,1,0,0,0,0,1,0,1,0
2323,1,0,1,0,1,0,1,1,0,0,0,0,1,0,1,0,1,0
2324,1,0,1,0,1,0,1,1,0,1,0,0,1,0,0,0,1,0
2325,1,0,1,0,1,0,0,1,0,0,1,1,0,1,0,0,0,1
2326,1,0,1,0,1,0,0,1,0,0,1,1,0,1,1,0,0,0
2327,1,0,1,0,1,0,0,1,0,1,1,1,0,1,0,0,0,0
2328,1,0,1,0,1,0,0,1,0,0,1,1,1,1,0,0,0,0
2329,1,0,1,0,1,0,0,1,0,0,1,1,0,1,0,0,1,0
2330,1,0,1,0,1,0,0,1,0,0,0,1,0,1,1,0,0,1
2331,1,0,1,0,1,0,0,1,0,1,0,1,0,1,0,0,0,1
2332,1,0,1,0,1,0,0,1,0,0,0,1,1,1,0,0,0,1
2333,1,0,1,0,1,0,0,1,0,0,0,1,0,1,0,0,1,1
2334,1,0,1,0,1,0,0,1,0,1,0,1,0,1,1,0,0,0
2335,1,0,1,0,1,0,0,1,0,0,0,1,1,1,1,0,0,0
2336,1,0,1,0,1,0,0,1,0,0,0,1,0,1,1,0,1,0
2337,1,0,1,0,1,0,0,1,0,1,0,1,1,1,0,0,0,0
2338,1,0,1,0,1,0,0,1,0,1,0,1,0,1,0,0,1,0
2339,1,0,1,0,1,0,0,1,0,0,0,1,1,1,0,0,1,0
2340,1,0,1,0,1,0,0,1,0,0,1,1,0,0,1,0,0,1
2341,1,0,1,0,1,0,0,1,0,1,1,1,0,0,0,0,0,1
2342,1,0,1,0,1,0,0,1,0,0,1,1,1,0,0,0,0,1
2343,1,0,1,0,1,0,0,1,0,0,1,1,0,0,0,0,1,1
2344,1,0,1,0,1,0,0,1,0,1,1,1,0,0,1,0,0,0
2345,1,0,1,0,1,0,0,1,0,0,1,1,1,0,1,0,0,0
2346,1,0,1,0,1,0,0,1,0,0,1,1,0,0,1,0,1,0
2347,1,0,1,0,1,0,0,1,0,1,1,1,1,0,0,0,0,0
2348,1,0,1,0,1,0,0,1,0,1,1,1,0,0,0,0,1,0
2349,1,0,1,0,1,0,0,1,0,0,1,1,1,0,0,0,1,0
2350,1,0,1,0,1,0,0,1,0,1,0,1,0,0,1,0,0,1
2351,1,0,1,0,1,0,0,1,0,0,0,1,1,0,1,0,0,1
2352,1,0,1,0,1,0,0,1,0,0,0,1,0,0,1,0,1,1
2353,1,0,1,0,1,0,0,1,0,1,0,1,1,0,0,0,0,1
2354,1,0,1,0,1,0,0,1,0,1,0,1,0,0,0,0,1,1
2355,1,0,1,0,1,0,0,1,0,0,0,1,1,0,0,0,1,1
2356,1,0,1,0,1,0,0,1,0,1,0,1,1,0,1,0,0,0
2357,1,0,1,0,1,0,0,1,0,1,0,1,0,0,1,0,1,0
2358,1,0,1,0,1,0,0,1,0,0,0,1,1,0,1,0,1,0
2359,1,0,1,0,1,0,0,1,0,1,0,1,1,0,0,0,1,0
2360,1,0,1,0,1,0,0,1,0,0,1,0,0,1,1,0,0,1
2361,1,0,1,0,1,0,0,1,0,1,1,0,0,1,0,0,0,1
2362,1,0,1,0,1,0,0,1,0,0,1,0,1,1,0,0,0,1
2363,1,0,1,0,1,0,0,1,0,0,1,0,0,1,0,0,1,1
2364,1,0,1,0,1,0,0,1,0,1,1,0,0,1,1,0,0,0
2365,1,0,1,0,1,0,0,1,0,0,1,0,1,1,1,0,0,0
2366,1,0,1,0,1,0,0,1,0,0,1,0,0,1,1,0,1,0
2367,1,0,1,0,1,0,0,1,0,1,1,0,1,1,0,0,0,0
2368,1,0,1,0,1,0,0,1,0,1,1,0,0,1,0,0,1,0
2369,1,0,1,0,1,0,0,1,0,0,1,0,1,1,0,0,1,0
2370,1,0,1,0,1,0,0,1,0,1,0,0,0,1,1,0,0,1
2371,1,0,1,0,1,0,0,1,0,0,0,0,1,1,1,0,0,1
2372,1,0,1,0,1,0,0,1,0,0,0,0,0,1,1,0,1,1
2373,1,0,1,0,1,0,0,1,0,1,0,0,1,1,0,0,0,1
2374,1,0,1,0,1,0,0,1,0,1,0,0,0,1,0,0,1,1
2375,1,0,1,0,1,0,0,1,0,0,0,0,1,1,0,0,1,1
2376,1,0,1,0,1,0,0,1,0,1,0,0,1,1,1,0,0,0
2377,1,0,1,0,1,0,0,1,0,1,0,0,0,1,1,0,1,0
2378,1,0,1,0,1,0,0,1,0,0,0,0,1,1,1,0,1,0
2379,1,0,1,0,1,0,0,1,0,1,0,0,1,1,0,0,1,0
2380,1,0,1,0,1,0,0,1,0,1,1,0,0,0,1,0,0,1
2381,1,0,1,0,1,0,0,1,0,0,1,0,1,0,1,0,0,1
2382,1,0,1,0,1,0,0,1,0,0,1,0,0,0,1,0,1,1
2383,1,0,1,0,1,0,0,1,0,1,1,0,1,0,0,0,0,1
2384,1,0,1,0,1,0,0,1,0,1,1,0,0,0,0,0,1,1
2385,1,0,1,0,1,0,0,1,0,0,1,0,1,0,0,0,1,1
2386,1,0,1,0,1,0,0,1,0,1,1,0,1,0,1,0,0,0
2387,1,0,1,0,1,0,0,1,0,1,1,0,0,0,1,0,1,0
2388,1,0,1,0,1,0,0,1,0,0,1,0,1,0,1,0,1,0
2389,1,0,1,0,1,0,0,1,0,1,1,0,1,0,0,0,1,0
2390,1,0,1,0,1,0,0,1,0,1,0,0,1,0,1,0,0,1
2391,1,0,1,0,1,0,0,1,0,1,0,0,0,0,1,0,1,1
2392,1,0,1,0,1,0,0,1,0,0,0,0,1,0,1,0,1,1
2393,1,0,1,0,1,0,0,1,0,1,0,0,1,0,0,0,1,1
2394,1,0,1,0,1,0,0,1,0,1,0,0,1,0,1,0,1,0
2395,1,0,0,1,1,0,1,1,0,0,1,1,0,1,0,0,0,0
2396,1,0,0,1,1,0,1,1,0,0,0,1,0,1,0,0,0,1
2397,1,0,0,1,1,0,1,1,0,0,0,1,0,1,1,0,0,0
2398,1,0,0,1,1,0,1,1,0,1,0,1,0,1,0,0,0,0
2399,1,0,0,1,1,0,1,1,0,0,0,1,1,1,0,0,0,0
2400,1,0,0,1,1,0,1,1,0,0,0,1,0,1,0,0,1,0
2401,1,0,0,1,1,0,1,1,0,0,1,1,0,0,0,0,0,1
2402,1,0,0,1,1,0,1,1,0,0,1,1,0,0,1,0,0,0
2403,1,0,0,1,1,0,1,1,0,1,1,1,0,0,0,0,0,0
2404,1,0,0,1,1,0,1,1,0,0,1,1,1,0,0,0,0,0
2405,1,0,0,1,1,0,1,1,0,0,1,1,0,0,0,0,1,0
2406,1,0,0,1,1,0,1,1,0,0,0,1,0,0,1,0,0,1
2407,1,0,0,1,1,0,1,1,0,1,0,1,0,0,0,0,0,1
2408,1,0,0,1,1,0,1,1,0,0,0,1,1,0,0,0,0,1
2409,1,0,0,1,1,0,1,1,0,0,0,1,0,0,0,0,1,1
2410,1,0,0,1,1,0,1,1,0,1,0,1,0,0,1,0,0,0
2411,1,0,0,1,1,0,1,1,0,0,0,1,1,0,1,0,0,0
2412,1,0,0,1,1,0,1,1,0,0,0,1,0,0,1,0,1,0
2413,1,0,0,1,1,0,1,1,0,1,0,1,1,0,0,0,0,0
2414,1,0,0,1,1,0,1,1,0,1,0,1,0,0,0,0,1,0
2415,1,0,0,1,1,0,1,1,0,0,0,1,1,0,0,0,1,0
2416,1,0,0,1,1,0,1,1,0,0,1,0,0,1,0,0,0,1
2417,1,0,0,1,1,0,1,1,0,0,1,0,0,1,1,0,0,0
2418,1,0,0,1,1,0,1,1,0,1,1,0,0,1,0,0,0,0
2419,1,0,0,1,1,0,1,1,0,0,1,0,1,1,0,0,0,0
2420,1,0,0,1,1,0,1,1,0,0,1,0,0,1,0,0,1,0
2421,1,0,0,1,1,0,1,1,0,0,0,0,0,1,1,0,0,1
2422,1,0,0,1,1,0,1,1,0,1,0,0,0,1,0,0,0,1
2423,1,0,0,1,1,0,1,1,0,0,0,0,1,1,0,0,0,1
2424,1,0,0,1,1,0,1,1,0,0,0,0,0,1,0,0,1,1
2425,1,0,0,1,1,0,1,1,0,1,0,0,0,1,1,0,0,0
2426,1,0,0,1,1,0,1,1,0,0,0,0,1,1,1,0,0,0
2427,1,0,0,1,1,0,1,1,0,0,0,0,0,1,1,0,1,0
2428,1,0,0,1,1,0,1,1,0,1,0,0,1,1,0,0,0,0
2429,1,0,0,1,1,0,1,1,0,1,0,0,0,1,0,0,1,0
2430,1,0,0,1,1,0,1,1,0,0,0,0,1,1,0,0,1,0
2431,1,0,0,1,1,0,1,1,0,0,1,0,0,0,1,0,0,1
2432,1,0,0,1,1,0,1,1,0,1,1,0,0,0,0,0,0,1
2433,1,0,0,1,1,0,1,1,0,0,1,0,1,0,0,0,0,1
2434,1,0,0,1,1,0,1,1,0,0,1,0,0,0,0,0,1,1
2435,1,0,0,1,1,0,1,1,0,1,1,0,0,0,1,0,0,0
2436,1,0,0,1,1,0,1,1,0,0,1,0,1,0,1,0,0,0
2437,1,0,0,1,1,0,1,1,0,0,1,0,0,0,1,0,1,0
2438,1,0,0,1,1,0,1,1,0,1,1,0,1,0,0,0,0,0
2439,1,0,0,1,1,0,1,1,0,1,1,0,0,0,0,0,1,0
2440,1,0,0,1,1,0,1,1,0,0,1,0,1,0,0,0,1,0
2441,1,0,0,1,1,0,1,1,0,1,0,0,0,0,1,0,0,1
2442,1,0,0,1,1,0,1,1,0,0,0,0,1,0,1,0,0,1
2443,1,0,0,1,1,0,1,1,0,0,0,0,0,0,1,0,1,1
2444,1,0,0,1,1,0,1,1,0,1,0,0,1,0,0,0,0,1
2445,1,0,0,1,1,0,1,1,0,1,0,0,0,0,0,0,1,1
2446,1,0,0,1,1,0,1,1,0,0,0,0,1,0,0,0,1,1
2447,1,0,0,1,1,0,1,1,0,1,0,0,1,0,1,0,0,0
2448,1,0,0,1,1,0,1,1,0,1,0,0,0,0,1,0,1,0
2449,1,0,0,1,1,0,1,1,0,0,0,0,1,0,1,0,1,0
2450,1,0,0,1,1,0,1,1,0,1,0,0,1,0,0,0,1,0
2451,1,0,0,1,1,0,0,1,0,0,1,1,0,1,0,0,0,1
2452,1,0,0,1,1,0,0,1,0,0,1,1,0,1,1,0,0,0
2453,1,0,0,1,1,0,0,1,0,1,1,1,0,1,0,0,0,0
2454,1,0,0,1,1,0,0,1,0,0,1,1,1,1,0,0,0,0
2455,1,0,0,1,1,0,0,1,0,0,1,1,0,1,0,0,1,0
2456,1,0,0,1,1,0,0,1,0,0,0,1,0,1,1,0,0,1
2457,1,0,0,1,1,0,0,1,0,1,0,1,0,1,0,0,0,1
2458,1,0,0,1,1,0,0,1,0,0,0,1,1,1,0,0,0,1
2459,1,0,0,1,1,0,0,1,0,0,0,1,0,1,0,0,1,1
2460,1,0,0,1,1,0,0,1,0,1,0,1,0,1,1,0,0,0
2461,1,0,0,1,1,0,0,1,0,0,0,1,1,1,1,0,0,0
2462,1,0,0,1,1,0,0,1,0,0,0,1,0,1,1,0,1,0
2463,1,0,0,1,1,0,0,1,0,1,0,1,1,1,0,0,0,0
2464,1,0,0,1,1,0,0,1,0,1,0,1,0,1,0,0,1,0
2465,1,0,0,1,1,0,0,1,0,0,0,1,1,1,0,0,1,0
2466,1,0,0,1,1,0,0,1,0,0,1,1,0,0,1,0,0,1
2467,1,0,0,1,1,0,0,1,0,1,1,1,0,0,0,0,0,1
2468,1,0,0,1,1,0,0,1,0,0,1,1,1,0,0,0,0,1
2469,1,0,0,1,1,0,0,1,0,0,1,1,0,0,0,0,1,1
2470,1,0,0,1,1,0,0,1,0,1,1,1,0,0,1,0,0,0
2471,1,0,0,1,1,0,0,1,0,0,1,1,1,0,1,0,0,0
2472,1,0,0,1,1,0,0,1,0,0,1,1,0,0,1,0,1,0
2473,1,0,0,1,1,0,0,1,0,1,1,1,1,0,0,0,0,0
2474,1,0,0,1,1,0,0,1,0,1,1,1,0,0,0,0,1,0
2475,1,0,0,1,1,0,0,1,0,0,1,1,1,0,0,0,1,0
2476,1,0,0,1,1,0,0,1,0,1,0,1,0,0,1,0,0,1
2477,1,0,0,1,1,0,0,1,0,0,0,1,1,0,1,0,0,1
2478,1,0,0,1,1,0,0,1,0,0,0,1,0,0,1,0,1,1
2479,1,0,0,1,1,0,0,1,0,1,0,1,1,0,0,0,0,1
2480,1,0,0,1,1,0,0,1,0,1,0,1,0,0,0,0,1,1
2481,1,0,0,1,1,0,0,1,0,0,0,1,1,0,0,0,1,1
2482,1,0,0,1,1,0,0,1,0,1,0,1,1,0,1,0,0,0
2483,1,0,0,1,1,0,0,1,0,1,0,1,0,0,1,0,1,0
2484,1,0,0,1,1,0,0,1,0,0,0,1,1,0,1,0,1,0
2485,1,0,0,1,1,0,0,1,0,1,0,1,1,0,0,0,1,0
2486,1,0,0,1,1,0,0,1,0,0,1,0,0,1,1,0,0,1
2487,1,0,0,1,1,0,0,1,0,1,1,0,0,1,0,0,0,1
2488,1,0,0,1,1,0,0,1,0,0,1,0,1,1,0,0,0,1
2489,1,0,0,1,1,0,0,1,0,0,1,0,0,1,0,0,1,1
2490,1,0,0,1,1,0,0,1,0,1,1,0,0,1,1,0,0,0
2491,1,0,0,1,1,0,0,1,0,0,1,0,1,1,1,0,0,0
2492,1,0,0,1,1,0,0,1,0,0,1,0,0,1,1,0,1,0
2493,1,0,0,1,1,0,0,1,0,1,1,0,1,1,0,0,0,0
2494,1,0,0,1,1,0,0,1,0,1,1,0,0,1,0,0,1,0
2495,1,0,0,1,1,0,0,1,0,0,1,0,1,1,0,0,1,0
2496,1,0,0,1,1,0,0,1,0,1,0,0,0,1,1,0,0,1
2497,1,0,0,1,1,0,0,1,0,0,0,0,1,1,1,0,0,1
2498,1,0,0,1,1,0,0,1,0,0,0,0,0,1,1,0,1,1
2499,1,0,0,1,1,0,0,1,0,1,0,0,1,1,0,0,0,1
2500,1,0,0,1,1,0,0,1,0,1,0,0,0,1,0,0,1,1
2501,1,0,0,1,1,0,0,1,0,0,0,0,1,1,0,0,1,1
2502,1,0,0,1,1,0,0,1,0,1,0,0,1,1,1,0,0,0
2503,1,0,0,1,1,0,0,1,0,1,0,0,0,1,1,0,1,0
2504,1,0,0,1,1,0,0,1,0,0,0,0,1,1,1,0,1,0
2505,1,0,0,1,1,0,0,1,0,1,0,0,1,1,0,0,1,0
2506,1,0,0,1,1,0,0,1,0,1,1,0,0,0,1,0,0,1
2507,1,0,0,1,1,0,0,1,0,0,1,0,1,0,1,0,0,1
2508,1,0,0,1,1,0,0,1,0,0,1,0,0,0,1,0,1,1
2509,1,0,0,1,1,0,0,1,0,1,1,0,1,0,0,0,0,1
2510,1,0,0,1,1,0,0,1,0,1,1,0,0,0,0,0,1,1
2511,1,0,0,1,1,0,0,1,0,0,1,0,1,0,0,0,1,1
2512,1,0,0,1,1,0,0,1,0,1,1,0,1,0,1,0,0,0
2513,1,0,0,1,1,0,0,1,0,1,1,0,0,0,1,0,1,0
2514,1,0,0,1,1,0,0,1,0,0,1,0,1,0,1,0,1,0
2515,1,0,0,1,1,0,0,1,0,1,1,0,1,0,0,0,1,0
2516,1,0,0,1,1,0,0,1,0,1,0,0,1,0,1,0,0,1
2517,1,0,0,1,1,0,0,1,0,1,0,0,0,0,1,0,1,1
2518,1,0,0,1,1,0,0,1,0,0,0,0,1,0,1,0,1,1
2519,1,0,0,1,1,0,0,1,0,1,0,0,1,0,0,0,1,1
2520,1,0,0,1,1,0,0,1,0,1,0,0,1,0,1,0,1,0
2521,0,0,1,1,1,0,1,1,0,0,1,1,0,1,0,0,0,0
2522,0,0,1,1,1,0,1,1,0,0,0,1,0,1,0,0,0,1
2523,0,0,1,1,1,0,1,1,0,0,0,1,0,1,1,0,0,0
2524,0,0,1,1,1,0,1,1,0,1,0,1,0,1,0,0,0,0
2525,0,0,1,1,1,0,1,1,0,0,0,1,1,1,0,0,0,0
2526,0,0,1,1,1,0,1,1,0,0,0,1,0,1,0,0,1,0
2527,0,0,1,1,1,0,1,1,0,0,1,1,0,0,0,0,0,1
2528,0,0,1,1,1,0,1,1,0,0,1,1,0,0,1,0,0,0
2529,0,0,1,1,1,0,1,1,0,1,1,1,0,0,0,0,0,0
2530,0,0,1,1,1,0,1,1,0,0,1,1,1,0,0,0,0,0
2531,0,0,1,1,1,0,1,1,0,0,1,1,0,0,0,0,1,0
2532,0,0,1,1,1,0,1,1,0,0,0,1,0,0,1,0,0,1
2533,0,0,1,1,1,0,1,1,0,1,0,1,0,0,0,0,0,1
2534,0,0,1,1,1,0,1,1,0,0,0,1,1,0,0,0,0,1
2535,0,0,1,1,1,0,1,1,0,0,0,1,0,0,0,0,1,1
2536,0,0,1,1,1,0,1,1,0,1,0,1,0,0,1,0,0,0
2537,0,0,1,1,1,0,1,1,0,0,0,1,1,0,1,0,0,0
2538,0,0,1,1,1,0,1,1,0,0,0,1,0,0,1,0,1,0
2539,0,0,1,1,1,0,1,1,0,1,0,1,1,0,0,0,0,0
2540,0,0,1,1,1,0,1,1,0,1,0,1,0,0,0,0,1,0
2541,0,0,1,1,1,0,1,1,0,0,0,1,1,0,0,0,1,0
2542,0,0,1,1,1,0,1,1,0,0,1,0,0,1,0,0,0,1
2543,0,0,1,1,1,0,1,1,0,0,1,0,0,1,1,0,0,0
2544,0,0,1,1,1,0,1,1,0,1,1,0,0,1,0,0,0,0
2545,0,0,1,1,1,0,1,1,0,0,1,0,1,1,0,0,0,0
2546,0,0,1,1,1,0,1,1,0,0,1,0,0,1,0,0,1,0
2547,0,0,1,1,1,0,1,1,0,0,0,0,0,1,1,0,0,1
2548,0,0,1,1,1,0,1,1,0,1,0,0,0,1,0,0,0,1
2549,0,0,1,1,1,0,1,1,0,0,0,0,1,1,0,0,0,1
2550,0,0,1,1,1,0,1,1,0,0,0,0,0,1,0,0,1,1
2551,0,0,1,1,1,0,1,1,0,1,0,0,0,1,1,0,0,0
2552,0,0,1,1,1,0,1,1,0,0,0,0,1,1,1,0,0,0
2553,0,0,1,1,1,0,1,1,0,0,0,0,0,1,1,0,1,0
2554,0,0,1,1,1,0,1,1,0,1,0,0,1,1,0,0,0,0
2555,0,0,1,1,1,0,1,1,0,1,0,0,0,1,0,0,1,0
2556,0,0,1,1,1,0,1,1,0,0,0,0,1,1,0,0,1,0
2557,0,0,1,1,1,0,1,1,0,0,1,0,0,0,1,0,0,1
2558,0,0,1,1,1,0,1,1,0,1,1,0,0,0,0,0,0,1
2559,0,0,1,1,1,0,1,1,0,0,1,0,1,0,0,0,0,1
2560,0,0,1,1,1,0,1,1,0,0,1,0,0,0,0,0,1,1
2561,0,0,1,1,1,0,1,1,0,1,1,0,0,0,1,0,0,0
2562,0,0,1,1,1,0,1,1,0,0,1,0,1,0,1,0,0,0
2563,0,0,1,1,1,0,1,1,0,0,1,0,0,0,1,0,1,0
2564,0,0,1,1,1,0,1,1,0,1,1,0,1,0,0,0,0,0
2565,0,0,1,1,1,0,1,1,0,1,1,0,0,0,0,0,1,0
2566,0,0,1,1,1,0,1,1,0,0,1,0,1,0,0,0,1,0
2567,0,0,1,1,1,0,1,1,0,1,0,0,0,0,1,0,0,1
2568,0,0,1,1,1,0,1,1,0,0,0,0,1,0,1,0,0,1
2569,0,0,1,1,1,0,1,1,0,0,0,0,0,0,1,0,1,1
2570,0,0,1,1,1,0,1,1,0,1,0,0,1,0,0,0,0,1
2571,0,0,1,1,1,0,1,1,0,1,0,0,0,0,0,0,1,1
2572,0,0,1,1,1,0,1,1,0,0,0,0,1,0,0,0,1,1
2573,0,0,1,1,1,0,1,1,0,1,0,0,1,0,1,0,0,0
2574,0,0,1,1,1,0,1,1,0,1,0,0,0,0,1,0,1,0
2575,0,0,1,1,1,0,1,1,0,0,0,0,1,0,1,0,1,0
2576,0,0,1,1,1,0,1,1,0,1,0,0,1,0,0,0,1,0
2577,0,0,1,1,1,0,0,1,0,0,1,1,0,1,0,0,0,1
2578,0,0,1,1,1,0,0,1,0,0,1,1,0,1,1,0,0,0
2579,0,0,1,1,1,0,0,1,0,1,1,1,0,1,0,0,0,0
2580,0,0,1,1,1,0,0,1,0,0,1,1,1,1,0,0,0,0
2581,0,0,1,1,1,0,0,1,0,0,1,1,0,1,0,0,1,0
2582,0,0,1,1,1,0,0,1,0,0,0,1,0,1,1,0,0,1
2583,0,0,1,1,1,0,0,1,0,1,0,1,0,1,0,0,0,1
2584,0,0,1,1,1,0,0,1,0,0,0,1,1,1,0,0,0,1
2585,0,0,1,1,1,0,0,1,0,0,0,1,0,1,0,0,1,1
2586,0,0,1,1,1,0,0,1,0,1,0,1,0,1,1,0,0,0
2587,0,0,1,1,1,0,0,1,0,0,0,1,1,1,1,0,0,0
2588,0,0,1,1,1,0,0,1,0,0,0,1,0,1,1,0,1,0
2589,0,0,1,1,1,0,0,1,0,1,0,1,1,1,0,0,0,0
2590,0,0,1,1,1,0,0,1,0,1,0,1,0,1,0,0,1,0
2591,0,0,1,1,1,0,0,1,0,0,0,1,1,1,0,0,1,0
2592,0,0,1,1,1,0,0,1,0,0,1,1,0,0,1,0,0,1
2593,0,0,1,1,1,0,0,1,0,1,1,1,0,0,0,0,0,1
2594,0,0,1,1,1,0,0,1,0,0,1,1,1,0,0,0,0,1
2595,0,0,1,1,1,0,0,1,0,0,1,1,0,0,0,0,1,1
2596,0,0,1,1,1,0,0,1,0,1,1,1,0,0,1,0,0,0
2597,0,0,1,1,1,0,0,1,0,0,1,1,1,0,1,0,0,0
2598,0,0,1,1,1,0,0,1,0,0,1,1,0,0,1,0,1,0
2599,0,0,1,1,1,0,0,1,0,1,1,1,1,0,0,0,0,0
2600,0,0,1,1,1,0,0,1,0,1,1,1,0,0,0,0,1,0
2601,0,0,1,1,1,0,0,1,0,0,1,1,1,0,0,0,1,0
2602,0,0,1,1,1,0,0,1,0,1,0,1,0,0,1,0,0,1
2603,0,0,1,1,1,0,0,1,0,0,0,1,1,0,1,0,0,1
2604,0,0,1,1,1,0,0,1,0,0,0,1,0,0,1,0,1,1
2605,0,0,1,1,1,0,0,1,0,1,0,1,1,0,0,0,0,1
2606,0,0,1,1,1,0,0,1,0,1,0,1,0,0,0,0,1,1
2607,0,0,1,1,1,0,0,1,0,0,0,1,1,0,0,0,1,1
2608,0,0,1,1,1,0,0,1,0,1,0,1,1,0,1,0,0,0
2609,0,0,1,1,1,0,0,1,0,1,0,1,0,0,1,0,1,0
2610,0,0,1,1,1,0,0,1,0,0,0,1,1,0,1,0,1,0
2611,0,0,1,1,1,0,0,1,0,1,0,1,1,0,0,0,1,0
2612,0,0,1,1,1,0,0,1,0,0,1,0,0,1,1,0,0,1
2613,0,0,1,1,1,0,0,1,0,1,1,0,0,1,0,0,0,1
2614,0,0,1,1,1,0,0,1,0,0,1,0,1,1,0,0,0,1
2615,0,0,1,1,1,0,0,1,0,0,1,0,0,1,0,0,1,1
2616,0,0,1,1,1,0,0,1,0,1,1,0,0,1,1,0,0,0
2617,0,0,1,1,1,0,0,1,0,0,1,0,1,1,1,0,0,0
2618,0,0,1,1,1,0,0,1,0,0,1,0,0,1,1,0,1,0
2619,0,0,1,1,1,0,0,1,0,1,1,0,1,1,0,0,0,0
2620,0,0,1,1,1,0,0,1,0,1,1,0,0,1,0,0,1,0
2621,0,0,1,1,1,0,0,1,0,0,1,0,1,1,0,0,1,0
2622,0,0,1,1,1,0,0,1,0,1,0,0,0,1,1,0,0,1
2623,0,0,1,1,1,0,0,1,0,0,0,0,1,1,1,0,0,1
2624,0,0,1,1,1,0,0,1,0,0,0,0,0,1,1,0,1,1
2625,0,0,1,1,1,0,0,1,0,1,0,0,1,1,0,0,0,1
2626,0,0,1,1,1,0,0,1,0,1,0,0,0,1,0,0,1,1
2627,0,0,1,1,1,0,0,1,0,0,0,0,1,1,0,0,1,1
2628,0,0,1,1,1,0,0,1,0,1,0,0,1,1,1,0,0,0
2629,0,0,1,1,1,0,0,1,0,1,0,0,0,1,1,0,1,0
2630,0,0,1,1,1,0,0,1,0,0,0,0,1,1,1,0,1,0
2631,0,0,1,1,1,0,0,1,0,1,0,0,1,1,0,0,1,0
2632,0,0,1,1,1,0,0,1,0,1,1,0,0,0,1,0,0,1
2633,0,0,1,1,1,0,0,1,0,0,1,0,1,0,1,0,0,1
2634,0,0,1,1,1,0,0,1,0,0,1,0,0,0,1,0,1,1
2635,0,0,1,1,1,0,0,1,0,1,1,0,1,0,0,0,0,1
2636,0,0,1,1,1,0,0,1,0,1,1,0,0,0,0,0,1,1
2637,0,0,1,1,1,0,0,1,0,0,1,0,1,0,0,0,1,1
2638,0,0,1,1,1,0,0,1,0,1,1,0,1,0,1,0,0,0
2639,0,0,1,1,1,0,0,1,0,1,1,0,0,0,1,0,1,0
2640,0,0,1,1,1,0,0,1,0,0,1,0,1,0,1,0,1,0
2641,0,0,1,1,1,0,0,1,0,1,1,0,1,0,0,0,1,0
2642,0,0,1,1,1,0,0,1,0,1,0,0,1,0,1,0,0,1
2643,0,0,1,1,1,0,0,1,0,1,0,0,0,0,1,0,1,1
2644,0,0,1,1,1,0,0,1,0,0,0,0,1,0,1,0,1,1
2645,0,0,1,1,1,0,0,1,0,1,0,0,1,0,0,0,1,1
2646,0,0,1,1,1,0,0,1,0,1,0,0,1,0,1,0,1,0
2647,0,1,0,0,0,0,1,1,1,0,1,1,0,1,0,1,0,0
2648,0,1,0,0,0,0,1,1,1,0,0,1,0,1,0,1,0,1
2649,0,1,0,0,0,0,1,1,1,0,0,1,0,1,1,1,0,0
2650,0,1,0,0,0,0,1,1,1,1,0,1,0,1,0,1,0,0
2651,0,1,0,0,0,0,1,1,1,0,0,1,1,1,0,1,0,0
2652,0,1,0,0,0,0,1,1,1,0,0,1,0,1,0,1,1,0
2653,0,1,0,0,0,0,1,1,1,0,1,1,0,0,0,1,0,1
2654,0,1,0,0,0,0,1,1,1,0,1,1,0,0,1,1,0,0
2655,0,1,0,0,0,0,1,1,1,1,1,1,0,0,0,1,0,0
2656,0,1,0,0,0,0,1,1,1,0,1,1,1,0,0,1,0,0
2657,0,1,0,0,0,0,1,1,1,0,1,1,0,0,0,1,1,0
2658,0,1,0,0,0,0,1,1,1,0,0,1,0,0,1,1,0,1
2659,0,1,0,0,0,0,1,1,1,1,0,1,0,0,0,1,0,1
2660,0,1,0,0,0,0,1,1,1,0,0,1,1,0,0,1,0,1
2661,0,1,0,0,0,0,1,1,1,0,0,1,0,0,0,1,1,1
2662,0,1,0,0,0,0,1,1,1,1,0,1,0,0,1,1,0,0
2663,0,1,0,0,0,0,1,1,1,0,0,1,1,0,1,1,0,0
2664,0,1,0,0,0,0,1,1,1,0,0,1,0,0,1,1,1,0
2665,0,1,0,0,0,0,1,1,1,1,0,1,1,0,0,1,0,0
2666,0,1,0,0,0,0,1,1,1,1,0,1,0,0,0,1,1,0
2667,0,1,0,0,0,0,1,1,1,0,0,1,1,0,0,1,1,0
2668,0,1,0,0,0,0,1,1,1,0,1,0,0,1,0,1,0,1
2669,0,1,0,0,0,0,1,1,1,0,1,0,0,1,1,1,0,0
2670,0,1,0,0,0,0,1,1,1,1,1,0,0,1,0,1,0,0
2671,0,1,0,0,0,0,1,1,1,0,1,0,1,1,0,1,0,0
2672,0,1,0,0,0,0,1,1,1,0,1,0,0,1,0,1,1,0
2673,0,1,0,0,0,0,1,1,1,0,0,0,0,1,1,1,0,1
2674,0,1,0,0,0,0,1,1,1,1,0,0,0,1,0,1,0,1
2675,0,1,0,0,0,0,1,1,1,0,0,0,1,1,0,1,0,1
2676,0,1,0,0,0,0,1,1,1,0,0,0,0,1,0,1,1,1
2677,0,1,0,0,0,0,1,1,1,1,0,0,0,1,1,1,0,0
2678,0,1,0,0,0,0,1,1,1,0,0,0,1,1,1,1,0,0
2679,0,1,0,0,0,0,1,1,1,0,0,0,0,1,1,1,1,0
2680,0,1,0,0,0,0,1,1,1,1,0,0,1,1,0,1,0,0
2681,0,1,0,0,0,0,1,1,1,1,0,0,0,1,0,1,1,0
2682,0,1,0,0,0,0,1,1,1,0,0,0,1,1,0,1,1,0
2683,0,1,0,0,0,0,1,1,1,0,1,0,0,0,1,1,0,1
2684,0,1,0,0,0,0,1,1,1,1,1,0,0,0,0,1,0,1
2685,0,1,0,0,0,0,1,1,1,0,1,0,1,0,0,1,0,1
2686,0,1,0,0,0,0,1,1,1,0,1,0,0,0,0,1,1,1
2687,0,1,0,0,0,0,1,1,1,1,1,0,0,0,1,1,0,0
2688,0,1,0,0,0,0,1,1,1,0,1,0,1,0,1,1,0,0
2689,0,1,0,0,0,0,1,1,1,0,1,0,0,0,1,1,1,0
2690,0,1,0,0,0,0,1,1,1,1,1,0,1,0,0,1,0,0
2691,0,1,0,0,0,0,1,1,1,1,1,0,0,0,0,1,1,0
2692,0,1,0,0,0,0,1,1,1,0,1,0,1,0,0,1,1,0
2693,0,1,0,0,0,0,1,1,1,1,0,0,0,0,1,1,0,1
2694,0,1,0,0,0,0,1,1,1,0,0,0,1,0,1,1,0,1
2695,0,1,0,0,0,0,1,1,1,0,0,0,0,0,1,1,1,1
2696,0,1,0,0,0,0,1,1,1,1,0,0,1,0,0,1,0,1
2697,0,1,0,0,0,0,1,1,1,1,0,0,0,0,0,1,1,1
2698,0,1,0,0,0,0,1,1,1,0,0,0,1,0,0,1,1,1
2699,0,1,0,0,0,0,1,1,1,1,0,0,1,0,1,1,0,0
2700,0,1,0,0,0,0,1,1,1,1,0,0,0,0,1,1,1,0
2701,0,1,0,0,0,0,1,1,1,0,0,0,1,0,1,1,1,0
2702,0,1,0,0,0,0,1,1,1,1,0,0,1,0,0,1,1,0
2703,0,1,0,0,0,0,0,1,1,0,1,1,0,1,0,1,0,1
2704,0,1,0,0,0,0,0,1,1,0,1,1,0,1,1,1,0,0
2705,0,1,0,0,0,0,0,1,1,1,1,1,0,1,0,1,0,0
2706,0,1,0,0,0,0,0,1,1,0,1,1,1,1,0,1,0,0
2707,0,1,0,0,0,0,0,1,1,0,1,1,0,1,0,1,1,0
2708,0,1,0,0,0,0,0,1,1,0,0,1,0,1,1,1,0,1
2709,0,1,0,0,0,0,0,1,1,1,0,1,0,1,0,1,0,1
2710,0,1,0,0,0,0,0,1,1,0,0,1,1,1,0,1,0,1
2711,0,1,0,0,0,0,0,1,1,0,0,1,0,1,0,1,1,1
2712,0,1,0,0,0,0,0,1,1,1,0,1,0,1,1,1,0,0
2713,0,1,0,0,0,0,0,1,1,0,0,1,1,1,1,1,0,0
2714,0,1,0,0,0,0,0,1,1,0,0,1,0,1,1,1,1,0
2715,0,1,0,0,0,0,0,1,1,1,0,1,1,1,0,1,0,0
2716,0,1,0,0,0,0,0,1,1,1,0,1,0,1,0,1,1,0
2717,0,1,0,0,0,0,0,1,1,0,0,1,1,1,0,1,1,0
2718,0,1,0,0,0,0,0,1,1,0,1,1,0,0,1,1,0,1
2719,0,1,0,0,0,0,0,1,1,1,1,1,0,0,0,1,0,1
2720,0,1,0,0,0,0,0,1,1,0,1,1,1,0,0,1,0,1
2721,0,1,0,0,0,0,0,1,1,0,1,1,0,0,0,1,1,1
2722,0,1,0,0,0,0,0,1,1,1,1,1,0,0,1,1,0,0
2723,0,1,0,0,0,0,0,1,1,0,1,1,1,0,1,1,0,0
2724,0,1,0,0,0,0,0,1,1,0,1,1,0,0,1,1,1,0
2725,0,1,0,0,0,0,0,1,1,1,1,1,1,0,0,1,0,0
2726,0,1,0,0,0,0,0,1,1,1,1,1,0,0,0,1,1,0
2727,0,1,0,0,0,0,0,1,1,0,1,1,1,0,0,1,1,0
2728,0,1,0,0,0,0,0,1,1,1,0,1,0,0,1,1,0,1
2729,0,1,0,0,0,0,0,1,1,0,0,1,1,0,1,1,0,1
2730,0,1,0,0,0,0,0,1,1,0,0,1,0,0,1,1,1,1
2731,0,1,0,0,0,0,0,1,1,1,0,1,1,0,0,1,0,1
2732,0,1,0,0,0,0,0,1,1,1,0,1,0,0,0,1,1,1
2733,0,1,0,0,0,0,0,1,1,0,0,1,1,0,0,1,1,1
2734,0,1,0,0,0,0,0,1,1,1,0,1,1,0,1,1,0,0
2735,0,1,0,0,0,0,0,1,1,1,0,1,0,0,1,1,1,0
2736,0,1,0,0,0,0,0,1,1,0,0,1,1,0,1,1,1,0
2737,0,1,0,0,0,0,0,1,1,1,0,1,1,0,0,1,1,0
2738,0,1,0,0,0,0,0,1,1,0,1,0,0,1,1,1,0,1
2739,0,1,0,0,0,0,0,1,1,1,1,0,0,1,0,1,0,1
2740,0,1,0,0,0,0,0,1,1,0,1,0,1,1,0,1,0,1
2741,0,1,0,0,0,0,0,1,1,0,1,0,0,1,0,1,1,1
2742,0,1,0,0,0,0,0,1,1,1,1,0,0,1,1,1,0,0
2743,0,1,0,0,0,0,0,1,1,0,1,0,1,1,1,1,0,0
2744,0,1,0,0,0,0,0,1,1,0,1,0,0,1,1,1,1,0
2745,0,1,0,0,0,0,0,1,1,1,1,0,1,1,0,1,0,0
2746,0,1,0,0,0,0,0,1,1,1,1,0,0,1,0,1,1,0
2747,0,1,0,0,0,0,0,1,1,0,1,0,1,1,0,1,1,0
2748,0,1,0,0,0,0,0,1,1,1,0,0,0,1,1,1,0,1
2749,0,1,0,0,0,0,0,1,1,0,0,0,1,1,1,1,0,1
2750,0,1,0,0,0,0,0,1,1,0,0,0,0,1,1,1,1,1
2751,0,1,0,0,0,0,0,1,1,1,0,0,1,1,0,1,0,1
2752,0,1,0,0,0,0,0,1,1,1,0,0,0,1,0,1,1,1
2753,0,1,0,0,0,0,0,1,1,0,0,0,1,1,0,1,1,1
2754,0,1,0,0,0,0,0,1,1,1,0,0,1,1,1,1,0,0
2755,0,1,0,0,0,0,0,1,1,1,0,0,0,1,1,1,1,0
2756,0,1,0,0,0,0,0,1,1,0,0,0,1,1,1,1,1,0
2757,0,1,0,0,0,0,0,1,1,1,0,0,1,1,0,1,1,0
2758,0,1,0,0,0,0,0,1,1,1,1,0,0,0,1,1,0,1
2759,0,1,0,0,0,0,0,1,1,0,1,0,1,0,1,1,0,1
2760,0,1,0,0,0,0,0,1,1,0,1,0,0,0,1,1,1,1
2761,0,1,0,0,0,0,0,1,1,1,1,0,1,0,0,1,0,1
2762,0,1,0,0,0,0,0,1,1,1,1,0,0,0,0,1,1,1
2763,0,1,0,0,0,0,0,1,1,0,1,0,1,0,0,1,1,1
2764,0,1,0,0,0,0,0,1,1,1,1,0,1,0,1,1,0,0
2765,0,1,0,0,0,0,0,1,1,1,1,0,0,0,1,1,1,0
2766,0,1,0,0,0,0,0,1,1,0,1,0,1,0,1,1,1,0
2767,0,1,0,0,0,0,0,1,1,1,1,0,1,0,0,1,1,0
2768,0,1,0,0,0,0,0,1,1,1,0,0,1,0,1,1,0,1
2769,0,1,0,0,0,0,0,1,1,1,0,0,0,0,1,1,1,1
2770,0,1,0,0,0,0,0,1,1,0,0,0,1,0,1,1,1,1
2771,0,1,0,0,0,0,0,1,1,1,0,0,1,0,0,1,1,1
2772,0,1,0,0,0,0,0,1,1,1,0,0,1,0,1,1,1,0
2773,0,0,0,0,0,1,1,1,1,0,1,1,0,1,0,1,0,0
2774,0,0,0,0,0,1,1,1,1,0,0,1,0,1,0,1,0,1
2775,0,0,0,0,0,1,1,1,1,0,0,1,0,1,1,1,0,0
2776,0,0,0,0,0,1,1,1,1,1,0,1,0,1,0,1,0,0
2777,0,0,0,0,0,1,1,1,1,0,0,1,1,1,0,1,0,0
2778,0,0,0,0,0,1,1,1,1,0,0,1,0,1,0,1,1,0
2779,0,0,0,0,0,1,1,1,1,0,1,1,0,0,0,1,0,1
2780,0,0,0,0,0,1,1,1,1,0,1,1,0,0,1,1,0,0
2781,0,0,0,0,0,1,1,1,1,1,1,1,0,0,0,1,0,0
2782,0,0,0,0,0,1,1,1,1,0,1,1,1,0,0,1,0,0
2783,0,0,0,0,0,1,1,1,1,0,1,1,0,0,0,1,1,0
2784,0,0,0,0,0,1,1,1,1,0,0,1,0,0,1,1,0,1
2785,0,0,0,0,0,1,1,1,1,1,0,1,0,0,0,1,0,1
2786,0,0,0,0,0,1,1,1,1,0,0,1,1,0,0,1,0,1
2787,0,0,0,0,0,1,1,1,1,0,0,1,0,0,0,1,1,1
2788,0,0,0,0,0,1,1,1,1,1,0,1,0,0,1,1,0,0
2789,0,0,0,0,0,1,1,1,1,0,0,1,1,0,1,1,0,0
2790,0,0,0,0,0,1,1,1,1,0,0,1,0,0,1,1,1,0
2791,0,0,0,0,0,1,1,1,1,1,0,1,1,0,0,1,0,0
2792,0,0,0,0,0,1,1,1,1,1,0,1,0,0,0,1,1,0
2793,0,0,0,0,0,1,1,1,1,0,0,1,1,0,0,1,1,0
2794,0,0,0,0,0,1,1,1,1,0,1,0,0,1,0,1,0,1
2795,0,0,0,0,0,1,1,1,1,0,1,0,0,1,1,1,0,0
2796,0,0,0,0,0,1,1,1,1,1,1,0,0,1,0,1,0,0
2797,0,0,0,0,0,1,1,1,1,0,1,0,1,1,0,1,0,0
2798,0,0,0,0,0,1,1,1,1,0,1,0,0,1,0,1,1,0
2799,0,0,0,0,0,1,1,1,1,0,0,0,0,1,1,1,0,1
2800,0,0,0,0,0,1,1,1,1,1,0,0,0,1,0,1,0,1
2801,0,0,0,0,0,1,1,1,1,0,0,0,1,1,0,1,0,1
2802,0,0,0,0,0,1,1,1,1,0,0,0,0,1,0,1,1,1
2803,0,0,0,0,0,1,1,1,1,1,0,0,0,1,1,1,0,0
2804,0,0,0,0,0,1,1,1,1,0,0,0,1,1,1,1,0,0
2805,0,0,0,0,0,1,1,1,1,0,0,0,0,1,1,1,1,0
2806,0,0,0,0,0,1,1,1,1,1,0,0,1,1,0,1,0,0
2807,0,0,0,0,0,1,1,1,1,1,0,0,0,1,0,1,1,0
2808,0,0,0,0,0,1,1,1,1,0,0,0,1,1,0,1,1,0
2809,0,0,0,0,0,1,1,1,1,0,1,0,0,0,1,1,0,1
2810,0,0,0,0,0,1,1,1,1,1,1,0,0,0,0,1,0,1
2811,0,0,0,0,0,1,1,1,1,0,1,0,1,0,0,1,0,1
2812,0,0,0,0,0,1,1,1,1,0,1,0,0,0,0,1,1,1
2813,0,0,0,0,0,1,1,1,1,1,1,0,0,0,1,1,0,0
2814,0,0,0,0,0,1,1,1,1,0,1,0,1,0,1,1,0,0
2815,0,0,0,0,0,1,1,1,1,0,1,0,0,0,1,1,1,0
2816,0,0,0,0,0,1,1,1,1,1,1,0,1,0,0,1,0,0
2817,0,0,0,0,0,1,1,1,1,1,1,0,0,0,0,1,1,0
2818,0,0,0,0,0,1,1,1,1,0,1,0,1,0,0,1,1,0
2819,0,0,0,0,0,1,1,1,1,1,0,0,0,0,1,1,0,1
2820,0,0,0,0,0,1,1,1,1,0,0,0,1,0,1,1,0,1
2821,0,0,0,0,0,1,1,1,1,0,0,0,0,0,1,1,1,1
2822,0,0,0,0,0,1,1,1,1,1,0,0,1,0,0,1,0,1
2823,0,0,0,0,0,1,1,1,1,1,0,0,0,0,0,1,1,1
2824,0,0,0,0,0,1,1,1,1,0,0,0,1,0,0,1,1,1
2825,0,0,0,0,0,1,1,1,1,1,0,0,1,0,1,1,0,0
2826,0,0,0,0,0,1,1,1,1,1,0,0,0,0,1,1,1,0
2827,0,0,0,0,0,1,1,1,1,0,0,0,1,0,1,1,1,0
2828,0,0,0,0,0,1,1,1,1,1,0,0,1,0,0,1,1,0
2829,0,0,0,0,0,1,0,1,1,0,1,1,0,1,0,1,0,1
2830,0,0,0,0,0,1,0,1,1,0,1,1,0,1,1,1,0,0
2831,0,0,0,0,0,1,0,1,1,1,1,1,0,1,0,1,0,0
2832,0,0,0,0,0,1,0,1,1,0,1,1,1,1,0,1,0,0
2833,0,0,0,0,0,1,0,1,1,0,1,1,0,1,0,1,1,0
2834,0,0,0,0,0,1,0,1,1,0,0,1,0,1,1,1,0,1
2835,0,0,0,0,0,1,0,1,1,1,0,1,0,1,0,1,0,1
2836,0,0,0,0,0,1,0,1,1,0,0,1,1,1,0,1,0,1
2837,0,0,0,0,0,1,0,1,1,0,0,1,0,1,0,1,1,1
2838,0,0,0,0,0,1,0,1,1,1,0,1,0,1,1,1,0,0
2839,0,0,0,0,0,1,0,1,1,0,0,1,1,1,1,1,0,0
2840,0,0,0,0,0,1,0,1,1,0,0,1,0,1,1,1,1,0
2841,0,0,0,0,0,1,0,1,1,1,0,1,1,1,0,1,0,0
2842,0,0,0,0,0,1,0,1,1,1,0,1,0,1,0,1,1,0
2843,0,0,0,0,0,1,0,1,1,0,0,1,1,1,0,1,1,0
2844,0,0,0,0,0,1,0,1,1,0,1,1,0,0,1,1,0,1
2845,0,0,0,0,0,1,0,1,1,1,1,1,0,0,0,1,0,1
2846,0,0,0,0,0,1,0,1,1,0,1,1,1,0,0,1,0,1
2847,0,0,0,0,0,1,0,1,1,0,1,1,0,0,0,1,1,1
2848,0,0,0,0,0,1,0,1,1,1,1,1,0,0,1,1,0,0
2849,0,0,0,0,0,1,0,1,1,0,1,1,1,0,1,1,0,0
2850,0,0,0,0,0,1,0,1,1,0,1,1,0,0,1,1,1,0
2851,0,0,0,0,0,1,0,1,1,1,1,1,1,0,0,1,0,0
2852,0,0,0,0,0,1,0,1,1,1,1,1,0,0,0,1,1,0
2853,0,0,0,0,0,1,0,1,1,0,1,1,1,0,0,1,1,0
2854,0,0,0,0,0,1,0,1,1,1,0,1,0,0,1,1,0,1
2855,0,0,0,0,0,1,0,1,1,0,0,1,1,0,1,1,0,1
2856,0,0,0,0,0,1,0,1,1,0,0,1,0,0,1,1,1,1
2857,0,0,0,0,0,1,0,1,1,1,0,1,1,0,0,1,0,1
2858,0,0,0,0,0,1,0,1,1,1,0,1,0,0,0,1,1,1
2859,0,0,0,0,0,1,0,1,1,0,0,1,1,0,0,1,1,1
2860,0,0,0,0,0,1,0,1,1,1,0,1,1,0,1,1,0,0
2861,0,0,0,0,0,1,0,1,1,1,0,1,0,0,1,1,1,0
2862,0,0,0,0,0,1,0,1,1,0,0,1,1,0,1,1,1,0
2863,0,0,0,0,0,1,0,1,1,1,0,1,1,0,0,1,1,0
2864,0,0,0,0,0,1,0,1,1,0,1,0,0,1,1,1,0,1
2865,0,0,0,0,0,1,0,1,1,1,1,0,0,1,0,1,0,1
2866,0,0,0,0,0,1,0,1,1,0,1,0,1,1,0,1,0,1
2867,0,0,0,0,0,1,0,1,1,0,1,0,0,1,0,1,1,1
2868,0,0,0,0,0,1,0,1,1,1,1,0,0,1,1,1,0,0
2869,0,0,0,0,0,1,0,1,1,0,1,0,1,1,1,1,0,0
2870,0,0,0,0,0,1,0,1,1,0,1,0,0,1,1,1,1,0
2871,0,0,0,0,0,1,0,1,1,1,1,0,1,1,0,1,0,0
2872,0,0,0,0,0,1,0,1,1,1,1,0,0,1,0,1,1,0
2873,0,0,0,0,0,1,0,1,1,0,1,0,1,1,0,1,1,0
2874,0,0,0,0,0,1,0,1,1,1,0,0,0,1,1,1,0,1
2875,0,0,0,0,0,1,0,1,1,0,0,0,1,1,1,1,0,1
2876,0,0,0,0,0,1,0,1,1,0,0,0,0,1,1,1,1,1
2877,0,0,0,0,0,1,0,1,1,1,0,0,1,1,0,1,0,1
2878,0,0,0,0,0,1,0,1,1,1,0,0,0,1,0,1,1,1
2879,0,0,0,0,0,1,0,1,1,0,0,0,1,1,0,1,1,1
2880,0,0,0,0,0,1,0,1,1,1,0,0,1,1,1,1,0,0
2881,0,0,0,0,0,1,0,1,1,1,0,0,0,1,1,1,1,0
2882,0,0,0,0,0,1,0,1,1,0,0,0,1,1,1,1,1,0
2883,0,0,0,0,0,1,0,1,1,1,0,0,1,1,0,1,1,0
2884,0,0,0,0,0,1,0,1,1,1,1,0,0,0,1,1,0,1
2885,0,0,0,0,0,1,0,1,1,0,1,0,1,0,1,1,0,1
2886,0,0,0,0,0,1,0,1,1,0,1,0,0,0,1,1,1,1
2887,0,0,0,0,0,1,0,1,1,1,1,0,1,0,0,1,0,1
2888,0,0,0,0,0,1,0,1,1,1,1,0,0,0,0,1,1,1
2889,0,0,0,0,0,1,0,1,1,0,1,0,1,0,0,1,1,1
2890,0,0,0,0,0,1,0,1,1,1,1,0,1,0,1,1,0,0
2891,0,0,0,0,0,1,0,1,1,1,1,0,0,0,1,1,1,0
2892,0,0,0,0,0,1,0,1,1,0,1,0,1,0,1,1,1,0
2893,0,0,0,0,0,1,0,1,1,1,1,0,1,0,0,1,1,0
2894,0,0,0,0,0,1,0,1,1,1,0,0,1,0,1,1,0,1
2895,0,0,0,0,0,1,0,1,1,1,0,0,0,0,1,1,1,1
2896,0,0,0,0,0,1,0,1,1,0,0,0,1,0,1,1,1,1
2897,0,0,0,0,0,1,0,1,1,1,0,0,1,0,0,1,1,1
2898,0,0,0,0,0,1,0,1,1,1,0,0,1,0,1,1,1,0
2899,1,0,0,0,0,0,1,1,1,0,1,1,0,1,0,1,0,0
2900,1,0,0,0,0,0,1,1,1,0,0,1,0,1,0,1,0,1
2901,1,0,0,0,0,0,1,1,1,0,0,1,0,1,1,1,0,0
2902,1,0,0,0,0,0,1,1,1,1,0,1,0,1,0,1,0,0
2903,1,0,0,0,0,0,1,1,1,0,0,1,1,1,0,1,0,0
2904,1,0,0,0,0,0,1,1,1,0,0,1,0,1,0,1,1,0
2905,1,0,0,0,0,0,1,1,1,0,1,1,0,0,0,1,0,1
2906,1,0,0,0,0,0,1,1,1,0,1,1,0,0,1,1,0,0
2907,1,0,0,0,0,0,1,1,1,1,1,1,0,0,0,1,0,0
2908,1,0,0,0,0,0,1,1,1,0,1,1,1,0,0,1,0,0
2909,1,0,0,0,0,0,1,1,1,0,1,1,0,0,0,1,1,0
2910,1,0,0,0,0,0,1,1,1,0,0,1,0,0,1,1,0,1
2911,1,0,0,0,0,0,1,1,1,1,0,1,0,0,0,1,0,1
2912,1,0,0,0,0,0,1,1,1,0,0,1,1,0,0,1,0,1
2913,1,0,0,0,0,0,1,1,1,0,0,1,0,0,0,1,1,1
2914,1,0,0,0,0,0,1,1,1,1,0,1,0,0,1,1,0,0
2915,1,0,0,0,0,0,1,1,1,0,0,1,1,0,1,1,0,0
2916,1,0,0,0,0,0,1,1,1,0,0,1,0,0,1,1,1,0
2917,1,0,0,0,0,0,1,1,1,1,0,1,1,0,0,1,0,0
2918,1,0,0,0,0,0,1,1,1,1,0,1,0,0,0,1,1,0
2919,1,0,0,0,0,0,1,1,1,0,0,1,1,0,0,1,1,0
2920,1,0,0,0,0,0,1,1,1,0,1,0,0,1,0,1,0,1
2921,1,0,0,0,0,0,1,1,1,0,1,0,0,1,1,1,0,0
2922,1,0,0,0,0,0,1,1,1,1,1,0,0,1,0,1,0,0
2923,1,0,0,0,0,0,1,1,1,0,1,0,1,1,0,1,0,0
2924,1,0,0,0,0,0,1,1,1,0,1,0,0,1,0,1,1,0
2925,1,0,0,0,0,0,1,1,1,0,0,0,0,1,1,1,0,1
2926,1,0,0,0,0,0,1,1,1,1,0,0,0,1,0,1,0,1
2927,1,0,0,0,0,0,1,1,1,0,0,0,1,1,0,1,0,1
2928,1,0,0,0,0,0,1,1,1,0,0,0,0,1,0,1,1,1
2929,1,0,0,0,0,0,1,1,1,1,0,0,0,1,1,1,0,0
2930,1,0,0,0,0,0,1,1,1,0,0,0,1,1,1,1,0,0
2931,1,0,0,0,0,0,1,1,1,0,0,0,0,1,1,1,1,0
2932,1,0,0,0,0,0,1,1,1,1,0,0,1,1,0,1,0,0
2933,1,0,0,0,0,0,1,1,1,1,0,0,0,1,0,1,1,0
2934,1,0,0,0,0,0,1,1,1,0,0,0,1,1,0,1,1,0
2935,1,0,0,0,0,0,1,1,1,0,1,0,0,0,1,1,0,1
2936,1,0,0,0,0,0,1,1,1,1,1,0,0,0,0,1,0,1
2937,1,0,0,0,0,0,1,1,1,0,1,0,1,0,0,1,0,1
2938,1,0,0,0,0,0,1,1,1,0,1,0,0,0,0,1,1,1
2939,1,0,0,0,0,0,1,1,1,1,1,0,0,0,1,1,0,0
2940,1,0,0,0,0,0,1,1,1,0,1,0,1,0,1,1,0,0
2941,1,0,0,0,0,0,1,1,1,0,1,0,0,0,1,1,1,0
2942,1,0,0,0,0,0,1,1,1,1,1,0,1,0,0,1,0,0
2943,1,0,0,0,0,0,1,1,1,1,1,0,0,0,0,1,1,0
2944,1,0,0,0,0,0,1,1,1,0,1,0,1,0,0,1,1,0
2945,1,0,0,0,0,0,1,1,1,1,0,0,0,0,1,1,0,1
2946,1,0,0,0,0,0,1,1,1,0,0,0,1,0,1,1,0,1
2947,1,0,0,0,0,0,1,1,1,0,0,0,0,0,1,1,1,1
2948,1,0,0,0,0,0,1,1,1,1,0,0,1,0,0,1,0,1
2949,1,0,0,0,0,0,1,1,1,1,0,0,0,0,0,1,1,1
2950,1,0,0,0,0,0,1,1,1,0,0,0,1,0,0,1,1,1
2951,1,0,0,0,0,0,1,1,1,1,0,0,1,0,1,1,0,0
2952,1,0,0,0,0,0,1,1,1,1,0,0,0,0,1,1,1,0
2953,1,0,0,0,0,0,1,1,1,0,0,0,1,0,1,1,1,0
2954,1,0,0,0,0,0,1,1,1,1,0,0,1,0,0,1,1,0
2955,1,0,0,0,0,0,0,1,1,0,1,1,0,1,0,1,0,1
2956,1,0,0,0,0,0,0,1,1,0,1,1,0,1,1,1,0,0
2957,1,0,0,0,0,0,0,1,1,1,1,1,0,1,0,1,0,0
2958,1,0,0,0,0,0,0,1,1,0,1,1,1,1,0,1,0,0
2959,1,0,0,0,0,0,0,1,1,0,1,1,0,1,0,1,1,0
2960,1,0,0,0,0,0,0,1,1,0,0,1,0,1,1,1,0,1
2961,1,0,0,0,0,0,0,1,1,1,0,1,0,1,0,1,0,1
2962,1,0,0,0,0,0,0,1,1,0,0,1,1,1,0,1,0,1
2963,1,0,0,0,0,0,0,1,1,0,0,1,0,1,0,1,1,1
2964,1,0,0,0,0,0,0,1,1,1,0,1,0,1,1,1,0,0
2965,1,0,0,0,0,0,0,1,1,0,0,1,1,1,1,1,0,0
2966,1,0,0,0,0,0,0,1,1,0,0,1,0,1,1,1,1,0
2967,1,0,0,0,0,0,0,1,1,1,0,1,1,1,0,1,0,0
2968,1,0,0,0,0,0,0,1,1,1,0,1,0,1,0,1,1,0
2969,1,0,0,0,0,0,0,1,1,0,0,1,1,1,0,1,1,0
2970,1,0,0,0,0,0,0,1,1,0,1,1,0,0,1,1,0,1
2971,1,0,0,0,0,0,0,1,1,1,1,1,0,0,0,1,0,1
2972,1,0,0,0,0,0,0,1,1,0,1,1,1,0,0,1,0,1
2973,1,0,0,0,0,0,0,1,1,0,1,1,0,0,0,1,1,1
2974,1,0,0,0,0,0,0,1,1,1,1,1,0,0,1,1,0,0
2975,1,0,0,0,0,0,0,1,1,0,1,1,1,0,1,1,0,0
2976,1,0,0,0,0,0,0,1,1,0,1,1,0,0,1,1,1,0
2977,1,0,0,0,0,0,0,1,1,1,1,1,1,0,0,1,0,0
2978,1,0,0,0,0,0,0,1,1,1,1,1,0,0,0,1,1,0
2979,1,0,0,0,0,0,0,1,1,0,1,1,1,0,0,1,1,0
2980,1,0,0,0,0,0,0,1,1,1,0,1,0,0,1,1,0,1
2981,1,0,0,0,0,0,0,1,1,0,0,1,1,0,1,1,0,1
2982,1,0,0,0,0,0,0,1,1,0,0,1,0,0,1,1,1,1
2983,1,0,0,0,0,0,0,1,1,1,0,1,1,0,0,1,0,1
2984,1,0,0,0,0,0,0,1,1,1,0,1,0,0,0,1,1,1
2985,1,0,0,0,0,0,0,1,1,0,0,1,1,0,0,1,1,1
2986,1,0,0,0,0,0,0,1,1,1,0,1,1,0,1,1,0,0
2987,1,0,0,0,0,0,0,1,1,1,0,1,0,0,1,1,1,0
2988,1,0,0,0,0,0,0,1,1,0,0,1,1,0,1,1,1,0
2989,1,0,0,0,0,0,0,1,1,1,0,1,1,0,0,1,1,0
2990,1,0,0,0,0,0,0,1,1,0,1,0,0,1,1,1,0,1
2991,1,0,0,0,0,0,0,1,1,1,1,0,0,1,0,1,0,1
2992,1,0,0,0,0,0,0,1,1,0,1,0,1,1,0,1,0,1
2993,1,0,0,0,0,0,0,1,1,0,1,0,0,1,0,1,1,1
2994,1,0,0,0,0,0,0,1,1,1,1,0,0,1,1,1,0,0
2995,1,0,0,0,0,0,0,1,1,0,1,0,1,1,1,1,0,0
2996,1,0,0,0,0,0,0,1,1,0,1,0,0,1,1,1,1,0
2997,1,0,0,0,0,0,0,1,1,1,1,0,1,1,0,1,0,0
2998,1,0,0,0,0,0,0,1,1,1,1,0,0,1,0,1,1,0
2999,1,0,0,0,0,0,0,1,1,0,1,0,1,1,0,1,1,0
3000,1,0,0,0,0,0,0,1,1,1,0,0,0,1,1,1,0,1
3001,1,0,0,0,0,0,0,1,1,0,0,0,1,1,1,1,0,1
3002,1,0,0,0,0,0,0,1,1,0,0,0,0,1,1,1,1,1
3003,1,0,0,0,0,0,0,1,1,1,0,0,1,1,0,1,0,1
3004,1,0,0,0,0,0,0,1,1,1,0,0,0,1,0,1,1,1
3005,1,0,0,0,0,0,0,1,1,0,0,0,1,1,0,1,1,1
3006,1,0,0,0,0,0,0,1,1,1,0,0,1,1,1,1,0,0
3007,1,0,0,0,0,0,0,1,1,1,0,0,0,1,1,1,1,0
3008,1,0,0,0,0,0,0,1,1,0,0,0,1,1,1,1,1,0
3009,1,0,0,0,0,0,0,1,1,1,0,0,1,1,0,1,1,0
3010,1,0,0,0,0,0,0,1,1,1,1,0,0,0,1,1,0,1
3011,1,0,0,0,0,0,0,1,1,0,1,0,1,0,1,1,0,1
3012,1,0,0,0,0,0,0,1,1,0,1,0,0,0,1,1,1,1
3013,1,0,0,0,0,0,0,1,1,1,1,0,1,0,0,1,0,1
3014,1,0,0,0,0,0,0,1,1,1,1,0,0,0,0,1,1,1
3015,1,0,0,0,0,0,0,1,1,0,1,0,1,0,0,1,1,1
3016,1,0,0,0,0,0,0,1,1,1,1,0,1,0,1,1,0,0
3017,1,0,0,0,0,0,0,1,1,1,1,0,0,0,1,1,1,0
3018,1,0,0,0,0,0,0,1,1,0,1,0,1,0,1,1,1,0
3019,1,0,0,0,0,0,0,1,1,1,1,0,1,0,0,1,1,0
3020,1,0,0,0,0,0,0,1,1,1,0,0,1,0,1,1,0,1
3021,1,0,0,0,0,0,0,1,1,1,0,0,0,0,1,1,1,1
3022,1,0,0,0,0,0,0,1,1,0,0,0,1,0,1,1,1,1
3023,1,0,0,0,0,0,0,1,1,1,0,0,1,0,0,1,1,1
3024,1,0,0,0,0,0,0,1,1,1,0,0,1,0,1,1,1,0
3025,0,0,1,0,0,0,1,1,1,0,1,1,0,1,0,1,0,0
3026,0,0,1,0,0,0,1,1,1,0,0,1,0,1,0,1,0,1
3027,0,0,1,0,0,0,1,1,1,0,0,1,0,1,1,1,0,0
3028,0,0,1,0,0,0,1,1,1,1,0,1,0,1,0,1,0,0
3029,0,0,1,0,0,0,1,1,1,0,0,1,1,1,0,1,0,0
3030,0,0,1,0,0,0,1,1,1,0,0,1,0,1,0,1,1,0
3031,0,0,1,0,0,0,1,1,1,0,1,1,0,0,0,1,0,1
3032,0,0,1,0,0,0,1,1,1,0,1,1,0,0,1,1,0,0
3033,0,0,1,0,0,0,1,1,1,1,1,1,0,0,0,1,0,0
3034,0,0,1,0,0,0,1,1,1,0,1,1,1,0,0,1,0,0
3035,0,0,1,0,0,0,1,1,1,0,1,1,0,0,0,1,1,0
3036,0,0,1,0,0,0,1,1,1,0,0,1,0,0,1,1,0,1
3037,0,0,1,0,0,0,1,1,1,1,0,1,0,0,0,1,0,1
3038,0,0,1,0,0,0,1,1,1,0,0,1,1,0,0,1,0,1
3039,0,0,1,0,0,0,1,1,1,0,0,1,0,0,0,1,1,1
3040,0,0,1,0,0,0,1,1,1,1,0,1,0,0,1,1,0,0
3041,0,0,1,0,0,0,1,1,1,0,0,1,1,0,1,1,0,0
3042,0,0,1,0,0,0,1,1,1,0,0,1,0,0,1,1,1,0
3043,0,0,1,0,0,0,1,1,1,1,0,1,1,0,0,1,0,0
3044,0,0,1,0,0,0,1,1,1,1,0,1,0,0,0,1,1,0
3045,0,0,1,0,0,0,1,1,1,0,0,1,1,0,0,1,1,0
3046,0,0,1,0,0,0,1,1,1,0,1,0,0,1,0,1,0,1
3047,0,0,1,0,0,0,1,1,1,0,1,0,0,1,1,1,0,0
3048,0,0,1,0,0,0,1,1,1,1,1,0,0,1,0,1,0,0
3049,0,0,1,0,0,0,1,1,1,0,1,0,1,1,0,1,0,0
3050,0,0,1,0,0,0,1,1,1,0,1,0,0,1,0,1,1,0
3051,0,0,1,0,0,0,1,1,1,0,0,0,0,1,1,1,0,1
3052,0,0,1,0,0,0,1,1,1,1,0,0,0,1,0,1,0,1
3053,0,0,1,0,0,0,1,1,1,0,0,0,1,1,0,1,0,1
3054,0,0,1,0,0,0,1,1,1,0,0,0,0,1,0,1,1,1
3055,0,0,1,0,0,0,1,1,1,1,0,0,0,1,1,1,0,0
3056,0,0,1,0,0,0,1,1,1,0,0,0,1,1,1,1,0,0
3057,0,0,1,0,0,0,1,1,1,0,0,0,0,1,1,1,1,0
3058,0,0,1,0,0,0,1,1,1,1,0,0,1,1,0,1,0,0
3059,0,0,1,0,0,0,1,1,1,1,0,0,0,1,0,1,1,0
3060,0,0,1,0,0,0,1,1,1,0,0,0,1,1,0,1,1,0
3061,0,0,1,0,0,0,1,1,1,0,1,0,0,0,1,1,0,1
3062,0,0,1,0,0,0,1,1,1,1,1,0,0,0,0,1,0,1
3063,0,0,1,0,0,0,1,1,1,0,1,0,1,0,0,1,0,1
3064,0,0,1,0,0,0,1,1,1,0,1,0,0,0,0,1,1,1
3065,0,0,1,0,0,0,1,1,1,1,1,0,0,0,1,1,0,0
3066,0,0,1,0,0,0,1,1,1,0,1,0,1,0,1,1,0,0
3067,0,0,1,0,0,0,1,1,1,0,1,0,0,0,1,1,1,0
3068,0,0,1,0,0,0,1,1,1,1,1,0,1,0,0,1,0,0
3069,0,0,1,0,0,0,1,1,1,1,1,0,0,0,0,1,1,0
3070,0,0,1,0,0,0,1,1,1,0,1,0,1,0,0,1,1,0
3071,0,0,1,0,0,0,1,1,1,1,0,0,0,0,1,1,0,1
3072,0,0,1,0,0,0,1,1,1,0,0,0,1,0,1,1,0,1
3073,0,0,1,0,0,0,1,1,1,0,0,0,0,0,1,1,1,1
3074,0,0,1,0,0,0,1,1,1,1,0,0,1,0,0,1,0,1
3075,0,0,1,0,0,0,1,1,1,1,0,0,0,0,0,1,1,1
3076,0,0,1,0,0,0,1,1,1,0,0,0,1,0,0,1,1,1
3077,0,0,1,0,0,0,1,1,1,1,0,0,1,0,1,1,0,0
3078,0,0,1,0,0,0,1,1,1,1,0,0,0,0,1,1,1,0
3079,0,0,1,0,0,0,1,1,1,0,0,0,1,0,1,1,1,0
3080,0,0,1,0,0,0,1,1,1,1,0,0,1,0,0,1,1,0
3081,0,0,1,0,0,0,0,1,1,0,1,1,0,1,0,1,0,1
3082,0,0,1,0,0,0,0,1,1,0,1,1,0,1,1,1,0,0
3083,0,0,1,0,0,0,0,1,1,1,1,1,0,1,0,1,0,0
3084,0,0,1,0,0,0,0,1,1,0,1,1,1,1,0,1,0,0
3085,0,0,1,0,0,0,0,1,1,0,1,1,0,1,0,1,1,0
3086,0,0,1,0,0,0,0,1,1,0,0,1,0,1,1,1,0,1
3087,0,0,1,0,0,0,0,1,1,1,0,1,0,1,0,1,0,1
3088,0,0,1,0,0,0,0,1,1,0,0,1,1,1,0,1,0,1
3089,0,0,1,0,0,0,0,1,1,0,0,1,0,1,0,1,1,1
3090,0,0,1,0,0,0,0,1,1,1,0,1,0,1,1,1,0,0
3091,0,0,1,0,0,0,0,1,1,0,0,1,1,1,1,1,0,0
3092,0,0,1,0,0,0,0,1,1,0,0,1,0,1,1,1,1,0
3093,0,0,1,0,0,0,0,1,1,1,0,1,1,1,0,1,0,0
3094,0,0,1,0,0,0,0,1,1,1,0,1,0,1,0,1,1,0
3095,0,0,1,0,0,0,0,1,1,0,0,1,1,1,0,1,1,0
3096,0,0,1,0,0,0,0,1,1,0,1,1,0,0,1,1,0,1
3097,0,0,1,0,0,0,0,1,1,1,1,1,0,0,0,1,0,1
3098,0,0,1,0,0,0,0,1,1,0,1,1,1,0,0,1,0,1
3099,0,0,1,0,0,0,0,1,1,0,1,1,0,0,0,1,1,1
3100,0,0,1,0,0,0,0,1,1,1,1,1,0,0,1,1,0,0
3101,0,0,1,0,0,0,0,1,1,0,1,1,1,0,1,1,0,0
3102,0,0,1,0,0,0,0,1,1,0,1,1,0,0,1,1,1,0
3103,0,0,1,0,0,0,0,1,1,1,1,1,1,0,0,1,0,0
3104,0,0,1,0,0,0,0,1,1,1,1,1,0,0,0,1,1,0
3105,0,0,1,0,0,0,0,1,1,0,1,1,1,0,0,1,1,0
3106,0,0,1,0,0,0,0,1,1,1,0,1,0,0,1,1,0,1
3107,0,0,1,0,0,0,0,1,1,0,0,1,1,0,1,1,0,1
3108,0,0,1,0,0,0,0,1,1,0,0,1,0,0,1,1,1,1
3109,0,0,1,0,0,0,0,1,1,1,0,1,1,0,0,1,0,1
3110,0,0,1,0,0,0,0,1,1,1,0,1,0,0,0,1,1,1
3111,0,0,1,0,0,0,0,1,1,0,0,1,1,0,0,1,1,1
3112,0,0,1,0,0,0,0,1,1,1,0,1,1,0,1,1,0,0
3113,0,0,1,0,0,0,0,1,1,1,0,1,0,0,1,1,1,0
3114,0,0,1,0,0,0,0,1,1,0,0,1,1,0,1,1,1,0
3115,0,0,1,0,0,0,0,1,1,1,0,1,1,0,0,1,1,0
3116,0,0,1,0,0,0,0,1,1,0,1,0,0,1,1,1,0,1
3117,0,0,1,0,0,0,0,1,1,1,1,0,0,1,0,1,0,1
3118,0,0,1,0,0,0,0,1,1,0,1,0,1,1,0,1,0,1
3119,0,0,1,0,0,0,0,1,1,0,1,0,0,1,0,1,1,1
3120,0,0,1,0,0,0,0,1,1,1,1,0,0,1,1,1,0,0
3121,0,0,1,0,0,0,0,1,1,0,1,0,1,1,1,1,0,0
3122,0,0,1,0,0,0,0,1,1,0,1,0,0,1,1,1,1,0
3123,0,0,1,0,0,0,0,1,1,1,1,0,1,1,0,1,0,0
3124,0,0,1,0,0,0,0,1,1,1,1,0,0,1,0,1,1,0
3125,0,0,1,0,0,0,0,1,1,0,1,0,1,1,0,1,1,0
3126,0,0,1,0,0,0,0,1,1,1,0,0,0,1,1,1,0,1
3127,0,0,1,0,0,0,0,1,1,0,0,0,1,1,1,1,0,1
3128,0,0,1,0,0,0,0,1,1,0,0,0,0,1,1,1,1,1
3129,0,0,1,0,0,0,0,1,1,1,0,0,1,1,0,1,0,1
3130,0,0,1,0,0,0,0,1,1,1,0,0,0,1,0,1,1,1
3131,0,0,1,0,0,0,0,1,1,0,0,0,1,1,0,1,1,1
3132,0,0,1,0,0,0,0,1,1,1,0,0,1,1,1,1,0,0
3133,0,0,1,0,0,0,0,1,1,1,0,0,0,1,1,1,1,0
3134,0,0,1,0,0,0,0,1,1,0,0,0,1,1,1,1,1,0
3135,0,0,1,0,0,0,0,1,1,1,0,0,1,1,0,1,1,0
3136,0,0,1,0,0,0,0,1,1,1,1,0,0,0,1,1,0,1
3137,0,0,1,0,0,0,0,1,1,0,1,0,1,0,1,1,0,1
3138,0,0,1,0,0,0,0,1,1,0,1,0,0,0,1,1,1,1
3139,0,0,1,0,0,0,0,1,1,1,1,0,1,0,0,1,0,1
3140,0,0,1,0,0,0,0,1,1,1,1,0,0,0,0,1,1,1
3141,0,0,1,0,0,0,0,1,1,0,1,0,1,0,0,1,1,1
3142,0,0,1,0,0,0,0,1,1,1,1,0,1,0,1,1,0,0
3143,0,0,1,0,0,0,0,1,1,1,1,0,0,0,1,1,1,0
3144,0,0,1,0,0,0,0,1,1,0,1,0,1,0,1,1,1,0
3145,0,0,1,0,0,0,0,1,1,1,1,0,1,0,0,1,1,0
3146,0,0,1,0,0,0,0,1,1,1,0,0,1,0,1,1,0,1
3147,0,0,1,0,0,0,0,1,1,1,0,0,0,0,1,1,1,1
3148,0,0,1,0,0,0,0,1,1,0,0,0,1,0,1,1,1,1
3149,0,0,1,0,0,0,0,1,1,1,0,0,1,0,0,1,1,1
3150,0,0,1,0,0,0,0,1,1,1,0,0,1,0,1,1,1,0
3151,0,0,0,1,0,0,1,1,1,0,1,1,0,1,0,1,0,0
3152,0,0,0,1,0,0,1,1,1,0,0,1,0,1,0,1,0,1
3153,0,0,0,1,0,0,1,1,1,0,0,1,0,1,1,1,0,0
3154,0,0,0,1,0,0,1,1,1,1,0,1,0,1,0,1,0,0
3155,0,0,0,1,0,0,1,1,1,0,0,1,1,1,0,1,0,0
3156,0,0,0,1,0,0,1,1,1,0,0,1,0,1,0,1,1,0
3157,0,0,0,1,0,0,1,1,1,0,1,1,0,0,0,1,0,1
3158,0,0,0,1,0,0,1,1,1,0,1,1,0,0,1,1,0,0
3159,0,0,0,1,0,0,1,1,1,1,1,1,0,0,0,1,0,0
3160,0,0,0,1,0,0,1,1,1,0,1,1,1,0,0,1,0,0
3161,0,0,0,1,0,0,1,1,1,0,1,1,0,0,0,1,1,0
3162,0,0,0,1,0,0,1,1,1,0,0,1,0,0,1,1,0,1
3163,0,0,0,1,0,0,1,1,1,1,0,1,0,0,0,1,0,1
3164,0,0,0,1,0,0,1,1,1,0,0,1,1,0,0,1,0,1
3165,0,0,0,1,0,0,1,1,1,0,0,1,0,0,0,1,1,1
3166,0,0,0,1,0,0,1,1,1,1,0,1,0,0,1,1,0,0
3167,0,0,0,1,0,0,1,1,1,0,0,1,1,0,1,1,0,0
3168,0,0,0,1,0,0,1,1,1,0,0,1,0,0,1,1,1,0
3169,0,0,0,1,0,0,1,1,1,1,0,1,1,0,0,1,0,0
3170,0,0,0,1,0,0,1,1,1,1,0,1,0,0,0,1,1,0
3171,0,0,0,1,0,0,1,1,1,0,0,1,1,0,0,1,1,0
3172,0,0,0,1,0,0,1,1,1,0,1,0,0,1,0,1,0,1
3173,0,0,0,1,0,0,1,1,1,0,1,0,0,1,1,1,0,0
3174,0,0,0,1,0,0,1,1,1,1,1,0,0,1,0,1,0,0
3175,0,0,0,1,0,0,1,1,1,0,1,0,1,1,0,1,0,0
3176,0,0,0,1,0,0,1,1,1,0,1,0,0,1,0,1,1,0
3177,0,0,0,1,0,0,1,1,1,0,0,0,0,1,1,1,0,1
3178,0,0,0,1,0,0,1,1,1,1,0,0,0,1,0,1,0,1
3179,0,0,0,1,0,0,1,1,1,0,0,0,1,1,0,1,0,1
3180,0,0,0,1,0,0,1,1,1,0,0,0,0,1,0,1,1,1
3181,0,0,0,1,0,0,1,1,1,1,0,0,0,1,1,1,0,0
3182,0,0,0,1,0,0,1,1,1,0,0,0,1,1,1,1,0,0
3183,0,0,0,1,0,0,1,1,1,0,0,0,0,1,1,1,1,0
3184,0,0,0,1,0,0,1,1,1,1,0,0,1,1,0,1,0,0
3185,0,0,0,1,0,0,1,1,1,1,0,0,0,1,0,1,1,0
3186,0,0,0,1,0,0,1,1,1,0,0,0,1,1,0,1,1,0
3187,0,0,0,1,0,0,1,1,1,0,1,0,0,0,1,1,0,1
3188,0,0,0,1,0,0,1,1,1,1,1,0,0,0,0,1,0,1
3189,0,0,0,1,0,0,1,1,1,0,1,0,1,0,0,1,0,1
3190,0,0,0,1,0,0,1,1,1,0,1,0,0,0,0,1,1,1
3191,0,0,0,1,0,0,1,1,1,1,1,0,0,0,1,1,0,0
3192,0,0,0,1,0,0,1,1,1,0,1,0,1,0,1,1,0,0
3193,0,0,0,1,0,0,1,1,1,0,1,0,0,0,1,1,1,0
3194,0,0,0,1,0,0,1,1,1,1,1,0,1,0,0,1,0,0
3195,0,0,0,1,0,0,1,1,1,1,1,0,0,0,0,1,1,0
3196,0,0,0,1,0,0,1,1,1,0,1,0,1,0,0,1,1,0
3197,0,0,0,1,0,0,1,1,1,1,0,0,0,0,1,1,0,1
3198,0,0,0,1,0,0,1,1,1,0,0,0,1,0,1,1,0,1
3199,0,0,0,1,0,0,1,1,1,0,0,0,0,0,1,1,1,1
3200,0,0,0,1,0,0,1,1,1,1,0,0,1,0,0,1,0,1
3201,0,0,0,1,0,0,1,1,1,1,0,0,0,0,0,1,1,1
3202,0,0,0,1,0,0,1,1,1,0,0,0,1,0,0,1,1,1
3203,0,0,0,1,0,0,1,1,1,1,0,0,1,0,1,1,0,0
3204,0,0,0,1,0,0,1,1,1,1,0,0,0,0,1,1,1,0
3205,0,0,0,1,0,0,1,1,1,0,0,0,1,0,1,1,1,0
3206,0,0,0,1,0,0,1,1,1,1,0,0,1,0,0,1,1,0
3207,0,0,0,1,0,0,0,1,1,0,1,1,0,1,0,1,0,1
3208,0,0,0,1,0,0,0,1,1,0,1,1,0,1,1,1,0,0
3209,0,0,0,1,0,0,0,1,1,1,1,1,0,1,0,1,0,0
3210,0,0,0,1,0,0,0,1,1,0,1,1,1,1,0,1,0,0
3211,0,0,0,1,0,0,0,1,1,0,1,1,0,1,0,1,1,0
3212,0,0,0,1,0,0,0,1,1,0,0,1,0,1,1,1,0,1
3213,0,0,0,1,0,0,0,1,1,1,0,1,0,1,0,1,0,1
3214,0,0,0,1,0,0,0,1,1,0,0,1,1,1,0,1,0,1
3215,0,0,0,1,0,0,0,1,1,0,0,1,0,1,0,1,1,1
3216,0,0,0,1,0,0,0,1,1,1,0,1,0,1,1,1,0,0
3217,0,0,0,1,0,0,0,1,1,0,0,1,1,1,1,1,0,0
3218,0,0,0,1,0,0,0,1,1,0,0,1,0,1,1,1,1,0
3219,0,0,0,1,0,0,0,1,1,1,0,1,1,1,0,1,0,0
3220,0,0,0,1,0,0,0,1,1,1,0,1,0,1,0,1,1,0
3221,0,0,0,1,0,0,0,1,1,0,0,1,1,1,0,1,1,0
3222,0,0,0,1,0,0,0,1,1,0,1,1,0,0,1,1,0,1
3223,0,0,0,1,0,0,0,1,1,1,1,1,0,0,0,1,0,1
3224,0,0,0,1,0,0,0,1,1,0,1,1,1,0,0,1,0,1
3225,0,0,0,1,0,0,0,1,1,0,1,1,0,0,0,1,1,1
3226,0,0,0,1,0,0,0,1,1,1,1,1,0,0,1,1,0,0
3227,0,0,0,1,0,0,0,1,1,0,1,1,1,0,1,1,0,0
3228,0,0,0,1,0,0,0,1,1,0,1,1,0,0,1,1,1,0
3229,0,0,0,1,0,0,0,1,1,1,1,1,1,0,0,1,0,0
3230,0,0,0,1,0,0,0,1,1,1,1,1,0,0,0,1,1,0
3231,0,0,0,1,0,0,0,1,1,0,1,1,1,0,0,1,1,0
3232,0,0,0,1,0,0,0,1,1,1,0,1,0,0,1,1,0,1
3233,0,0,0,1,0,0,0,1,1,0,0,1,1,0,1,1,0,1
3234,0,0,0,1,0,0,0,1,1,0,0,1,0,0,1,1,1,1
3235,0,0,0,1,0,0,0,1,1,1,0,1,1,0,0,1,0,1
3236,0,0,0,1,0,0,0,1,1,1,0,1,0,0,0,1,1,1
3237,0,0,0,1,0,0,0,1,1,0,0,1,1,0,0,1,1,1
3238,0,0,0,1,0,0,0,1,1,1,0,1,1,0,1,1,0,0
3239,0,0,0,1,0,0,0,1,1,1,0,1,0,0,1,1,1,0
3240,0,0,0,1,0,0,0,1,1,0,0,1,1,0,1,1,1,0
3241,0,0,0,1,0,0,0,1,1,1,0,1,1,0,0,1,1,0
3242,0,0,0,1,0,0,0,1,1,0,1,0,0,1,1,1,0,1
3243,0,0,0,1,0,0,0,1,1,1,1,0,0,1,0,1,0,1
3244,0,0,0,1,0,0,0,1,1,0,1,0,1,1,0,1,0,1
3245,0,0,0,1,0,0,0,1,1,0,1,0,0,1,0,1,1,1
3246,0,0,0,1,0,0,0,1,1,1,1,0,0,1,1,1,0,0
3247,0,0,0,1,0,0,0,1,1,0,1,0,1,1,1,1,0,0
3248,0,0,0,1,0,0,0,1,1,0,1,0,0,1,1,1,1,0
3249,0,0,0,1,0,0,0,1,1,1,1,0,1,1,0,1,0,0
3250,0,0,0,1,0,0,0,1,1,1,1,0,0,1,0,1,1,0
3251,0,0,0,1,0,0,0,1,1,0,1,0,1,1,0,1,1,0
3252,0,0,0,1,0,0,0,1,1,1,0,0,0,1,1,1,0,1
3253,0,0,0,1,0,0,0,1,1,0,0,0,1,1,1,1,0,1
3254,0,0,0,1,0,0,0,1,1,0,0,0,0,1,1,1,1,1
3255,0,0,0,1,0,0,0,1,1,1,0,0,1,1,0,1,0,1
3256,0,0,0,1,0,0,0,1,1,1,0,0,0,1,0,1,1,1
3257,0,0,0,1,0,0,0,1,1,0,0,0,1,1,0,1,1,1
3258,0,0,0,1,0,0,0,1,1,1,0,0,1,1,1,1,0,0
3259,0,0,0,1,0,0,0,1,1,1,0,0,0,1,1,1,1,0
3260,0,0,0,1,0,0,0,1,1,0,0,0,1,1,1,1,1,0
3261,0,0,0,1,0,0,0,1,1,1,0,0,1,1,0,1,1,0
3262,0,0,0,1,0,0,0,1,1,1,1,0,0,0,1,1,0,1
3263,0,0,0,1,0,0,0,1,1,0,1,0,1,0,1,1,0,1
3264,0,0,0,1,0,0,0,1,1,0,1,0,0,0,1,1,1,1
3265,0,0,0,1,0,0,0,1,1,1,1,0,1,0,0,1,0,1
3266,0,0,0,1,0,0,0,1,1,1,1,0,0,0,0,1,1,1
3267,0,0,0,1,0,0,0,1,1,0,1,0,1,0,0,1,1,1
3268,0,0,0,1,0,0,0,1,1,1,1,0,1,0,1,1,0,0
3269,0,0,0,1,0,0,0,1,1,1,1,0,0,0,1,1,1,0
3270,0,0,0,1,0,0,0,1,1,0,1,0,1,0,1,1,1,0
3271,0,0,0,1,0,0,0,1,1,1,1,0,1,0,0,1,1,0
3272,0,0,0,1,0,0,0,1,1,1,0,0,1,0,1,1,0,1
3273,0,0,0,1,0,0,0,1,1,1,0,0,0,0,1,1,1,1
3274,0,0,0,1,0,0,0,1,1,0,0,0,1,0,1,1,1,1
3275,0,0,0,1,0,0,0,1,1,1,0,0,1,0,0,1,1,1
3276,0,0,0,1,0,0,0,1,1,1,0,0,1,0,1,1,1,0
3277,0,1,0,0,0,1,1,1,1,0,1,1,0,1,0,0,0,0
3278,0,1,0,0,0,1,1,1,1,0,0,1,0,1,0,0,0,1
3279,0,1,0,0,0,1,1,1,1,0,0,1,0,1,1,0,0,0
3280,0,1,0,0,0,1,1,1,1,1,0,1,0,1,0,0,0,0
3281,0,1,0,0,0,1,1,1,1,0,0,1,1,1,0,0,0,0
3282,0,1,0,0,0,1,1,1,1,0,0,1,0,1,0,0,1,0
3283,0,1,0,0,0,1,1,1,1,0,1,1,0,0,0,0,0,1
3284,0,1,0,0,0,1,1,1,1,0,1,1,0,0,1,0,0,0
3285,0,1,0,0,0,1,1,1,1,1,1,1,0,0,0,0,0,0
3286,0,1,0,0,0,1,1,1,1,0,1,1,1,0,0,0,0,0
3287,0,1,0,0,0,1,1,1,1,0,1,1,0,0,0,0,1,0
3288,0,1,0,0,0,1,1,1,1,0,0,1,0,0,1,0,0,1
3289,0,1,0,0,0,1,1,1,1,1,0,1,0,0,0,0,0,1
3290,0,1,0,0,0,1,1,1,1,0,0,1,1,0,0,0,0,1
3291,0,1,0,0,0,1,1,1,1,0,0,1,0,0,0,0,1,1
3292,0,1,0,0,0,1,1,1,1,1,0,1,0,0,1,0,0,0
3293,0,1,0,0,0,1,1,1,1,0,0,1,1,0,1,0,0,0
3294,0,1,0,0,0,1,1,1,1,0,0,1,0,0,1,0,1,0
3295,0,1,0,0,0,1,1,1,1,1,0,1,1,0,0,0,0,0
3296,0,1,0,0,0,1,1,1,1,1,0,1,0,0,0,0,1,0
3297,0,1,0,0,0,1,1,1,1,0,0,1,1,0,0,0,1,0
3298,0,1,0,0,0,1,1,1,1,0,1,0,0,1,0,0,0,1
3299,0,1,0,0,0,1,1,1,1,0,1,0,0,1,1,0,0,0
3300,0,1,0,0,0,1,1,1,1,1,1,0,0,1,0,0,0,0
3301,0,1,0,0,0,1,1,1,1,0,1,0,1,1,0,0,0,0
3302,0,1,0,0,0,1,1,1,1,0,1,0,0,1,0,0,1,0
3303,0,1,0,0,0,1,1,1,1,0,0,0,0,1,1,0,0,1
3304,0,1,0,0,0,1,1,1,1,1,0,0,0,1,0,0,0,1
3305,0,1,0,0,0,1,1,1,1,0,0,0,1,1,0,0,0,1
3306,0,1,0,0,0,1,1,1,1,0,0,0,0,1,0,0,1,1
3307,0,1,0,0,0,1,1,1,1,1,0,0,0,1,1,0,0,0
3308,0,1,0,0,0,1,1,1,1,0,0,0,1,1,1,0,0,0
3309,0,1,0,0,0,1,1,1,1,0,0,0,0,1,1,0,1,0
3310,0,1,0,0,0,1,1,1,1,1,0,0,1,1,0,0,0,0
3311,0,1,0,0,0,1,1,1,1,1,0,0,0,1,0,0,1,0
3312,0,1,0,0,0,1,1,1,1,0,0,0,1,1,0,0,1,0
3313,0,1,0,0,0,1,1,1,1,0,1,0,0,0,1,0,0,1
3314,0,1,0,0,0,1,1,1,1,1,1,0,0,0,0,0,0,1
3315,0,1,0,0,0,1,1,1,1,0,1,0,1,0,0,0,0,1
3316,0,1,0,0,0,1,1,1,1,0,1,0,0,0,0,0,1,1
3317,0,1,0,0,0,1,1,1,1,1,1,0,0,0,1,0,0,0
3318,0,1,0,0,0,1,1,1,1,0,1,0,1,0,1,0,0,0
3319,0,1,0,0,0,1,1,1,1,0,1,0,0,0,1,0,1,0
3320,0,1,0,0,0,1,1,1,1,1,1,0,1,0,0,0,0,0
3321,0,1,0,0,0,1,1,1,1,1,1,0,0,0,0,0,1,0
3322,0,1,0,0,0,1,1,1,1,0,1,0,1,0,0,0,1,0
3323,0,1,0,0,0,1,1,1,1,1,0,0,0,0,1,0,0,1
3324,0,1,0,0,0,1,1,1,1,0,0,0,1,0,1,0,0,1
3325,0,1,0,0,0,1,1,1,1,0,0,0,0,0,1,0,1,1
3326,0,1,0,0,0,1,1,1,1,1,0,0,1,0,0,0,0,1
3327,0,1,0,0,0,1,1,1,1,1,0,0,0,0,0,0,1,1
3328,0,1,0,0,0,1,1,1,1,0,0,0,1,0,0,0,1,1
3329,0,1,0,0,0,1,1,1,1,1,0,0,1,0,1,0,0,0
3330,0,1,0,0,0,1,1,1,1,1,0,0,0,0,1,0,1,0
3331,0,1,0,0,0,1,1,1,1,0,0,0,1,0,1,0,1,0
3332,0,1,0,0,0,1,1,1,1,1,0,0,1,0,0,0,1,0
3333,0,1,0,0,0,1,0,1,1,0,1,1,0,1,0,0,0,1
3334,0,1,0,0,0,1,0,1,1,0,1,1,0,1,1,0,0,0
3335,0,1,0,0,0,1,0,1,1,1,1,1,0,1,0,0,0,0
3336,0,1,0,0,0,1,0,1,1,0,1,1,1,1,0,0,0,0
3337,0,1,0,0,0,1,0,1,1,0,1,1,0,1,0,0,1,0
3338,0,1,0,0,0,1,0,1,1,0,0,1,0,1,1,0,0,1
3339,0,1,0,0,0,1,0,1,1,1,0,1,0,1,0,0,0,1
3340,0,1,0,0,0,1,0,1,1,0,0,1,1,1,0,0,0,1
3341,0,1,0,0,0,1,0,1,1,0,0,1,0,1,0,0,1,1
3342,0,1,0,0,0,1,0,1,1,1,0,1,0,1,1,0,0,0
3343,0,1,0,0,0,1,0,1,1,0,0,1,1,1,1,0,0,0
3344,0,1,0,0,0,1,0,1,1,0,0,1,0,1,1,0,1,0
3345,0,1,0,0,0,1,0,1,1,1,0,1,1,1,0,0,0,0
3346,0,1,0,0,0,1,0,1,1,1,0,1,0,1,0,0,1,0
3347,0,1,0,0,0,1,0,1,1,0,0,1,1,1,0,0,1,0
3348,0,1,0,0,0,1,0,1,1,0,1,1,0,0,1,0,0,1
3349,0,1,0,0,0,1,0,1,1,1,1,1,0,0,0,0,0,1
3350,0,1,0,0,0,1,0,1,1,0,1,1,1,0,0,0,0,1
3351,0,1,0,0,0,1,0,1,1,0,1,1,0,0,0,0,1,1
3352,0,1,0,0,0,1,0,1,1,1,1,1,0,0,1,0,0,0
3353,0,1,0,0,0,1,0,1,1,0,1,1,1,0,1,0,0,0
3354,0,1,0,0,0,1,0,1,1,0,1,1,0,0,1,0,1,0
3355,0,1,0,0,0,1,0,1,1,1,1,1,1,0,0,0,0,0
3356,0,1,0,0,0,1,0,1,1,1,1,1,0,0,0,0,1,0
3357,0,1,0,0,0,1,0,1,1,0,1,1,1,0,0,0,1,0
3358,0,1,0,0,0,1,0,1,1,1,0,1,0,0,1,0,0,1
3359,0,1,0,0,0,1,0,1,1,0,0,1,1,0,1,0,0,1
3360,0,1,0,0,0,1,0,1,1,0,0,1,0,0,1,0,1,1
3361,0,1,0,0,0,1,0,1,1,1,0,1,1,0,0,0,0,1
3362,0,1,0,0,0,1,0,1,1,1,0,1,0,0,0,0,1,1
3363,0,1,0,0,0,1,0,1,1,0,0,1,1,0,0,0,1,1
3364,0,1,0,0,0,1,0,1,1,1,0,1,1,0,1,0,0,0
3365,0,1,0,0,0,1,0,1,1,1,0,1,0,0,1,0,1,0
3366,0,1,0,0,0,1,0,1,1,0,0,1,1,0,1,0,1,0
3367,0,1,0,0,0,1,0,1,1,1,0,1,1,0,0,0,1,0
3368,0,1,0,0,0,1,0,1,1,0,1,0,0,1,1,0,0,1
3369,0,1,0,0,0,1,0,1,1,1,1,0,0,1,0,0,0,1
3370,0,1,0,0,0,1,0,1,1,0,1,0,1,1,0,0,0,1
3371,0,1,0,0,0,1,0,1,1,0,1,0,0,1,0,0,1,1
3372,0,1,0,0,0,1,0,1,1,1,1,0,0,1,1,0,0,0
3373,0,1,0,0,0,1,0,1,1,0,1,0,1,1,1,0,0,0
3374,0,1,0,0,0,1,0,1,1,0,1,0,0,1,1,0,1,0
3375,0,1,0,0,0,1,0,1,1,1,1,0,1,1,0,0,0,0
3376,0,1,0,0,0,1,0,1,1,1,1,0,0,1,0,0,1,0
3377,0,1,0,0,0,1,0,1,1,0,1,0,1,1,0,0,1,0
3378,0,1,0,0,0,1,0,1,1,1,0,0,0,1,1,0,0,1
3379,0,1,0,0,0,1,0,1,1,0,0,0,1,1,1,0,0,1
3380,0,1,0,0,0,1,0,1,1,0,0,0,0,1,1,0,1,1
3381,0,1,0,0,0,1,0,1,1,1,0,0,1,1,0,0,0,1
3382,0,1,0,0,0,1,0,1,1,1,0,0,0,1,0,0,1,1
3383,0,1,0,0,0,1,0,1,1,0,0,0,1,1,0,0,1,1
3384,0,1,0,0,0,1,0,1,1,1,0,0,1,1,1,0,0,0
3385,0,1,0,0,0,1,0,1,1,1,0,0,0,1,1,0,1,0
3386,0,1,0,0,0,1,0,1,1,0,0,0,1,1,1,0,1,0
3387,0,1,0,0,0,1,0,1,1,1,0,0,1,1,0,0,1,0
3388,0,1,0,0,0,1,0,1,1,1,1,0,0,0,1,0,0,1
3389,0,1,0,0,0,1,0,1,1,0,1,0,1,0,1,0,0,1
3390,0,1,0,0,0,1,0,1,1,0,1,0,0,0,1,0,1,1
3391,0,1,0,0,0,1,0,1,1,1,1,0,1,0,0,0,0,1
3392,0,1,0,0,0,1,0,1,1,1,1,0,0,0,0,0,1,1
3393,0,1,0,0,0,1,0,1,1,0,1,0,1,0,0,0,1,1
3394,0,1,0,0,0,1,0,1,1,1,1,0,1,0,1,0,0,0
3395,0,1,0,0,0,1,0,1,1,1,1,0,0,0,1,0,1,0
3396,0,1,0,0,0,1,0,1,1,0,1,0,1,0,1,0,1,0
3397,0,1,0,0,0,1,0,1,1,1,1,0,1,0,0,0,1,0
3398,0,1,0,0,0,1,0,1,1,1,0,0,1,0,1,0,0,1
3399,0,1,0,0,0,1,0,1,1,1,0,0,0,0,1,0,1,1
3400,0,1,0,0,0,1,0,1,1,0,0,0,1,0,1,0,1,1
3401,0,1,0,0,0,1,0,1,1,1,0,0,1,0,0,0,1,1
3402,0,1,0,0,0,1,0,1,1,1,0,0,1,0,1,0,1,0
3403,1,1,0,0,0,0,1,1,1,0,1,1,0,1,0,0,0,0
3404,1,1,0,0,0,0,1,1,1,0,0,1,0,1,0,0,0,1
3405,1,1,0,0,0,0,1,1,1,0,0,1,0,1,1,0,0,0
3406,1,1,0,0,0,0,1,1,1,1,0,1,0,1,0,0,0,0
3407,1,1,0,0,0,0,1,1,1,0,0,1,1,1,0,0,0,0
3408,1,1,0,0,0,0,1,1,1,0,0,1,0,1,0,0,1,0
3409,1,1,0,0,0,0,1,1,1,0,1,1,0,0,0,0,0,1
3410,1,1,0,0,0,0,1,1,1,0,1,1,0,0,1,0,0,0
3411,1,1,0,0,0,0,1,1,1,1,1,1,0,0,0,0,0,0
3412,1,1,0,0,0,0,1,1,1,0,1,1,1,0,0,0,0,0
3413,1,1,0,0,0,0,1,1,1,0,1,1,0,0,0,0,1,0
3414,1,1,0,0,0,0,1,1,1,0,0,1,0,0,1,0,0,1
3415,1,1,0,0,0,0,1,1,1,1,0,1,0,0,0,0,0,1
3416,1,1,0,0,0,0,1,1,1,0,0,1,1,0,0,0,0,1
3417,1,1,0,0,0,0,1,1,1,0,0,1,0,0,0,0,1,1
3418,1,1,0,0,0,0,1,1,1,1,0,1,0,0,1,0,0,0
3419,1,1,0,0,0,0,1,1,1,0,0,1,1,0,1,0,0,0
3420,1,1,0,0,0,0,1,1,1,0,0,1,0,0,1,0,1,0
3421,1,1,0,0,0,0,1,1,1,1,0,1,1,0,0,0,0,0
3422,1,1,0,0,0,0,1,1,1,1,0,1,0,0,0,0,1,0
3423,1,1,0,0,0,0,1,1,1,0,0,1,1,0,0,0,1,0
3424,1,1,0,0,0,0,1,1,1,0,1,0,0,1,0,0,0,1
3425,1,1,0,0,0,0,1,1,1,0,1,0,0,1,1,0,0,0
3426,1,1,0,0,0,0,1,1,1,1,1,0,0,1,0,0,0,0
3427,1,1,0,0,0,0,1,1,1,0,1,0,1,1,0,0,0,0
3428,1,1,0,0,0,0,1,1,1,0,1,0,0,1,0,0,1,0
3429,1,1,0,0,0,0,1,1,1,0,0,0,0,1,1,0,0,1
3430,1,1,0,0,0,0,1,1,1,1,0,0,0,1,0,0,0,1
3431,1,1,0,0,0,0,1,1,1,0,0,0,1,1,0,0,0,1
3432,1,1,0,0,0,0,1,1,1,0,0,0,0,1,0,0,1,1
3433,1,1,0,0,0,0,1,1,1,1,0,0,0,1,1,0,0,0
3434,1,1,0,0,0,0,1,1,1,0,0,0,1,1,1,0,0,0
3435,1,1,0,0,0,0,1,1,1,0,0,0,0,1,1,0,1,0
3436,1,1,0,0,0,0,1,1,1,1,0,0,1,1,0,0,0,0
3437,1,1,0,0,0,0,1,1,1,1,0,0,0,1,0,0,1,0
3438,1,1,0,0,0,0,1,1,1,0,0,0,1,1,0,0,1,0
3439,1,1,0,0,0,0,1,1,1,0,1,0,0,0,1,0,0,1
3440,1,1,0,0,0,0,1,1,1,1,1,0,0,0,0,0,0,1
3441,1,1,0,0,0,0,1,1,1,0,1,0,1,0,0,0,0,1
3442,1,1,0,0,0,0,1,1,1,0,1,0,0,0,0,0,1,1
3443,1,1,0,0,0,0,1,1,1,1,1,0,0,0,1,0,0,0
3444,1,1,0,0,0,0,1,1,1,0,1,0,1,0,1,0,0,0
3445,1,1,0,0,0,0,1,1,1,0,1,0,0,0,1,0,1,0
3446,1,1,0,0,0,0,1,1,1,1,1,0,1,0,0,0,0,0
3447,1,1,0,0,0,0,1,1,1,1,1,0,0,0,0,0,1,0
3448,1,1,0,0,0,0,1,1,1,0,1,0,1,0,0,0,1,0
3449,1,1,0,0,0,0,1,1,1,1,0,0,0,0,1,0,0,1
3450,1,1,0,0,0,0,1,1,1,0,0,0,1,0,1,0,0,1
3451,1,1,0,0,0,0,1,1,1,0,0,0,0,0,1,0,1,1
3452,1,1,0,0,0,0,1,1,1,1,0,0,1,0,0,0,0,1
3453,1,1,0,0,0,0,1,1,1,1,0,0,0,0,0,0,1,1
3454,1,1,0,0,0,0,1,1,1,0,0,0,1,0,0,0,1,1
3455,1,1,0,0,0,0,1,1,1,1,0,0,1,0,1,0,0,0
3456,1,1,0,0,0,0,1,1,1,1,0,0,0,0,1,0,1,0
3457,1,1,0,0,0,0,1,1,1,0,0,0,1,0,1,0,1,0
3458,1,1,0,0,0,0,1,1,1,1,0,0,1,0,0,0,1,0
3459,1,1,0,0,0,0,0,1,1,0,1,1,0,1,0,0,0,1
3460,1,1,0,0,0,0,0,1,1,0,1,1,0,1,1,0,0,0
3461,1,1,0,0,0,0,0,1,1,1,1,1,0,1,0,0,0,0
3462,1,1,0,0,0,0,0,1,1,0,1,1,1,1,0,0,0,0
3463,1,1,0,0,0,0,0,1,1,0,1,1,0,1,0,0,1,0
3464,1,1,0,0,0,0,0,1,1,0,0,1,0,1,1,0,0,1
3465,1,1,0,0,0,0,0,1,1,1,0,1,0,1,0,0,0,1
3466,1,1,0,0,0,0,0,1,1,0,0,1,1,1,0,0,0,1
3467,1,1,0,0,0,0,0,1,1,0,0,1,0,1,0,0,1,1
3468,1,1,0,0,0,0,0,1,1,1,0,1,0,1,1,0,0,0
3469,1,1,0,0,0,0,0,1,1,0,0,1,1,1,1,0,0,0
3470,1,1,0,0,0,0,0,1,1,0,0,1,0,1,1,0,1,0
3471,1,1,0,0,0,0,0,1,1,1,0,1,1,1,0,0,0,0
3472,1,1,0,0,0,0,0,1,1,1,0,1,0,1,0,0,1,0
3473,1,1,0,0,0,0,0,1,1,0,0,1,1,1,0,0,1,0
3474,1,1,0,0,0,0,0,1,1,0,1,1,0,0,1,0,0,1
3475,1,1,0,0,0,0,0,1,1,1,1,1,0,0,0,0,0,1
3476,1,1,0,0,0,0,0,1,1,0,1,1,1,0,0,0,0,1
3477,1,1,0,0,0,0,0,1,1,0,1,1,0,0,0,0,1,1
3478,1,1,0,0,0,0,0,1,1,1,1,1,0,0,1,0,0,0
3479,1,1,0,0,0,0,0,1,1,0,1,1,1,0,1,0,0,0
3480,1,1,0,0,0,0,0,1,1,0,1,1,0,0,1,0,1,0
3481,1,1,0,0,0,0,0,1,1,1,1,1,1,0,0,0,0,0
3482,1,1,0,0,0,0,0,1,1,1,1,1,0,0,0,0,1,0
3483,1,1,0,0,0,0,0,1,1,0,1,1,1,0,0,0,1,0
3484,1,1,0,0,0,0,0,1,1,1,0,1,0,0,1,0,0,1
3485,1,1,0,0,0,0,0,1,1,0,0,1,1,0,1,0,0,1
3486,1,1,0,0,0,0,0,1,1,0,0,1,0,0,1,0,1,1
3487,1,1,0,0,0,0,0,1,1,1,0,1,1,0,0,0,0,1
3488,1,1,0,0,0,0,0,1,1,1,0,1,0,0,0,0,1,1
3489,1,1,0,0,0,0,0,1,1,0,0,1,1,0,0,0,1,1
3490,1,1,0,0,0,0,0,1,1,1,0,1,1,0,1,0,0,0
3491,1,1,0,0,0,0,0,1,1,1,0,1,0,0,1,0,1,0
3492,1,1,0,0,0,0,0,1,1,0,0,1,1,0,1,0,1,0
3493,1,1,0,0,0,0,0,1,1,1,0,1,1,0,0,0,1,0
3494,1,1,0,0,0,0,0,1,1,0,1,0,0,1,1,0,0,1
3495,1,1,0,0,0,0,0,1,1,1,1,0,0,1,0,0,0,1
3496,1,1,0,0,0,0,0,1,1,0,1,0,1,1,0,0,0,1
3497,1,1,0,0,0,0,0,1,1,0,1,0,0,1,0,0,1,1
3498,1,1,0,0,0,0,0,1,1,1,1,0,0,1,1,0,0,0
3499,1,1,0,0,0,0,0,1,1,0,1,0,1,1,1,0,0,0
3500,1,1,0,0,0,0,0,1,1,0,1,0,0,1,1,0,1,0
3501,1,1,0,0,0,0,0,1,1,1,1,0,1,1,0,0,0,0
3502,1,1,0,0,0,0,0,1,1,1,1,0,0,1,0,0,1,0
3503,1,1,0,0,0,0,0,1,1,0,1,0,1,1,0,0,1,0
3504,1,1,0,0,0,0,0,1,1,1,0,0,0,1,1,0,0,1
3505,1,1,0,0,0,0,0,1,1,0,0,0,1,1,1,0,0,1
3506,1,1,0,0,0,0,0,1,1,0,0,0,0,1,1,0,1,1
3507,1,1,0,0,0,0,0,1,1,1,0,0,1,1,0,0,0,1
3508,1,1,0,0,0,0,0,1,1,1,0,0,0,1,0,0,1,1
3509,1,1,0,0,0,0,0,1,1,0,0,0,1,1,0,0,1,1
3510,1,1,0,0,0,0,0,1,1,1,0,0,1,1,1,0,0,0
3511,1,1,0,0,0,0,0,1,1,1,0,0,0,1,1,0,1,0
3512,1,1,0,0,0,0,0,1,1,0,0,0,1,1,1,0,1,0
3513,1,1,0,0,0,0,0,1,1,1,0,0,1,1,0,0,1,0
3514,1,1,0,0,0,0,0,1,1,1,1,0,0,0,1,0,0,1
3515,1,1,0,0,0,0,0,1,1,0,1,0,1,0,1,0,0,1
3516,1,1,0,0,0,0,0,1,1,0,1,0,0,0,1,0,1,1
3517,1,1,0,0,0,0,0,1,1,1,1,0,1,0,0,0,0,1
3518,1,1,0,0,0,0,0,1,1,1,1,0,0,0,0,0,1,1
3519,1,1,0,0,0,0,0,1,1,0,1,0,1,0,0,0,1,1
3520,1,1,0,0,0,0,0,1,1,1,1,0,1,0,1,0,0,0
3521,1,1,0,0,0,0,0,1,1,1,1,0,0,0,1,0,1,0
3522,1,1,0,0,0,0,0,1,1,0,1,0,1,0,1,0,1,0
3523,1,1,0,0,0,0,0,1,1,1,1,0,1,0,0,0,1,0
3524,1,1,0,0,0,0,0,1,1,1,0,0,1,0,1,0,0,1
3525,1,1,0,0,0,0,0,1,1,1,0,0,0,0,1,0,1,1
3526,1,1,0,0,0,0,0,1,1,0,0,0,1,0,1,0,1,1
3527,1,1,0,0,0,0,0,1,1,1,0,0,1,0,0,0,1,1
3528,1,1,0,0,0,0,0,1,1,1,0,0,1,0,1,0,1,0
3529,0,1,1,0,0,0,1,1,1,0,1,1,0,1,0,0,0,0
3530,0,1,1,0,0,0,1,1,1,0,0,1,0,1,0,0,0,1
3531,0,1,1,0,0,0,1,1,1,0,0,1,0,1,1,0,0,0
3532,0,1,1,0,0,0,1,1,1,1,0,1,0,1,0,0,0,0
3533,0,1,1,0,0,0,1,1,1,0,0,1,1,1,0,0,0,0
3534,0,1,1,0,0,0,1,1,1,0,0,1,0,1,0,0,1,0
3535,0,1,1,0,0,0,1,1,1,0,1,1,0,0,0,0,0,1
3536,0,1,1,0,0,0,1,1,1,0,1,1,0,0,1,0,0,0
3537,0,1,1,0,0,0,1,1,1,1,1,1,0,0,0,0,0,0
3538,0,1,1,0,0,0,1,1,1,0,1,1,1,0,0,0,0,0
3539,0,1,1,0,0,0,1,1,1,0,1,1,0,0,0,0,1,0
3540,0,1,1,0,0,0,1,1,1,0,0,1,0,0,1,0,0,1
3541,0,1,1,0,0,0,1,1,1,1,0,1,0,0,0,0,0,1
3542,0,1,1,0,0,0,1,1,1,0,0,1,1,0,0,0,0,1
3543,0,1,1,0,0,0,1,1,1,0,0,1,0,0,0,0,1,1
3544,0,1,1,0,0,0,1,1,1,1,0,1,0,0,1,0,0,0
3545,0,1,1,0,0,0,1,1,1,0,0,1,1,0,1,0,0,0
3546,0,1,1,0,0,0,1,1,1,0,0,1,0,0,1,0,1,0
3547,0,1,1,0,0,0,1,1,1,1,0,1,1,0,0,0,0,0
3548,0,1,1,0,0,0,1,1,1,1,0,1,0,0,0,0,1,0
3549,0,1,1,0,0,0,1,1,1,0,0,1,1,0,0,0,1,0
3550,0,1,1,0,0,0,1,1,1,0,1,0,0,1,0,0,0,1
3551,0,1,1,0,0,0,1,1,1,0,1,0,0,1,1,0,0,0
3552,0,1,1,0,0,0,1,1,1,1,1,0,0,1,0,0,0,0
3553,0,1,1,0,0,0,1,1,1,0,1,0,1,1,0,0,0,0
3554,0,1,1,0,0,0,1,1,1,0,1,0,0,1,0,0,1,0
3555,0,1,1,0,0,0,1,1,1,0,0,0,0,1,1,0,0,1
3556,0,1,1,0,0,0,1,1,1,1,0,0,0,1,0,0,0,1
3557,0,1,1,0,0,0,1,1,1,0,0,0,1,1,0,0,0,1
3558,0,1,1,0,0,0,1,1,1,0,0,0,0,1,0,0,1,1
3559,0,1,1,0,0,0,1,1,1,1,0,0,0,1,1,0,0,0
3560,0,1,1,0,0,0,1,1,1,0,0,0,1,1,1,0,0,0
3561,0,1,1,0,0,0,1,1,1,0,0,0,0,1,1,0,1,0
3562,0,1,1,0,0,0,1,1,1,1,0,0,1,1,0,0,0,0
3563,0,1,1,0,0,0,1,1,1,1,0,0,0,1,0,0,1,0
3564,0,1,1,0,0,0,1,1,1,0,0,0,1,1,0,0,1,0
3565,0,1,1,0,0,0,1,1,1,0,1,0,0,0,1,0,0,1
3566,0,1,1,0,0,0,1,1,1,1,1,0,0,0,0,0,0,1
3567,0,1,1,0,0,0,1,1,1,0,1,0,1,0,0,0,0,1
3568,0,1,1,0,0,0,1,1,1,0,1,0,0,0,0,0,1,1
3569,0,1,1,0,0,0,1,1,1,1,1,0,0,0,1,0,0,0
3570,0,1,1,0,0,0,1,1,1,0,1,0,1,0,1,0,0,0
3571,0,1,1,0,0,0,1,1,1,0,1,0,0,0,1,0,1,0
3572,0,1,1,0,0,0,1,1,1,1,1,0,1,0,0,0,0,0
3573,0,1,1,0,0,0,1,1,1,1,1,0,0,0,0,0,1,0
3574,0,1,1,0,0,0,1,1,1,0,1,0,1,0,0,0,1,0
3575,0,1,1,0,0,0,1,1,1,1,0,0,0,0,1,0,0,1
3576,0,1,1,0,0,0,1,1,1,0,0,0,1,0,1,0,0,1
3577,0,1,1,0,0,0,1,1,1,0,0,0,0,0,1,0,1,1
3578,0,1,1,0,0,0,1,1,1,1,0,0,1,0,0,0,0,1
3579,0,1,1,0,0,0,1,1,1,1,0,0,0,0,0,0,1,1
3580,0,1,1,0,0,0,1,1,1,0,0,0,1,0,0,0,1,1
3581,0,1,1,0,0,0,1,1,1,1,0,0,1,0,1,0,0,0
3582,0,1,1,0,0,0,1,1,1,1,0,0,0,0,1,0,1,0
3583,0,1,1,0,0,0,1,1,1,0,0,0,1,0,1,0,1,0
3584,0,1,1,0,0,0,1,1,1,1,0,0,1,0,0,0,1,0
3585,0,1,1,0,0,0,0,1,1,0,1,1,0,1,0,0,0,1
3586,0,1,1,0,0,0,0,1,1,0,1,1,0,1,1,0,0,0
3587,0,1,1,0,0,0,0,1,1,1,1,1,0,1,0,0,0,0
3588,0,1,1,0,0,0,0,1,1,0,1,1,1,1,0,0,0,0
3589,0,1,1,0,0,0,0,1,1,0,1,1,0,1,0,0,1,0
3590,0,1,1,0,0,0,0,1,1,0,0,1,0,1,1,0,0,1
3591,0,1,1,0,0,0,0,1,1,1,0,1,0,1,0,0,0,1
3592,0,1,1,0,0,0,0,1,1,0,0,1,1,1,0,0,0,1
3593,0,1,1,0,0,0,0,1,1,0,0,1,0,1,0,0,1,1
3594,0,1,1,0,0,0,0,1,1,1,0,1,0,1,1,0,0,0
3595,0,1,1,0,0,0,0,1,1,0,0,1,1,1,1,0,0,0
3596,0,1,1,0,0,0,0,1,1,0,0,1,0,1,1,0,1,0
3597,0,1,1,0,0,0,0,1,1,1,0,1,1,1,0,0,0,0
3598,0,1,1,0,0,0,0,1,1,1,0,1,0,1,0,0,1,0
3599,0,1,1,0,0,0,0,1,1,0,0,1,1,1,0,0,1,0
3600,0,1,1,0,0,0,0,1,1,0,1,1,0,0,1,0,0,1
3601,0,1,1,0,0,0,0,1,1,1,1,1,0,0,0,0,0,1
3602,0,1,1,0,0,0,0,1,1,0,1,1,1,0,0,0,0,1
3603,0,1,1,0,0,0,0,1,1,0,1,1,0,0,0,0,1,1
3604,0,1,1,0,0,0,0,1,1,1,1,1,0,0,1,0,0,0
3605,0,1,1,0,0,0,0,1,1,0,1,1,1,0,1,0,0,0
3606,0,1,1,0,0,0,0,1,1,0,1,1,0,0,1,0,1,0
3607,0,1,1,0,0,0,0,1,1,1,1,1,1,0,0,0,0,0
3608,0,1,1,0,0,0,0,1,1,1,1,1,0,0,0,0,1,0
3609,0,1,1,0,0,0,0,1,1,0,1,1,1,0,0,0,1,0
3610,0,1,1,0,0,0,0,1,1,1,0,1,0,0,1,0,0,1
3611,0,1,1,0,0,0,0,1,1,0,0,1,1,0,1,0,0,1
3612,0,1,1,0,0,0,0,1,1,0,0,1,0,0,1,0,1,1
3613,0,1,1,0,0,0,0,1,1,1,0,1,1,0,0,0,0,1
3614,0,1,1,0,0,0,0,1,1,1,0,1,0,0,0,0,1,1
3615,0,1,1,0,0,0,0,1,1,0,0,1,1,0,0,0,1,1
3616,0,1,1,0,0,0,0,1,1,1,0,1,1,0,1,0,0,0
3617,0,1,1,0,0,0,0,1,1,1,0,1,0,0,1,0,1,0
3618,0,1,1,0,0,0,0,1,1,0,0,1,1,0,1,0,1,0
3619,0,1,1,0,0,0,0,1,1,1,0,1,1,0,0,0,1,0
3620,0,1,1,0,0,0,0,1,1,0,1,0,0,1,1,0,0,1
3621,0,1,1,0,0,0,0,1,1,1,1,0,0,1,0,0,0,1
3622,0,1,1,0,0,0,0,1,1,0,1,0,1,1,0,0,0,1
3623,0,1,1,0,0,0,0,1,1,0,1,0,0,1,0,0,1,1
3624,0,1,1,0,0,0,0,1,1,1,1,0,0,1,1,0,0,0
3625,0,1,1,0,0,0,0,1,1,0,1,0,1,1,1,0,0,0
3626,0,1,1,0,0,0,0,1,1,0,1,0,0,1,1,0,1,0
3627,0,1,1,0,0,0,0,1,1,1,1,0,1,1,0,0,0,0
3628,0,1,1,0,0,0,0,1,1,1,1,0,0,1,0,0,1,0
3629,0,1,1,0,0,0,0,1,1,0,1,0,1,1,0,0,1,0
3630,0,1,1,0,0,0,0,1,1,1,0,0,0,1,1,0,0,1
3631,0,1,1,0,0,0,0,1,1,0,0,0,1,1,1,0,0,1
3632,0,1,1,0,0,0,0,1,1,0,0,0,0,1,1,0,1,1
3633,0,1,1,0,0,0,0,1,1,1,0,0,1,1,0,0,0,1
3634,0,1,1,0,0,0,0,1,1,1,0,0,0,1,0,0,1,1
3635,0,1,1,0,0,0,0,1,1,0,0,0,1,1,0,0,1,1
3636,0,1,1,0,0,0,0,1,1,1,0,0,1,1,1,0,0,0
3637,0,1,1,0,0,0,0,1,1,1,0,0,0,1,1,0,1,0
3638,0,1,1,0,0,0,0,1,1,0,0,0,1,1,1,0,1,0
3639,0,1,1,0,0,0,0,1,1,1,0,0,1,1,0,0,1,0
3640,0,1,1,0,0,0,0,1,1,1,1,0,0,0,1,0,0,1
3641,0,1,1,0,0,0,0,1,1,0,1,0,1,0,1,0,0,1
3642,0,1,1,0,0,0,0,1,1,0,1,0,0,0,1,0,1,1
3643,0,1,1,0,0,0,0,1,1,1,1,0,1,0,0,0,0,1
3644,0,1,1,0,0,0,0,1,1,1,1,0,0,0,0,0,1,1
3645,0,1,1,0,0,0,0,1,1,0,1,0,1,0,0,0,1,1
3646,0,1,1,0,0,0,0,1,1,1,1,0,1,0,1,0,0,0
3647,0,1,1,0,0,0,0,1,1,1,1,0,0,0,1,0,1,0
3648,0,1,1,0,0,0,0,1,1,0,1,0,1,0,1,0,1,0
3649,0,1,1,0,0,0,0,1,1,1,1,0,1,0,0,0,1,0
3650,0,1,1,0,0,0,0,1,1,1,0,0,1,0,1,0,0,1
3651,0,1,1,0,0,0,0,1,1,1,0,0,0,0,1,0,1,1
3652,0,1,1,0,0,0,0,1,1,0,0,0,1,0,1,0,1,1
3653,0,1,1,0,0,0,0,1,1,1,0,0,1,0,0,0,1,1
3654,0,1,1,0,0,0,0,1,1,1,0,0,1,0,1,0,1,0
3655,0,1,0,1,0,0,1,1,1,0,1,1,0,1,0,0,0,0
3656,0,1,0,1,0,0,1,1,1,0,0,1,0,1,0,0,0,1
3657,0,1,0,1,0,0,1,1,1,0,0,1,0,1,1,0,0,0
3658,0,1,0,1,0,0,1,1,1,1,0,1,0,1,0,0,0,0
3659,0,1,0,1,0,0,1,1,1,0,0,1,1,1,0,0,0,0
3660,0,1,0,1,0,0,1,1,1,0,0,1,0,1,0,0,1,0
3661,0,1,0,1,0,0,1,1,1,0,1,1,0,0,0,0,0,1
3662,0,1,0,1,0,0,1,1,1,0,1,1,0,0,1,0,0,0
3663,0,1,0,1,0,0,1,1,1,1,1,1,0,0,0,0,0,0
3664,0,1,0,1,0,0,1,1,1,0,1,1,1,0,0,0,0,0
3665,0,1,0,1,0,0,1,1,1,0,1,1,0,0,0,0,1,0
3666,0,1,0,1,0,0,1,1,1,0,0,1,0,0,1,0,0,1
3667,0,1,0,1,0,0,1,1,1,1,0,1,0,0,0,0,0,1
3668,0,1,0,1,0,0,1,1,1,0,0,1,1,0,0,0,0,1
3669,0,1,0,1,0,0,1,1,1,0,0,1,0,0,0,0,1,1
3670,0,1,0,1,0,0,1,1,1,1,0,1,0,0,1,0,0,0
3671,0,1,0,1,0,0,1,1,1,0,0,1,1,0,1,0,0,0
3672,0,1,0,1,0,0,1,1,1,0,0,1,0,0,1,0,1,0
3673,0,1,0,1,0,0,1,1,1,1,0,1,1,0,0,0,0,0
3674,0,1,0,1,0,0,1,1,1,1,0,1,0,0,0,0,1,0
3675,0,1,0,1,0,0,1,1,1,0,0,1,1,0,0,0,1,0
3676,0,1,0,1,0,0,1,1,1,0,1,0,0,1,0,0,0,1
3677,0,1,0,1,0,0,1,1,1,0,1,0,0,1,1,0,0,0
3678,0,1,0,1,0,0,1,1,1,1,1,0,0,1,0,0,0,0
3679,0,1,0,1,0,0,1,1,1,0,1,0,1,1,0,0,0,0
3680,0,1,0,1,0,0,1,1,1,0,1,0,0,1,0,0,1,0
3681,0,1,0,1,0,0,1,1,1,0,0,0,0,1,1,0,0,1
3682,0,1,0,1,0,0,1,1,1,1,0,0,0,1,0,0,0,1
3683,0,1,0,1,0,0,1,1,1,0,0,0,1,1,0,0,0,1
3684,0,1,0,1,0,0,1,1,1,0,0,0,0,1,0,0,1,1
3685,0,1,0,1,0,0,1,1,1,1,0,0,0,1,1,0,0,0
3686,0,1,0,1,0,0,1,1,1,0,0,0,1,1,1,0,0,0
3687,0,1,0,1,0,0,1,1,1,0,0,0,0,1,1,0,1,0
3688,0,1,0,1,0,0,1,1,1,1,0,0,1,1,0,0,0,0
3689,0,1,0,1,0,0,1,1,1,1,0,0,0,1,0,0,1,0
3690,0,1,0,1,0,0,1,1,1,0,0,0,1,1,0,0,1,0
3691,0,1,0,1,0,0,1,1,1,0,1,0,0,0,1,0,0,1
3692,0,1,0,1,0,0,1,1,1,1,1,0,0,0,0,0,0,1
3693,0,1,0,1,0,0,1,1,1,0,1,0,1,0,0,0,0,1
3694,0,1,0,1,0,0,1,1,1,0,1,0,0,0,0,0,1,1
3695,0,1,0,1,0,0,1,1,1,1,1,0,0,0,1,0,0,0
3696,0,1,0,1,0,0,1,1,1,0,1,0,1,0,1,0,0,0
3697,0,1,0,1,0,0,1,1,1,0,1,0,0,0,1,0,1,0
3698,0,1,0,1,0,0,1,1,1,1,1,0,1,0,0,0,0,0
3699,0,1,0,1,0,0,1,1,1,1,1,0,0,0,0,0,1,0
3700,0,1,0,1,0,0,1,1,1,0,1,0,1,0,0,0,1,0
3701,0,1,0,1,0,0,1,1,1,1,0,0,0,0,1,0,0,1
3702,0,1,0,1,0,0,1,1,1,0,0,0,1,0,1,0,0,1
3703,0,1,0,1,0,0,1,1,1,0,0,0,0,0,1,0,1,1
3704,0,1,0,1,0,0,1,1,1,1,0,0,1,0,0,0,0,1
3705,0,1,0,1,0,0,1,1,1,1,0,0,0,0,0,0,1,1
3706,0,1,0,1,0,0,1,1,1,0,0,0,1,0,0,0,1,1
3707,0,1,0,1,0,0,1,1,1,1,0,0,1,0,1,0,0,0
3708,0,1,0,1,0,0,1,1,1,1,0,0,0,0,1,0,1,0
3709,0,1,0,1,0,0,1,1,1,0,0,0,1,0,1,0,1,0
3710,0,1,0,1,0,0,1,1,1,1,0,0,1,0,0,0,1,0
3711,0,1,0,1,0,0,0,1,1,0,1,1,0,1,0,0,0,1
3712,0,1,0,1,0,0,0,1,1,0,1,1,0,1,1,0,0,0
3713,0,1,0,1,0,0,0,1,1,1,1,1,0,1,0,0,0,0
3714,0,1,0,1,0,0,0,1,1,0,1,1,1,1,0,0,0,0
3715,0,1,0,1,0,0,0,1,1,0,1,1,0,1,0,0,1,0
3716,0,1,0,1,0,0,0,1,1,0,0,1,0,1,1,0,0,1
3717,0,1,0,1,0,0,0,1,1,1,0,1,0,1,0,0,0,1
3718,0,1,0,1,0,0,0,1,1,0,0,1,1,1,0,0,0,1
3719,0,1,0,1,0,0,0,1,1,0,0,1,0,1,0,0,1,1
3720,0,1,0,1,0,0,0,1,1,1,0,1,0,1,1,0,0,0
3721,0,1,0,1,0,0,0,1,1,0,0,1,1,1,1,0,0,0
3722,0,1,0,1,0,0,0,1,1,0,0,1,0,1,1,0,1,0
3723,0,1,0,1,0,0,0,1,1,1,0,1,1,1,0,0,0,0
3724,0,1,0,1,0,0,0,1,1,1,0,1,0,1,0,0,1,0
3725,0,1,0,1,0,0,0,1,1,0,0,1,1,1,0,0,1,0
3726,0,1,0,1,0,0,0,1,1,0,1,1,0,0,1,0,0,1
3727,0,1,0,1,0,0,0,1,1,1,1,1,0,0,0,0,0,1
3728,0,1,0,1,0,0,0,1,1,0,1,1,1,0,0,0,0,1
3729,0,1,0,1,0,0,0,1,1,0,1,1,0,0,0,0,1,1
3730,0,1,0,1,0,0,0,1,1,1,1,1,0,0,1,0,0,0
3731,0,1,0,1,0,0,0,1,1,0,1,1,1,0,1,0,0,0
3732,0,1,0,1,0,0,0,1,1,0,1,1,0,0,1,0,1,0
3733,0,1,0,1,0,0,0,1,1,1,1,1,1,0,0,0,0,0
3734,0,1,0,1,0,0,0,1,1,1,1,1,0,0,0,0,1,0
3735,0,1,0,1,0,0,0,1,1,0,1,1,1,0,0,0,1,0
3736,0,1,0,1,0,0,0,1,1,1,0,1,0,0,1,0,0,1
3737,0,1,0,1,0,0,0,1,1,0,0,1,1,0,1,0,0,1
3738,0,1,0,1,0,0,0,1,1,0,0,1,0,0,1,0,1,1
3739,0,1,0,1,0,0,0,1,1,1,0,1,1,0,0,0,0,1
3740,0,1,0,1,0,0,0,1,1,1,0,1,0,0,0,0,1,1
3741,0,1,0,1,0,0,0,1,1,0,0,1,1,0,0,0,1,1
3742,0,1,0,1,0,0,0,1,1,1,0,1,1,0,1,0,0,0
3743,0,1,0,1,0,0,0,1,1,1,0,1,0,0,1,0,1,0
3744,0,1,0,1,0,0,0,1,1,0,0,1,1,0,1,0,1,0
3745,0,1,0,1,0,0,0,1,1,1,0,1,1,0,0,0,1,0
3746,0,1,0,1,0,0,0,1,1,0,1,0,0,1,1,0,0,1
3747,0,1,0,1,0,0,0,1,1,1,1,0,0,1,0,0,0,1
3748,0,1,0,1,0,0,0,1,1,0,1,0,1,1,0,0,0,1
3749,0,1,0,1,0,0,0,1,1,0,1,0,0,1,0,0,1,1
3750,0,1,0,1,0,0,0,1,1,1,1,0,0,1,1,0,0,0
3751,0,1,0,1,0,0,0,1,1,0,1,0,1,1,1,0,0,0
3752,0,1,0,1,0,0,0,1,1,0,1,0,0,1,1,0,1,0
3753,0,1,0,1,0,0,0,1,1,1,1,0,1,1,0,0,0,0
3754,0,1,0,1,0,0,0,1,1,1,1,0,0,1,0,0,1,0
3755,0,1,0,1,0,0,0,1,1,0,1,0,1,1,0,0,1,0
3756,0,1,0,1,0,0,0,1,1,1,0,0,0,1,1,0,0,1
3757,0,1,0,1,0,0,0,1,1,0,0,0,1,1,1,0,0,1
3758,0,1,0,1,0,0,0,1,1,0,0,0,0,1,1,0,1,1
3759,0,1,0,1,0,0,0,1,1,1,0,0,1,1,0,0,0,1
3760,0,1,0,1,0,0,0,1,1,1,0,0,0,1,0,0,1,1
3761,0,1,0,1,0,0,0,1,1,0,0,0,1,1,0,0,1,1
3762,0,1,0,1,0,0,0,1,1,1,0,0,1,1,1,0,0,0
3763,0,1,0,1,0,0,0,1,1,1,0,0,0,1,1,0,1,0
3764,0,1,0,1,0,0,0,1,1,0,0,0,1,1,1,0,1,0
3765,0,1,0,1,0,0,0,1,1,1,0,0,1,1,0,0,1,0
3766,0,1,0,1,0,0,0,1,1,1,1,0,0,0,1,0,0,1
3767,0,1,0,1,0,0,0,1,1,0,1,0,1,0,1,0,0,1
3768,0,1,0,1,0,0,0,1,1,0,1,0,0,0,1,0,1,1
3769,0,1,0,1,0,0,0,1,1,1,1,0,1,0,0,0,0,1
3770,0,1,0,1,0,0,0,1,1,1,1,0,0,0,0,0,1,1
3771,0,1,0,1,0,0,0,1,1,0,1,0,1,0,0,0,1,1
3772,0,1,0,1,0,0,0,1,1,1,1,0,1,0,1,0,0,0
3773,0,1,0,1,0,0,0,1,1,1,1,0,0,0,1,0,1,0
3774,0,1,0,1,0,0,0,1,1,0,1,0,1,0,1,0,1,0
3775,0,1,0,1,0,0,0,1,1,1,1,0,1,0,0,0,1,0
3776,0,1,0,1,0,0,0,1,1,1,0,0,1,0,1,0,0,1
3777,0,1,0,1,0,0,0,1,1,1,0,0,0,0,1,0,1,1
3778,0,1,0,1,0,0,0,1,1,0,0,0,1,0,1,0,1,1
3779,0,1,0,1,0,0,0,1,1,1,0,0,1,0,0,0,1,1
3780,0,1,0,1,0,0,0,1,1,1,0,0,1,0,1,0,1,0
3781,1,0,0,0,0,1,1,1,1,0,1,1,0,1,0,0,0,0
3782,1,0,0,0,0,1,1,1,1,0,0,1,0,1,0,0,0,1
3783,1,0,0,0,0,1,1,1,1,0,0,1,0,1,1,0,0,0
3784,1,0,0,0,0,1,1,1,1,1,0,1,0,1,0,0,0,0
3785,1,0,0,0,0,1,1,1,1,0,0,1,1,1,0,0,0,0
3786,1,0,0,0,0,1,1,1,1,0,0,1,0,1,0,0,1,0
3787,1,0,0,0,0,1,1,1,1,0,1,1,0,0,0,0,0,1
3788,1,0,0,0,0,1,1,1,1,0,1,1,0,0,1,0,0,0
3789,1,0,0,0,0,1,1,1,1,1,1,1,0,0,0,0,0,0
3790,1,0,0,0,0,1,1,1,1,0,1,1,1,0,0,0,0,0
3791,1,0,0,0,0,1,1,1,1,0,1,1,0,0,0,0,1,0
3792,1,0,0,0,0,1,1,1,1,0,0,1,0,0,1,0,0,1
3793,1,0,0,0,0,1,1,1,1,1,0,1,0,0,0,0,0,1
3794,1,0,0,0,0,1,1,1,1,0,0,1,1,0,0,0,0,1
3795,1,0,0,0,0,1,1,1,1,0,0,1,0,0,0,0,1,1
3796,1,0,0,0,0,1,1,1,1,1,0,1,0,0,1,0,0,0
3797,1,0,0,0,0,1,1,1,1,0,0,1,1,0,1,0,0,0
3798,1,0,0,0,0,1,1,1,1,0,0,1,0,0,1,0,1,0
3799,1,0,0,0,0,1,1,1,1,1,0,1,1,0,0,0,0,0
3800,1,0,0,0,0,1,1,1,1,1,0,1,0,0,0,0,1,0
3801,1,0,0,0,0,1,1,1,1,0,0,1,1,0,0,0,1,0
3802,1,0,0,0,0,1,1,1,1,0,1,0,0,1,0,0,0,1
3803,1,0,0,0,0,1,1,1,1,0,1,0,0,1,1,0,0,0
3804,1,0,0,0,0,1,1,1,1,1,1,0,0,1,0,0,0,0
3805,1,0,0,0,0,1,1,1,1,0,1,0,1,1,0,0,0,0
3806,1,0,0,0,0,1,1,1,1,0,1,0,0,1,0,0,1,0
3807,1,0,0,0,0,1,1,1,1,0,0,0,0,1,1,0,0,1
3808,1,0,0,0,0,1,1,1,1,1,0,0,0,1,0,0,0,1
3809,1,0,0,0,0,1,1,1,1,0,0,0,1,1,0,0,0,1
3810,1,0,0,0,0,1,1,1,1,0,0,0,0,1,0,0,1,1
3811,1,0,0,0,0,1,1,1,1,1,0,0,0,1,1,0,0,0
3812,1,0,0,0,0,1,1,1,1,0,0,0,1,1,1,0,0,0
3813,1,0,0,0,0,1,1,1,1,0,0,0,0,1,1,0,1,0
3814,1,0,0,0,0,1,1,1,1,1,0,0,1,1,0,0,0,0
3815,1,0,0,0,0,1,1,1,1,1,0,0,0,1,0,0,1,0
3816,1,0,0,0,0,1,1,1,1,0,0,0,1,1,0,0,1,0
3817,1,0,0,0,0,1,1,1,1,0,1,0,0,0,1,0,0,1
3818,1,0,0,0,0,1,1,1,1,1,1,0,0,0,0,0,0,1
3819,1,0,0,0,0,1,1,1,1,0,1,0,1,0,0,0,0,1
3820,1,0,0,0,0,1,1,1,1,0,1,0,0,0,0,0,1,1
3821,1,0,0,0,0,1,1,1,1,1,1,0,0,0,1,0,0,0
3822,1,0,0,0,0,1,1,1,1,0,1,0,1,0,1,0,0,0
3823,1,0,0,0,0,1,1,1,1,0,1,0,0,0,1,0,1,0
3824,1,0,0,0,0,1,1,1,1,1,1,0,1,0,0,0,0,0
3825,1,0,0,0,0,1,1,1,1,1,1,0,0,0,0,0,1,0
3826,1,0,0,0,0,1,1,1,1,0,1,0,1,0,0,0,1,0
3827,1,0,0,0,0,1,1,1,1,1,0,0,0,0,1,0,0,1
3828,1,0,0,0,0,1,1,1,1,0,0,0,1,0,1,0,0,1
3829,1,0,0,0,0,1,1,1,1,0,0,0,0,0,1,0,1,1
3830,1,0,0,0,0,1,1,1,1,1,0,0,1,0,0,0,0,1
3831,1,0,0,0,0,1,1,1,1,1,0,0,0,0,0,0,1,1
3832,1,0,0,0,0,1,1,1,1,0,0,0,1,0,0,0,1,1
3833,1,0,0,0,0,1,1,1,1,1,0,0,1,0,1,0,0,0
3834,1,0,0,0,0,1,1,1,1,1,0,0,0,0,1,0,1,0
3835,1,0,0,0,0,1,1,1,1,0,0,0,1,0,1,0,1,0
3836,1,0,0,0,0,1,1,1,1,1,0,0,1,0,0,0,1,0
3837,1,0,0,0,0,1,0,1,1,0,1,1,0,1,0,0,0,1
3838,1,0,0,0,0,1,0,1,1,0,1,1,0,1,1,0,0,0
3839,1,0,0,0,0,1,0,1,1,1,1,1,0,1,0,0,0,0
3840,1,0,0,0,0,1,0,1,1,0,1,1,1,1,0,0,0,0
3841,1,0,0,0,0,1,0,1,1,0,1,1,0,1,0,0,1,0
3842,1,0,0,0,0,1,0,1,1,0,0,1,0,1,1,0,0,1
3843,1,0,0,0,0,1,0,1,1,1,0,1,0,1,0,0,0,1
3844,1,0,0,0,0,1,0,1,1,0,0,1,1,1,0,0,0,1
3845,1,0,0,0,0,1,0,1,1,0,0,1,0,1,0,0,1,1
3846,1,0,0,0,0,1,0,1,1,1,0,1,0,1,1,0,0,0
3847,1,0,0,0,0,1,0,1,1,0,0,1,1,1,1,0,0,0
3848,1,0,0,0,0,1,0,1,1,0,0,1,0,1,1,0,1,0
3849,1,0,0,0,0,1,0,1,1,1,0,1,1,1,0,0,0,0
3850,1,0,0,0,0,1,0,1,1,1,0,1,0,1,0,0,1,0
3851,1,0,0,0,0,1,0,1,1,0,0,1,1,1,0,0,1,0
3852,1,0,0,0,0,1,0,1,1,0,1,1,0,0,1,0,0,1
3853,1,0,0,0,0,1,0,1,1,1,1,1,0,0,0,0,0,1
3854,1,0,0,0,0,1,0,1,1,0,1,1,1,0,0,0,0,1
3855,1,0,0,0,0,1,0,1,1,0,1,1,0,0,0,0,1,1
3856,1,0,0,0,0,1,0,1,1,1,1,1,0,0,1,0,0,0
3857,1,0,0,0,0,1,0,1,1,0,1,1,1,0,1,0,0,0
3858,1,0,0,0,0,1,0,1,1,0,1,1,0,0,1,0,1,0
3859,1,0,0,0,0,1,0,1,1,1,1,1,1,0,0,0,0,0
3860,1,0,0,0,0,1,0,1,1,1,1,1,0,0,0,0,1,0
3861,1,0,0,0,0,1,0,1,1,0,1,1,1,0,0,0,1,0
3862,1,0,0,0,0,1,0,1,1,1,0,1,0,0,1,0,0,1
3863,1,0,0,0,0,1,0,1,1,0,0,1,1,0,1,0,0,1
3864,1,0,0,0,0,1,0,1,1,0,0,1,0,0,1,0,1,1
3865,1,0,0,0,0,1,0,1,1,1,0,1,1,0,0,0,0,1
3866,1,0,0,0,0,1,0,1,1,1,0,1,0,0,0,0,1,1
3867,1,0,0,0,0,1,0,1,1,0,0,1,1,0,0,0,1,1
3868,1,0,0,0,0,1,0,1,1,1,0,1,1,0,1,0,0,0
3869,1,0,0,0,0,1,0,1,1,1,0,1,0,0,1,0,1,0
3870,1,0,0,0,0,1,0,1,1,0,0,1,1,0,1,0,1,0
3871,1,0,0,0,0,1,0,1,1,1,0,1,1,0,0,0,1,0
3872,1,0,0,0,0,1,0,1,1,0,1,0,0,1,1,0,0,1
3873,1,0,0,0,0,1,0,1,1,1,1,0,0,1,0,0,0,1
3874,1,0,0,0,0,1,0,1,1,0,1,0,1,1,0,0,0,1
3875,1,0,0,0,0,1,0,1,1,0,1,0,0,1,0,0,1,1
3876,1,0,0,0,0,1,0,1,1,1,1,0,0,1,1,0,0,0
3877,1,0,0,0,0,1,0,1,1,0,1,0,1,1,1,0,0,0
3878,1,0,0,0,0,1,0,1,1,0,1,0,0,1,1,0,1,0
3879,1,0,0,0,0,1,0,1,1,1,1,0,1,1,0,0,0,0
3880,1,0,0,0,0,1,0,1,1,1,1,0,0,1,0,0,1,0
3881,1,0,0,0,0,1,0,1,1,0,1,0,1,1,0,0,1,0
3882,1,0,0,0,0,1,0,1,1,1,0,0,0,1,1,0,0,1
3883,1,0,0,0,0,1,0,1,1,0,0,0,1,1,1,0,0,1
3884,1,0,0,0,0,1,0,1,1,0,0,0,0,1,1,0,1,1
3885,1,0,0,0,0,1,0,1,1,1,0,0,1,1,0,0,0,1
3886,1,0,0,0,0,1,0,1,1,1,0,0,0,1,0,0,1,1
3887,1,0,0,0,0,1,0,1,1,0,0,0,1,1,0,0,1,1
3888,1,0,0,0,0,1,0,1,1,1,0,0,1,1,1,0,0,0
3889,1,0,0,0,0,1,0,1,1,1,0,0,0,1,1,0,1,0
3890,1,0,0,0,0,1,0,1,1,0,0,0,1,1,1,0,1,0
3891,1,0,0,0,0,1,0,1,1,1,0,0,1,1,0,0,1,0
3892,1,0,0,0,0,1,0,1,1,1,1,0,0,0,1,0,0,1
3893,1,0,0,0,0,1,0,1,1,0,1,0,1,0,1,0,0,1
3894,1,0,0,0,0,1,0,1,1,0,1,0,0,0,1,0,1,1
3895,1,0,0,0,0,1,0,1,1,1,1,0,1,0,0,0,0,1
3896,1,0,0,0,0,1,0,1,1,1,1,0,0,0,0,0,1,1
3897,1,0,0,0,0,1,0,1,1,0,1,0,1,0,0,0,1,1
3898,1,0,0,0,0,1,0,1,1,1,1,0,1,0,1,0,0,0
3899,1,0,0,0,0,1,0,1,1,1,1,0,0,0,1,0,1,0
3900,1,0,0,0,0,1,0,1,1,0,1,0,1,0,1,0,1,0
3901,1,0,0,0,0,1,0,1,1,1,1,0,1,0,0,0,1,0
3902,1,0,0,0,0,1,0,1,1,1,0,0,1,0,1,0,0,1
3903,1,0,0,0,0,1,0,1,1,1,0,0,0,0,1,0,1,1
3904,1,0,0,0,0,1,0,1,1,0,0,0,1,0,1,0,1,1
3905,1,0,0,0,0,1,0,1,1,1,0,0,1,0,0,0,1,1
3906,1,0,0,0,0,1,0,1,1,1,0,0,1,0,1,0,1,0
3907,0,0,1,0,0,1,1,1,1,0,1,1,0,1,0,0,0,0
3908,0,0,1,0,0,1,1,1,1,0,0,1,0,1,0,0,0,1
3909,0,0,1,0,0,1,1,1,1,0,0,1,0,1,1,0,0,0
3910,0,0,1,0,0,1,1,1,1,1,0,1,0,1,0,0,0,0
3911,0,0,1,0,0,1,1,1,1,0,0,1,1,1,0,0,0,0
3912,0,0,1,0,0,1,1,1,1,0,0,1,0,1,0,0,1,0
3913,0,0,1,0,0,1,1,1,1,0,1,1,0,0,0,0,0,1
3914,0,0,1,0,0,1,1,1,1,0,1,1,0,0,1,0,0,0
3915,0,0,1,0,0,1,1,1,1,1,1,1,0,0,0,0,0,0
3916,0,0,1,0,0,1,1,1,1,0,1,1,1,0,0,0,0,0
3917,0,0,1,0,0,1,1,1,1,0,1,1,0,0,0,0,1,0
3918,0,0,1,0,0,1,1,1,1,0,0,1,0,0,1,0,0,1
3919,0,0,1,0,0,1,1,1,1,1,0,1,0,0,0,0,0,1
3920,0,0,1,0,0,1,1,1,1,0,0,1,1,0,0,0,0,1
3921,0,0,1,0,0,1,1,1,1,0,0,1,0,0,0,0,1,1
3922,0,0,1,0,0,1,1,1,1,1,0,1,0,0,1,0,0,0
3923,0,0,1,0,0,1,1,1,1,0,0,1,1,0,1,0,0,0
3924,0,0,1,0,0,1,1,1,1,0,0,1,0,0,1,0,1,0
3925,0,0,1,0,0,1,1,1,1,1,0,1,1,0,0,0,0,0
3926,0,0,1,0,0,1,1,1,1,1,0,1,0,0,0,0,1,0
3927,0,0,1,0,0,1,1,1,1,0,0,1,1,0,0,0,1,0
3928,0,0,1,0,0,1,1,1,1,0,1,0,0,1,0,0,0,1
3929,0,0,1,0,0,1,1,1,1,0,1,0,0,1,1,0,0,0
3930,0,0,1,0,0,1,1,1,1,1,1,0,0,1,0,0,0,0
3931,0,0,1,0,0,1,1,1,1,0,1,0,1,1,0,0,0,0
3932,0,0,1,0,0,1,1,1,1,0,1,0,0,1,0,0,1,0
3933,0,0,1,0,0,1,1,1,1,0,0,0,0,1,1,0,0,1
3934,0,0,1,0,0,1,1,1,1,1,0,0,0,1,0,0,0,1
3935,0,0,1,0,0,1,1,1,1,0,0,0,1,1,0,0,0,1
3936,0,0,1,0,0,1,1,1,1,0,0,0,0,1,0,0,1,1
3937,0,0,1,0,0,1,1,1,1,1,0,0,0,1,1,0,0,0
3938,0,0,1,0,0,1,1,1,1,0,0,0,1,1,1,0,0,0
3939,0,0,1,0,0,1,1,1,1,0,0,0,0,1,1,0,1,0
3940,0,0,1,0,0,1,1,1,1,1,0,0,1,1,0,0,0,0
3941,0,0,1,0,0,1,1,1,1,1,0,0,0,1,0,0,1,0
3942,0,0,1,0,0,1,1,1,1,0,0,0,1,1,0,0,1,0
3943,0,0,1,0,0,1,1,1,1,0,1,0,0,0,1,0,0,1
3944,0,0,1,0,0,1,1,1,1,1,1,0,0,0,0,0,0,1
3945,0,0,1,0,0,1,1,1,1,0,1,0,1,0,0,0,0,1
3946,0,0,1,0,0,1,1,1,1,0,1,0,0,0,0,0,1,1
3947,0,0,1,0,0,1,1,1,1,1,1,0,0,0,1,0,0,0
3948,0,0,1,0,0,1,1,1,1,0,1,0,1,0,1,0,0,0
3949,0,0,1,0,0,1,1,1,1,0,1,0,0,0,1,0,1,0
3950,0,0,1,0,0,1,1,1,1,1,1,0,1,0,0,0,0,0
3951,0,0,1,0,0,1,1,1,1,1,1,0,0,0,0,0,1,0
3952,0,0,1,0,0,1,1,1,1,0,1,0,1,0,0,0,1,0
3953,0,0,1,0,0,1,1,1,1,1,0,0,0,0,1,0,0,1
3954,0,0,1,0,0,1,1,1,1,0,0,0,1,0,1,0,0,1
3955,0,0,1,0,0,1,1,1,1,0,0,0,0,0,1,0,1,1
3956,0,0,1,0,0,1,1,1,1,1,0,0,1,0,0,0,0,1
3957,0,0,1,0,0,1,1,1,1,1,0,0,0,0,0,0,1,1
3958,0,0,1,0,0,1,1,1,1,0,0,0,1,0,0,0,1,1
3959,0,0,1,0,0,1,1,1,1,1,0,0,1,0,1,0,0,0
3960,0,0,1,0,0,1,1,1,1,1,0,0,0,0,1,0,1,0
3961,0,0,1,0,0,1,1,1,1,0,0,0,1,0,1,0,1,0
3962,0,0,1,0,0,1,1,1,1,1,0,0,1,0,0,0,1,0
3963,0,0,1,0,0,1,0,1,1,0,1,1,0,1,0,0,0,1
3964,0,0,1,0,0,1,0,1,1,0,1,1,0,1,1,0,0,0
3965,0,0,1,0,0,1,0,1,1,1,1,1,0,1,0,0,0,0
3966,0,0,1,0,0,1,0,1,1,0,1,1,1,1,0,0,0,0
3967,0,0,1,0,0,1,0,1,1,0,1,1,0,1,0,0,1,0
3968,0,0,1,0,0,1,0,1,1,0,0,1,0,1,1,0,0,1
3969,0,0,1,0,0,1,0,1,1,1,0,1,0,1,0,0,0,1
3970,0,0,1,0,0,1,0,1,1,0,0,1,1,1,0,0,0,1
3971,0,0,1,0,0,1,0,1,1,0,0,1,0,1,0,0,1,1
3972,0,0,1,0,0,1,0,1,1,1,0,1,0,1,1,0,0,0
3973,0,0,1,0,0,1,0,1,1,0,0,1,1,1,1,0,0,0
3974,0,0,1,0,0,1,0,1,1,0,0,1,0,1,1,0,1,0
3975,0,0,1,0,0,1,0,1,1,1,0,1,1,1,0,0,0,0
3976,0,0,1,0,0,1,0,1,1,1,0,1,0,1,0,0,1,0
3977,0,0,1,0,0,1,0,1,1,0,0,1,1,1,0,0,1,0
3978,0,0,1,0,0,1,0,1,1,0,1,1,0,0,1,0,0,1
3979,0,0,1,0,0,1,0,1,1,1,1,1,0,0,0,0,0,1
3980,0,0,1,0,0,1,0,1,1,0,1,1,1,0,0,0,0,1
3981,0,0,1,0,0,1,0,1,1,0,1,1,0,0,0,0,1,1
3982,0,0,1,0,0,1,0,1,1,1,1,1,0,0,1,0,0,0
3983,0,0,1,0,0,1,0,1,1,0,1,1,1,0,1,0,0,0
3984,0,0,1,0,0,1,0,1,1,0,1,1,0,0,1,0,1,0
3985,0,0,1,0,0,1,0,1,1,1,1,1,1,0,0,0,0,0
3986,0,0,1,0,0,1,0,1,1,1,1,1,0,0,0,0,1,0
3987,0,0,1,0,0,1,0,1,1,0,1,1,1,0,0,0,1,0
3988,0,0,1,0,0,1,0,1,1,1,0,1,0,0,1,0,0,1
3989,0,0,1,0,0,1,0,1,1,0,0,1,1,0,1,0,0,1
3990,0,0,1,0,0,1,0,1,1,0,0,1,0,0,1,0,1,1
3991,0,0,1,0,0,1,0,1,1,1,0,1,1,0,0,0,0,1
3992,0,0,1,0,0,1,0,1,1,1,0,1,0,0,0,0,1,1
3993,0,0,1,0,0,1,0,1,1,0,0,1,1,0,0,0,1,1
3994,0,0,1,0,0,1,0,1,1,1,0,1,1,0,1,0,0,0
3995,0,0,1,0,0,1,0,1,1,1,0,1,0,0,1,0,1,0
3996,0,0,1,0,0,1,0,1,1,0,0,1,1,0,1,0,1,0
3997,0,0,1,0,0,1,0,1,1,1,0,1,1,0,0,0,1,0
3998,0,0,1,0,0,1,0,1,1,0,1,0,0,1,1,0,0,1
3999,0,0,1,0,0,1,0,1,1,1,1,0,0,1,0,0,0,1
4000,0,0,1,0,0,1,0,1,1,0,1,0,1,1,0,0,0,1
4001,0,0,1,0,0,1,0,1,1,0,1,0,0,1,0,0,1,1
4002,0,0,1,0,0,1,0,1,1,1,1,0,0,1,1,0,0,0
4003,0,0,1,0,0,1,0,1,1,0,1,0,1,1,1,0,0,0
4004,0,0,1,0,0,1,0,1,1,0,1,0,0,1,1,0,1,0
4005,0,0,1,0,0,1,0,1,1,1,1,0,1,1,0,0,0,0
4006,0,0,1,0,0,1,0,1,1,1,1,0,0,1,0,0,1,0
4007,0,0,1,0,0,1,0,1,1,0,1,0,1,1,0,0,1,0
4008,0,0,1,0,0,1,0,1,1,1,0,0,0,1,1,0,0,1
4009,0,0,1,0,0,1,0,1,1,0,0,0,1,1,1,0,0,1
4010,0,0,1,0,0,1,0,1,1,0,0,0,0,1,1,0,1,1
4011,0,0,1,0,0,1,0,1,1,1,0,0,1,1,0,0,0,1
4012,0,0,1,0,0,1,0,1,1,1,0,0,0,1,0,0,1,1
4013,0,0,1,0,0,1,0,1,1,0,0,0,1,1,0,0,1,1
4014,0,0,1,0,0,1,0,1,1,1,0,0,1,1,1,0,0,0
4015,0,0,1,0,0,1,0,1,1,1,0,0,0,1,1,0,1,0
4016,0,0,1,0,0,1,0,1,1,0,0,0,1,1,1,0,1,0
4017,0,0,1,0,0,1,0,1,1,1,0,0,1,1,0,0,1,0
4018,0,0,1,0,0,1,0,1,1,1,1,0,0,0,1,0,0,1
4019,0,0,1,0,0,1,0,1,1,0,1,0,1,0,1,0,0,1
4020,0,0,1,0,0,1,0,1,1,0,1,0,0,0,1,0,1,1
4021,0,0,1,0,0,1,0,1,1,1,1,0,1,0,0,0,0,1
4022,0,0,1,0,0,1,0,1,1,1,1,0,0,0,0,0,1,1
4023,0,0,1,0,0,1,0,1,1,0,1,0,1,0,0,0,1,1
4024,0,0,1,0,0,1,0,1,1,1,1,0,1,0,1,0,0,0
4025,0,0,1,0,0,1,0,1,1,1,1,0,0,0,1,0,1,0
4026,0,0,1,0,0,1,0,1,1,0,1,0,1,0,1,0,1,0
4027,0,0,1,0,0,1,0,1,1,1,1,0,1,0,0,0,1,0
4028,0,0,1,0,0,1,0,1,1,1,0,0,1,0,1,0,0,1
4029,0,0,1,0,0,1,0,1,1,1,0,0,0,0,1,0,1,1
4030,0,0,1,0,0,1,0,1,1,0,0,0,1,0,1,0,1,1
4031,0,0,1,0,0,1,0,1,1,1,0,0,1,0,0,0,1,1
4032,0,0,1,0,0,1,0,1,1,1,0,0,1,0,1,0,1,0
4033,0,0,0,1,0,1,1,1,1,0,1,1,0,1,0,0,0,0
4034,0,0,0,1,0,1,1,1,1,0,0,1,0,1,0,0,0,1
4035,0,0,0,1,0,1,1,1,1,0,0,1,0,1,1,0,0,0
4036,0,0,0,1,0,1,1,1,1,1,0,1,0,1,0,0,0,0
4037,0,0,0,1,0,1,1,1,1,0,0,1,1,1,0,0,0,0
4038,0,0,0,1,0,1,1,1,1,0,0,1,0,1,0,0,1,0
4039,0,0,0,1,0,1,1,1,1,0,1,1,0,0,0,0,0,1
4040,0,0,0,1,0,1,1,1,1,0,1,1,0,0,1,0,0,0
4041,0,0,0,1,0,1,1,1,1,1,1,1,0,0,0,0,0,0
4042,0,0,0,1,0,1,1,1,1,0,1,1,1,0,0,0,0,0
4043,0,0,0,1,0,1,1,1,1,0,1,1,0,0,0,0,1,0
4044,0,0,0,1,0,1,1,1,1,0,0,1,0,0,1,0,0,1
4045,0,0,0,1,0,1,1,1,1,1,0,1,0,0,0,0,0,1
4046,0,0,0,1,0,1,1,1,1,0,0,1,1,0,0,0,0,1
4047,0,0,0,1,0,1,1,1,1,0,0,1,0,0,0,0,1,1
4048,0,0,0,1,0,1,1,1,1,1,0,1,0,0,1,0,0,0
4049,0,0,0,1,0,1,1,1,1,0,0,1,1,0,1,0,0,0
4050,0,0,0,1,0,1,1,1,1,0,0,1,0,0,1,0,1,0
4051,0,0,0,1,0,1,1,1,1,1,0,1,1,0,0,0,0,0
4052,0,0,0,1,0,1,1,1,1,1,0,1,0,0,0,0,1,0
4053,0,0,0,1,0,1,1,1,1,0,0,1,1,0,0,0,1,0
4054,0,0,0,1,0,1,1,1,1,0,1,0,0,1,0,0,0,1
4055,0,0,0,1,0,1,1,1,1,0,1,0,0,1,1,0,0,0
4056,0,0,0,1,0,1,1,1,1,1,1,0,0,1,0,0,0,0
4057,0,0,0,1,0,1,1,1,1,0,1,0,1,1,0,0,0,0
4058,0,0,0,1,0,1,1,1,1,0,1,0,0,1,0,0,1,0
4059,0,0,0,1,0,1,1,1,1,0,0,0,0,1,1,0,0,1
4060,0,0,0,1,0,1,1,1,1,1,0,0,0,1,0,0,0,1
4061,0,0,0,1,0,1,1,1,1,0,0,0,1,1,0,0,0,1
4062,0,0,0,1,0,1,1,1,1,0,0,0,0,1,0,0,1,1
4063,0,0,0,1,0,1,1,1,1,1,0,0,0,1,1,0,0,0
4064,0,0,0,1,0,1,1,1,1,0,0,0,1,1,1,0,0,0
4065,0,0,0,1,0,1,1,1,1,0,0,0,0,1,1,0,1,0
4066,0,0,0,1,0,1,1,1,1,1,0,0,1,1,0,0,0,0
4067,0,0,0,1,0,1,1,1,1,1,0,0,0,1,0,0,1,0
4068,0,0,0,1,0,1,1,1,1,0,0,0,1,1,0,0,1,0
4069,0,0,0,1,0,1,1,1,1,0,1,0,0,0,1,0,0,1
4070,0,0,0,1,0,1,1,1,1,1,1,0,0,0,0,0,0,1
4071,0,0,0,1,0,1,1,1,1,0,1,0,1,0,0,0,0,1
4072,0,0,0,1,0,1,1,1,1,0,1,0,0,0,0,0,1,1
4073,0,0,0,1,0,1,1,1,1,1,1,0,0,0,1,0,0,0
4074,0,0,0,1,0,1,1,1,1,0,1,0,1,0,1,0,0,0
4075,0,0,0,1,0,1,1,1,1,0,1,0,0,0,1,0,1,0
4076,0,0,0,1,0,1,1,1,1,1,1,0,1,0,0,0,0,0
4077,0,0,0,1,0,1,1,1,1,1,1,0,0,0,0,0,1,0
4078,0,0,0,1,0,1,1,1,1,0,1,0,1,0,0,0,1,0
4079,0,0,0,1,0,1,1,1,1,1,0,0,0,0,1,0,0,1
4080,0,0,0,1,0,1,1,1,1,0,0,0,1,0,1,0,0,1
4081,0,0,0,1,0,1,1,1,1,0,0,0,0,0,1,0,1,1
4082,0,0,0,1,0,1,1,1,1,1,0,0,1,0,0,0,0,1
4083,0,0,0,1,0,1,1,1,1,1,0,0,0,0,0,0,1,1
4084,0,0,0,1,0,1,1,1,1,0,0,0,1,0,0,0,1,1
4085,0,0,0,1,0,1,1,1,1,1,0,0,1,0,1,0,0,0
4086,0,0,0,1,0,1,1,1,1,1,0,0,0,0,1,0,1,0
4087,0,0,0,1,0,1,1,1,1,0,0,0,1,0,1,0,1,0
4088,0,0,0,1,0,1,1,1,1,1,0,0,1,0,0,0,1,0
4089,0,0,0,1,0,1,0,1,1,0,1,1,0,1,0,0,0,1
4090,0,0,0,1,0,1,0,1,1,0,1,1,0,1,1,0,0,0
4091,0,0,0,1,0,1,0,1,1,1,1,1,0,1,0,0,0,0
4092,0,0,0,1,0,1,0,1,1,0,1,1,1,1,0,0,0,0
4093,0,0,0,1,0,1,0,1,1,0,1,1,0,1,0,0,1,0
4094,0,0,0,1,0,1,0,1,1,0,0,1,0,1,1,0,0,1
4095,0,0,0,1,0,1,0,1,1,1,0,1,0,1,0,0,0,1
4096,0,0,0,1,0,1,0,1,1,0,0,1,1,1,0,0,0,1
4097,0,0,0,1,0,1,0,1,1,0,0,1,0,1,0,0,1,1
4098,0,0,0,1,0,1,0,1,1,1,0,1,0,1,1,0,0,0
4099,0,0,0,1,0,1,0,1,1,0,0,1,1,1,1,0,0,0
4100,0,0,0,1,0,1,0,1,1,0,0,1,0,1,1,0,1,0
4101,0,0,0,1,0,1,0,1,1,1,0,1,1,1,0,0,0,0
4102,0,0,0,1,0,1,0,1,1,1,0,1,0,1,0,0,1,0
4103,0,0,0,1,0,1,0,1,1,0,0,1,1,1,0,0,1,0
4104,0,0,0,1,0,1,0,1,1,0,1,1,0,0,1,0,0,1
4105,0,0,0,1,0,1,0,1,1,1,1,1,0,0,0,0,0,1
4106,0,0,0,1,0,1,0,1,1,0,1,1,1,0,0,0,0,1
4107,0,0,0,1,0,1,0,1,1,0,1,1,0,0,0,0,1,1
4108,0,0,0,1,0,1,0,1,1,1,1,1,0,0,1,0,0,0
4109,0,0,0,1,0,1,0,1,1,0,1,1,1,0,1,0,0,0
4110,0,0,0,1,0,1,0,1,1,0,1,1,0,0,1,0,1,0
4111,0,0,0,1,0,1,0,1,1,1,1,1,1,0,0,0,0,0
4112,0,0,0,1,0,1,0,1,1,1,1,1,0,0,0,0,1,0
4113,0,0,0,1,0,1,0,1,1,0,1,1,1,0,0,0,1,0
4114,0,0,0,1,0,1,0,1,1,1,0,1,0,0,1,0,0,1
4115,0,0,0,1,0,1,0,1,1,0,0,1,1,0,1,0,0,1
4116,0,0,0,1,0,1,0,1,1,0,0,1,0,0,1,0,1,1
4117,0,0,0,1,0,1,0,1,1,1,0,1,1,0,0,0,0,1
4118,0,0,0,1,0,1,0,1,1,1,0,1,0,0,0,0,1,1
4119,0,0,0,1,0,1,0,1,1,0,0,1,1,0,0,0,1,1
4120,0,0,0,1,0,1,0,1,1,1,0,1,1,0,1,0,0,0
4121,0,0,0,1,0,1,0,1,1,1,0,1,0,0,1,0,1,0
4122,0,0,0,1,0,1,0,1,1,0,0,1,1,0,1,0,1,0
4123,0,0,0,1,0,1,0,1,1,1,0,1,1,0,0,0,1,0
4124,0,0,0,1,0,1,0,1,1,0,1,0,0,1,1,0,0,1
4125,0,0,0,1,0,1,0,1,1,1,1,0,0,1,0,0,0,1
4126,0,0,0,1,0,1,0,1,1,0,1,0,1,1,0,0,0,1
4127,0,0,0,1,0,1,0,1,1,0,1,0,0,1,0,0,1,1
4128,0,0,0,1,0,1,0,1,1,1,1,0,0,1,1,0,0,0
4129,0,0,0,1,0,1,0,1,1,0,1,0,1,1,1,0,0,0
4130,0,0,0,1,0,1,0,1,1,0,1,0,0,1,1,0,1,0
4131,0,0,0,1,0,1,0,1,1,1,1,0,1,1,0,0,0,0
4132,0,0,0,1,0,1,0,1,1,1,1,0,0,1,0,0,1,0
4133,0,0,0,1,0,1,0,1,1,0,1,0,1,1,0,0,1,0
4134,0,0,0,1,0,1,0,1,1,1,0,0,0,1,1,0,0,1
4135,0,0,0,1,0,1,0,1,1,0,0,0,1,1,1,0,0,1
4136,0,0,0,1,0,1,0,1,1,0,0,0,0,1,1,0,1,1
4137,0,0,0,1,0,1,0,1,1,1,0,0,1,1,0,0,0,1
4138,0,0,0,1,0,1,0,1,1,1,0,0,0,1,0,0,1,1
4139,0,0,0,1,0,1,0,1,1,0,0,0,1,1,0,0,1,1
4140,0,0,0,1,0,1,0,1,1,1,0,0,1,1,1,0,0,0
4141,0,0,0,1,0,1,0,1,1,1,0,0,0,1,1,0,1,0
4142,0,0,0,1,0,1,0,1,1,0,0,0,1,1,1,0,1,0
4143,0,0,0,1,0,1,0,1,1,1,0,0,1,1,0,0,1,0
4144,0,0,0,1,0,1,0,1,1,1,1,0,0,0,1,0,0,1
4145,0,0,0,1,0,1,0,1,1,0,1,0,1,0,1,0,0,1
4146,0,0,0,1,0,1,0,1,1,0,1,0,0,0,1,0,1,1
4147,0,0,0,1,0,1,0,1,1,1,1,0,1,0,0,0,0,1
4148,0,0,0,1,0,1,0,1,1,1,1,0,0,0,0,0,1,1
4149,0,0,0,1,0,1,0,1,1,0,1,0,1,0,0,0,1,1
4150,0,0,0,1,0,1,0,1,1,1,1,0,1,0,1,0,0,0
4151,0,0,0,1,0,1,0,1,1,1,1,0,0,0,1,0,1,0
4152,0,0,0,1,0,1,0,1,1,0,1,0,1,0,1,0,1,0
4153,0,0,0,1,0,1,0,1,1,1,1,0,1,0,0,0,1,0
4154,0,0,0,1,0,1,0,1,1,1,0,0,1,0,1,0,0,1
4155,0,0,0,1,0,1,0,1,1,1,0,0,0,0,1,0,1,1
4156,0,0,0,1,0,1,0,1,1,0,0,0,1,0,1,0,1,1
4157,0,0,0,1,0,1,0,1,1,1,0,0,1,0,0,0,1,1
4158,0,0,0,1,0,1,0,1,1,1,0,0,1,0,1,0,1,0
4159,1,0,1,0,0,0,1,1,1,0,1,1,0,1,0,0,0,0
4160,1,0,1,0,0,0,1,1,1,0,0,1,0,1,0,0,0,1
4161,1,0,1,0,0,0,1,1,1,0,0,1,0,1,1,0,0,0
4162,1,0,1,0,0,0,1,1,1,1,0,1,0,1,0,0,0,0
4163,1,0,1,0,0,0,1,1,1,0,0,1,1,1,0,0,0,0
4164,1,0,1,0,0,0,1,1,1,0,0,1,0,1,0,0,1,0
4165,1,0,1,0,0,0,1,1,1,0,1,1,0,0,0,0,0,1
4166,1,0,1,0,0,0,1,1,1,0,1,1,0,0,1,0,0,0
4167,1,0,1,0,0,0,1,1,1,1,1,1,0,0,0,0,0,0
4168,1,0,1,0,0,0,1,1,1,0,1,1,1,0,0,0,0,0
4169,1,0,1,0,0,0,1,1,1,0,1,1,0,0,0,0,1,0
4170,1,0,1,0,0,0,1,1,1,0,0,1,0,0,1,0,0,1
4171,1,0,1,0,0,0,1,1,1,1,0,1,0,0,0,0,0,1
4172,1,0,1,0,0,0,1,1,1,0,0,1,1,0,0,0,0,1
4173,1,0,1,0,0,0,1,1,1,0,0,1,0,0,0,0,1,1
4174,1,0,1,0,0,0,1,1,1,1,0,1,0,0,1,0,0,0
4175,1,0,1,0,0,0,1,1,1,0,0,1,1,0,1,0,0,0
4176,1,0,1,0,0,0,1,1,1,0,0,1,0,0,1,0,1,0
4177,1,0,1,0,0,0,1,1,1,1,0,1,1,0,0,0,0,0
4178,1,0,1,0,0,0,1,1,1,1,0,1,0,0,0,0,1,0
4179,1,0,1,0,0,0,1,1,1,0,0,1,1,0,0,0,1,0
4180,1,0,1,0,0,0,1,1,1,0,1,0,0,1,0,0,0,1
4181,1,0,1,0,0,0,1,1,1,0,1,0,0,1,1,0,0,0
4182,1,0,1,0,0,0,1,1,1,1,1,0,0,1,0,0,0,0
4183,1,0,1,0,0,0,1,1,1,0,1,0,1,1,0,0,0,0
4184,1,0,1,0,0,0,1,1,1,0,1,0,0,1,0,0,1,0
4185,1,0,1,0,0,0,1,1,1,0,0,0,0,1,1,0,0,1
4186,1,0,1,0,0,0,1,1,1,1,0,0,0,1,0,0,0,1
4187,1,0,1,0,0,0,1,1,1,0,0,0,1,1,0,0,0,1
4188,1,0,1,0,0,0,1,1,1,0,0,0,0,1,0,0,1,1
4189,1,0,1,0,0,0,1,1,1,1,0,0,0,1,1,0,0,0
4190,1,0,1,0,0,0,1,1,1,0,0,0,1,1,1,0,0,0
4191,1,0,1,0,0,0,1,1,1,0,0,0,0,1,1,0,1,0
4192,1,0,1,0,0,0,1,1,1,1,0,0,1,1,0,0,0,0
4193,1,0,1,0,0,0,1,1,1,1,0,0,0,1,0,0,1,0
4194,1,0,1,0,0,0,1,1,1,0,0,0,1,1,0,0,1,0
4195,1,0,1,0,0,0,1,1,1,0,1,0,0,0,1,0,0,1
4196,1,0,1,0,0,0,1,1,1,1,1,0,0,0,0,0,0,1
4197,1,0,1,0,0,0,1,1,1,0,1,0,1,0,0,0,0,1
4198,1,0,1,0,0,0,1,1,1,0,1,0,0,0,0,0,1,1
4199,1,0,1,0,0,0,1,1,1,1,1,0,0,0,1,0,0,0
4200,1,0,1,0,0,0,1,1,1,0,1,0,1,0,1,0,0,0
4201,1,0,1,0,0,0,1,1,1,0,1,0,0,0,1,0,1,0
4202,1,0,1,0,0,0,1,1,1,1,1,0,1,0,0,0,0,0
4203,1,0,1,0,0,0,1,1,1,1,1,0,0,0,0,0,1,0
4204,1,0,1,0,0,0,1,1,1,0,1,0,1,0,0,0,1,0
4205,1,0,1,0,0,0,1,1,1,1,0,0,0,0,1,0,0,1
4206,1,0,1,0,0,0,1,1,1,0,0,0,1,0,1,0,0,1
4207,1,0,1,0,0,0,1,1,1,0,0,0,0,0,1,0,1,1
4208,1,0,1,0,0,0,1,1,1,1,0,0,1,0,0,0,0,1
4209,1,0,1,0,0,0,1,1,1,1,0,0,0,0,0,0,1,1
4210,1,0,1,0,0,0,1,1,1,0,0,0,1,0,0,0,1,1
4211,1,0,1,0,0,0,1,1,1,1,0,0,1,0,1,0,0,0
4212,1,0,1,0,0,0,1,1,1,1,0,0,0,0,1,0,1,0
4213,1,0,1,0,0,0,1,1,1,0,0,0,1,0,1,0,1,0
4214,1,0,1,0,0,0,1,1,1,1,0,0,1,0,0,0,1,0
4215,1,0,1,0,0,0,0,1,1,0,1,1,0,1,0,0,0,1
4216,1,0,1,0,0,0,0,1,1,0,1,1,0,1,1,0,0,0
4217,1,0,1,0,0,0,0,1,1,1,1,1,0,1,0,0,0,0
4218,1,0,1,0,0,0,0,1,1,0,1,1,1,1,0,0,0,0
4219,1,0,1,0,0,0,0,1,1,0,1,1,0,1,0,0,1,0
4220,1,0,1,0,0,0,0,1,1,0,0,1,0,1,1,0,0,1
4221,1,0,1,0,0,0,0,1,1,1,0,1,0,1,0,0,0,1
4222,1,0,1,0,0,0,0,1,1,0,0,1,1,1,0,0,0,1
4223,1,0,1,0,0,0,0,1,1,0,0,1,0,1,0,0,1,1
4224,1,0,1,0,0,0,0,1,1,1,0,1,0,1,1,0,0,0
4225,1,0,1,0,0,0,0,1,1,0,0,1,1,1,1,0,0,0
4226,1,0,1,0,0,0,0,1,1,0,0,1,0,1,1,0,1,0
4227,1,0,1,0,0,0,0,1,1,1,0,1,1,1,0,0,0,0
4228,1,0,1,0,0,0,0,1,1,1,0,1,0,1,0,0,1,0
4229,1,0,1,0,0,0,0,1,1,0,0,1,1,1,0,0,1,0
4230,1,0,1,0,0,0,0,1,1,0,1,1,0,0,1,0,0,1
4231,1,0,1,0,0,0,0,1,1,1,1,1,0,0,0,0,0,1
4232,1,0,1,0,0,0,0,1,1,0,1,1,1,0,0,0,0,1
4233,1,0,1,0,0,0,0,1,1,0,1,1,0,0,0,0,1,1
4234,1,0,1,0,0,0,0,1,1,1,1,1,0,0,1,0,0,0
4235,1,0,1,0,0,0,0,1,1,0,1,1,1,0,1,0,0,0
4236,1,0,1,0,0,0,0,1,1,0,1,1,0,0,1,0,1,0
4237,1,0,1,0,0,0,0,1,1,1,1,1,1,0,0,0,0,0
4238,1,0,1,0,0,0,0,1,1,1,1,1,0,0,0,0,1,0
4239,1,0,1,0,0,0,0,1,1,0,1,1,1,0,0,0,1,0
4240,1,0,1,0,0,0,0,1,1,1,0,1,0,0,1,0,0,1
4241,1,0,1,0,0,0,0,1,1,0,0,1,1,0,1,0,0,1
4242,1,0,1,0,0,0,0,1,1,0,0,1,0,0,1,0,1,1
4243,1,0,1,0,0,0,0,1,1,1,0,1,1,0,0,0,0,1
4244,1,0,1,0,0,0,0,1,1,1,0,1,0,0,0,0,1,1
4245,1,0,1,0,0,0,0,1,1,0,0,1,1,0,0,0,1,1
4246,1,0,1,0,0,0,0,1,1,1,0,1,1,0,1,0,0,0
4247,1,0,1,0,0,0,0,1,1,1,0,1,0,0,1,0,1,0
4248,1,0,1,0,0,0,0,1,1,0,0,1,1,0,1,0,1,0
4249,1,0,1,0,0,0,0,1,1,1,0,1,1,0,0,0,1,0
4250,1,0,1,0,0,0,0,1,1,0,1,0,0,1,1,0,0,1
4251,1,0,1,0,0,0,0,1,1,1,1,0,0,1,0,0,0,1
4252,1,0,1,0,0,0,0,1,1,0,1,0,1,1,0,0,0,1
4253,1,0,1,0,0,0,0,1,1,0,1,0,0,1,0,0,1,1
4254,1,0,1,0,0,0,0,1,1,1,1,0,0,1,1,0,0,0
4255,1,0,1,0,0,0,0,1,1,0,1,0,1,1,1,0,0,0
4256,1,0,1,0,0,0,0,1,1,0,1,0,0,1,1,0,1,0
4257,1,0,1,0,0,0,0,1,1,1,1,0,1,1,0,0,0,0
4258,1,0,1,0,0,0,0,1,1,1,1,0,0,1,0,0,1,0
4259,1,0,1,0,0,0,0,1,1,0,1,0,1,1,0,0,1,0
4260,1,0,1,0,0,0,0,1,1,1,0,0,0,1,1,0,0,1
4261,1,0,1,0,0,0,0,1,1,0,0,0,1,1,1,0,0,1
4262,1,0,1,0,0,0,0,1,1,0,0,0,0,1,1,0,1,1
4263,1,0,1,0,0,0,0,1,1,1,0,0,1,1,0,0,0,1
4264,1,0,1,0,0,0,0,1,1,1,0,0,0,1,0,0,1,1
4265,1,0,1,0,0,0,0,1,1,0,0,0,1,1,0,0,1,1
4266,1,0,1,0,0,0,0,1,1,1,0,0,1,1,1,0,0,0
4267,1,0,1,0,0,0,0,1,1,1,0,0,0,1,1,0,1,0
4268,1,0,1,0,0,0,0,1,1,0,0,0,1,1,1,0,1,0
4269,1,0,1,0,0,0,0,1,1,1,0,0,1,1,0,0,1,0
4270,1,0,1,0,0,0,0,1,1,1,1,0,0,0,1,0,0,1
4271,1,0,1,0,0,0,0,1,1,0,1,0,1,0,1,0,0,1
4272,1,0,1,0,0,0,0,1,1,0,1,0,0,0,1,0,1,1
4273,1,0,1,0,0,0,0,1,1,1,1,0,1,0,0,0,0,1
4274,1,0,1,0,0,0,0,1,1,1,1,0,0,0,0,0,1,1
4275,1,0,1,0,0,0,0,1,1,0,1,0,1,0,0,0,1,1
4276,1,0,1,0,0,0,0,1,1,1,1,0,1,0,1,0,0,0
4277,1,0,1,0,0,0,0,1,1,1,1,0,0,0,1,0,1,0
4278,1,0,1,0,0,0,0,1,1,0,1,0,1,0,1,0,1,0
4279,1,0,1,0,0,0,0,1,1,1,1,0,1,0,0,0,1,0
4280,1,0,1,0,0,0,0,1,1,1,0,0,1,0,1,0,0,1
4281,1,0,1,0,0,0,0,1,1,1,0,0,0,0,1,0,1,1
4282,1,0,1,0,0,0,0,1,1,0,0,0,1,0,1,0,1,1
4283,1,0,1,0,0,0,0,1,1,1,0,0,1,0,0,0,1,1
4284,1,0,1,0,0,0,0,1,1,1,0,0,1,0,1,0,1,0
4285,1,0,0,1,0,0,1,1,1,0,1,1,0,1,0,0,0,0
4286,1,0,0,1,0,0,1,1,1,0,0,1,0,1,0,0,0,1
4287,1,0,0,1,0,0,1,1,1,0,0,1,0,1,1,0,0,0
4288,1,0,0,1,0,0,1,1,1,1,0,1,0,1,0,0,0,0
4289,1,0,0,1,0,0,1,1,1,0,0,1,1,1,0,0,0,0
4290,1,0,0,1,0,0,1,1,1,0,0,1,0,1,0,0,1,0
4291,1,0,0,1,0,0,1,1,1,0,1,1,0,0,0,0,0,1
4292,1,0,0,1,0,0,1,1,1,0,1,1,0,0,1,0,0,0
4293,1,0,0,1,0,0,1,1,1,1,1,1,0,0,0,0,0,0
4294,1,0,0,1,0,0,1,1,1,0,1,1,1,0,0,0,0,0
4295,1,0,0,1,0,0,1,1,1,0,1,1,0,0,0,0,1,0
4296,1,0,0,1,0,0,1,1,1,0,0,1,0,0,1,0,0,1
4297,1,0,0,1,0,0,1,1,1,1,0,1,0,0,0,0,0,1
4298,1,0,0,1,0,0,1,1,1,0,0,1,1,0,0,0,0,1
4299,1,0,0,1,0,0,1,1,1,0,0,1,0,0,0,0,1,1
4300,1,0,0,1,0,0,1,1,1,1,0,1,0,0,1,0,0,0
4301,1,0,0,1,0,0,1,1,1,0,0,1,1,0,1,0,0,0
4302,1,0,0,1,0,0,1,1,1,0,0,1,0,0,1,0,1,0
4303,1,0,0,1,0,0,1,1,1,1,0,1,1,0,0,0,0,0
4304,1,0,0,1,0,0,1,1,1,1,0,1,0,0,0,0,1,0
4305,1,0,0,1,0,0,1,1,1,0,0,1,1,0,0,0,1,0
4306,1,0,0,1,0,0,1,1,1,0,1,0,0,1,0,0,0,1
4307,1,0,0,1,0,0,1,1,1,0,1,0,0,1,1,0,0,0
4308,1,0,0,1,0,0,1,1,1,1,1,0,0,1,0,0,0,0
4309,1,0,0,1,0,0,1,1,1,0,1,0,1,1,0,0,0,0
4310,1,0,0,1,0,0,1,1,1,0,1,0,0,1,0,0,1,0
4311,1,0,0,1,0,0,1,1,1,0,0,0,0,1,1,0,0,1
4312,1,0,0,1,0,0,1,1,1,1,0,0,0,1,0,0,0,1
4313,1,0,0,1,0,0,1,1,1,0,0,0,1,1,0,0,0,1
4314,1,0,0,1,0,0,1,1,1,0,0,0,0,1,0,0,1,1
4315,1,0,0,1,0,0,1,1,1,1,0,0,0,1,1,0,0,0
4316,1,0,0,1,0,0,1,1,1,0,0,0,1,1,1,0,0,0
4317,1,0,0,1,0,0,1,1,1,0,0,0,0,1,1,0,1,0
4318,1,0,0,1,0,0,1,1,1,1,0,0,1,1,0,0,0,0
4319,1,0,0,1,0,0,1,1,1,1,0,0,0,1,0,0,1,0
4320,1,0,0,1,0,0,1,1,1,0,0,0,1,1,0,0,1,0
4321,1,0,0,1,0,0,1,1,1,0,1,0,0,0,1,0,0,1
4322,1,0,0,1,0,0,1,1,1,1,1,0,0,0,0,0,0,1
4323,1,0,0,1,0,0,1,1,1,0,1,0,1,0,0,0,0,1
4324,1,0,0,1,0,0,1,1,1,0,1,0,0,0,0,0,1,1
4325,1,0,0,1,0,0,1,1,1,1,1,0,0,0,1,0,0,0
4326,1,0,0,1,0,0,1,1,1,0,1,0,1,0,1,0,0,0
4327,1,0,0,1,0,0,1,1,1,0,1,0,0,0,1,0,1,0
4328,1,0,0,1,0,0,1,1,1,1,1,0,1,0,0,0,0,0
4329,1,0,0,1,0,0,1,1,1,1,1,0,0,0,0,0,1,0
4330,1,0,0,1,0,0,1,1,1,0,1,0,1,0,0,0,1,0
4331,1,0,0,1,0,0,1,1,1,1,0,0,0,0,1,0,0,1
4332,1,0,0,1,0,0,1,1,1,0,0,0,1,0,1,0,0,1
4333,1,0,0,1,0,0,1,1,1,0,0,0,0,0,1,0,1,1
4334,1,0,0,1,0,0,1,1,1,1,0,0,1,0,0,0,0,1
4335,1,0,0,1,0,0,1,1,1,1,0,0,0,0,0,0,1,1
4336,1,0,0,1,0,0,1,1,1,0,0,0,1,0,0,0,1,1
4337,1,0,0,1,0,0,1,1,1,1,0,0,1,0,1,0,0,0
4338,1,0,0,1,0,0,1,1,1,1,0,0,0,0,1,0,1,0
4339,1,0,0,1,0,0,1,1,1,0,0,0,1,0,1,0,1,0
4340,1,0,0,1,0,0,1,1,1,1,0,0,1,0,0,0,1,0
4341,1,0,0,1,0,0,0,1,1,0,1,1,0,1,0,0,0,1
4342,1,0,0,1,0,0,0,1,1,0,1,1,0,1,1,0,0,0
4343,1,0,0,1,0,0,0,1,1,1,1,1,0,1,0,0,0,0
4344,1,0,0,1,0,0,0,1,1,0,1,1,1,1,0,0,0,0
4345,1,0,0,1,0,0,0,1,1,0,1,1,0,1,0,0,1,0
4346,1,0,0,1,0,0,0,1,1,0,0,1,0,1,1,0,0,1
4347,1,0,0,1,0,0,0,1,1,1,0,1,0,1,0,0,0,1
4348,1,0,0,1,0,0,0,1,1,0,0,1,1,1,0,0,0,1
4349,1,0,0,1,0,0,0,1,1,0,0,1,0,1,0,0,1,1
4350,1,0,0,1,0,0,0,1,1,1,0,1,0,1,1,0,0,0
4351,1,0,0,1,0,0,0,1,1,0,0,1,1,1,1,0,0,0
4352,1,0,0,1,0,0,0,1,1,0,0,1,0,1,1,0,1,0
4353,1,0,0,1,0,0,0,1,1,1,0,1,1,1,0,0,0,0
4354,1,0,0,1,0,0,0,1,1,1,0,1,0,1,0,0,1,0
4355,1,0,0,1,0,0,0,1,1,0,0,1,1,1,0,0,1,0
4356,1,0,0,1,0,0,0,1,1,0,1,1,0,0,1,0,0,1
4357,1,0,0,1,0,0,0,1,1,1,1,1,0,0,0,0,0,1
4358,1,0,0,1,0,0,0,1,1,0,1,1,1,0,0,0,0,1
4359,1,0,0,1,0,0,0,1,1,0,1,1,0,0,0,0,1,1
4360,1,0,0,1,0,0,0,1,1,1,1,1,0,0,1,0,0,0
4361,1,0,0,1,0,0,0,1,1,0,1,1,1,0,1,0,0,0
4362,1,0,0,1,0,0,0,1,1,0,1,1,0,0,1,0,1,0
4363,1,0,0,1,0,0,0,1,1,1,1,1,1,0,0,0,0,0
4364,1,0,0,1,0,0,0,1,1,1,1,1,0,0,0,0,1,0
4365,1,0,0,1,0,0,0,1,1,0,1,1,1,0,0,0,1,0
4366,1,0,0,1,0,0,0,1,1,1,0,1,0,0,1,0,0,1
4367,1,0,0,1,0,0,0,1,1,0,0,1,1,0,1,0,0,1
4368,1,0,0,1,0,0,0,1,1,0,0,1,0,0,1,0,1,1
4369,1,0,0,1,0,0,0,1,1,1,0,1,1,0,0,0,0,1
4370,1,0,0,1,0,0,0,1,1,1,0,1,0,0,0,0,1,1
4371,1,0,0,1,0,0,0,1,1,0,0,1,1,0,0,0,1,1
4372,1,0,0,1,0,0,0,1,1,1,0,1,1,0,1,0,0,0
4373,1,0,0,1,0,0,0,1,1,1,0,1,0,0,1,0,1,0
4374,1,0,0,1,0,0,0,1,1,0,0,1,1,0,1,0,1,0
4375,1,0,0,1,0,0,0,1,1,1,0,1,1,0,0,0,1,0
4376,1,0,0,1,0,0,0,1,1,0,1,0,0,1,1,0,0,1
4377,1,0,0,1,0,0,0,1,1,1,1,0,0,1,0,0,0,1
4378,1,0,0,1,0,0,0,1,1,0,1,0,1,1,0,0,0,1
4379,1,0,0,1,0,0,0,1,1,0,1,0,0,1,0,0,1,1
4380,1,0,0,1,0,0,0,1,1,1,1,0,0,1,1,0,0,0
4381,1,0,0,1,0,0,0,1,1,0,1,0,1,1,1,0,0,0
4382,1,0,0,1,0,0,0,1,1,0,1,0,0,1,1,0,1,0
4383,1,0,0,1,0,0,0,1,1,1,1,0,1,1,0,0,0,0
4384,1,0,0,1,0,0,0,1,1,1,1,0,0,1,0,0,1,0
4385,1,0,0,1,0,0,0,1,1,0,1,0,1,1,0,0,1,0
4386,1,0,0,1,0,0,0,1,1,1,0,0,0,1,1,0,0,1
4387,1,0,0,1,0,0,0,1,1,0,0,0,1,1,1,0,0,1
4388,1,0,0,1,0,0,0,1,1,0,0,0,0,1,1,0,1,1
4389,1,0,0,1,0,0,0,1,1,1,0,0,1,1,0,0,0,1
4390,1,0,0,1,0,0,0,1,1,1,0,0,0,1,0,0,1,1
4391,1,0,0,1,0,0,0,1,1,0,0,0,1,1,0,0,1,1
4392,1,0,0,1,0,0,0,1,1,1,0,0,1,1,1,0,0,0
4393,1,0,0,1,0,0,0,1,1,1,0,0,0,1,1,0,1,0
4394,1,0,0,1,0,0,0,1,1,0,0,0,1,1,1,0,1,0
4395,1,0,0,1,0,0,0,1,1,1,0,0,1,1,0,0,1,0
4396,1,0,0,1,0,0,0,1,1,1,1,0,0,0,1,0,0,1
4397,1,0,0,1,0,0,0,1,1,0,1,0,1,0,1,0,0,1
4398,1,0,0,1,0,0,0,1,1,0,1,0,0,0,1,0,1,1
4399,1,0,0,1,0,0,0,1,1,1,1,0,1,0,0,0,0,1
4400,1,0,0,1,0,0,0,1,1,1,1,0,0,0,0,0,1,1
4401,1,0,0,1,0,0,0,1,1,0,1,0,1,0,0,0,1,1
4402,1,0,0,1,0,0,0,1,1,1,1,0,1,0,1,0,0,0
4403,1,0,0,1,0,0,0,1,1,1,1,0,0,0,1,0,1,0
4404,1,0,0,1,0,0,0,1,1,0,1,0,1,0,1,0,1,0
4405,1,0,0,1,0,0,0,1,1,1,1,0,1,0,0,0,1,0
4406,1,0,0,1,0,0,0,1,1,1,0,0,1,0,1,0,0,1
4407,1,0,0,1,0,0,0,1,1,1,0,0,0,0,1,0,1,1
4408,1,0,0,1,0,0,0,1,1,0,0,0,1,0,1,0,1,1
4409,1,0,0,1,0,0,0,1,1,1,0,0,1,0,0,0,1,1
4410,1,0,0,1,0,0,0,1,1,1,0,0,1,0,1,0,1,0
4411,0,0,1,1,0,0,1,1,1,0,1,1,0,1,0,0,0,0
4412,0,0,1,1,0,0,1,1,1,0,0,1,0,1,0,0,0,1
4413,0,0,1,1,0,0,1,1,1,0,0,1,0,1,1,0,0,0
4414,0,0,1,1,0,0,1,1,1,1,0,1,0,1,0,0,0,0
4415,0,0,1,1,0,0,1,1,1,0,0,1,1,1,0,0,0,0
4416,0,0,1,1,0,0,1,1,1,0,0,1,0,1,0,0,1,0
4417,0,0,1,1,0,0,1,1,1,0,1,1,0,0,0,0,0,1
4418,0,0,1,1,0,0,1,1,1,0,1,1,0,0,1,0,0,0
4419,0,0,1,1,0,0,1,1,1,1,1,1,0,0,0,0,0,0
4420,0,0,1,1,0,0,1,1,1,0,1,1,1,0,0,0,0,0
4421,0,0,1,1,0,0,1,1,1,0,1,1,0,0,0,0,1,0
4422,0,0,1,1,0,0,1,1,1,0,0,1,0,0,1,0,0,1
4423,0,0,1,1,0,0,1,1,1,1,0,1,0,0,0,0,0,1
4424,0,0,1,1,0,0,1,1,1,0,0,1,1,0,0,0,0,1
4425,0,0,1,1,0,0,1,1,1,0,0,1,0,0,0,0,1,1
4426,0,0,1,1,0,0,1,1,1,1,0,1,0,0,1,0,0,0
4427,0,0,1,1,0,0,1,1,1,0,0,1,1,0,1,0,0,0
4428,0,0,1,1,0,0,1,1,1,0,0,1,0,0,1,0,1,0
4429,0,0,1,1,0,0,1,1,1,1,0,1,1,0,0,0,0,0
4430,0,0,1,1,0,0,1,1,1,1,0,1,0,0,0,0,1,0
4431,0,0,1,1,0,0,1,1,1,0,0,1,1,0,0,0,1,0
4432,0,0,1,1,0,0,1,1,1,0,1,0,0,1,0,0,0,1
4433,0,0,1,1,0,0,1,1,1,0,1,0,0,1,1,0,0,0
4434,0,0,1,1,0,0,1,1,1,1,1,0,0,1,0,0,0,0
4435,0,0,1,1,0,0,1,1,1,0,1,0,1,1,0,0,0,0
4436,0,0,1,1,0,0,1,1,1,0,1,0,0,1,0,0,1,0
4437,0,0,1,1,0,0,1,1,1,0,0,0,0,1,1,0,0,1
4438,0,0,1,1,0,0,1,1,1,1,0,0,0,1,0,0,0,1
4439,0,0,1,1,0,0,1,1,1,0,0,0,1,1,0,0,0,1
4440,0,0,1,1,0,0,1,1,1,0,0,0,0,1,0,0,1,1
4441,0,0,1,1,0,0,1,1,1,1,0,0,0,1,1,0,0,0
4442,0,0,1,1,0,0,1,1,1,0,0,0,1,1,1,0,0,0
4443,0,0,1,1,0,0,1,1,1,0,0,0,0,1,1,0,1,0
4444,0,0,1,1,0,0,1,1,1,1,0,0,1,1,0,0,0,0
4445,0,0,1,1,0,0,1,1,1,1,0,0,0,1,0,0,1,0
4446,0,0,1,1,0,0,1,1,1,0,0,0,1,1,0,0,1,0
4447,0,0,1,1,0,0,1,1,1,0,1,0,0,0,1,0,0,1
4448,0,0,1,1,0,0,1,1,1,1,1,0,0,0,0,0,0,1
4449,0,0,1,1,0,0,1,1,1,0,1,0,1,0,0,0,0,1
4450,0,0,1,1,0,0,1,1,1,0,1,0,0,0,0,0,1,1
4451,0,0,1,1,0,0,1,1,1,1,1,0,0,0,1,0,0,0
4452,0,0,1,1,0,0,1,1,1,0,1,0,1,0,1,0,0,0
4453,0,0,1,1,0,0,1,1,1,0,1,0,0,0,1,0,1,0
4454,0,0,1,1,0,0,1,1,1,1,1,0,1,0,0,0,0,0
4455,0,0,1,1,0,0,1,1,1,1,1,0,0,0,0,0,1,0
4456,0,0,1,1,0,0,1,1,1,0,1,0,1,0,0,0,1,0
4457,0,0,1,1,0,0,1,1,1,1,0,0,0,0,1,0,0,1
4458,0,0,1,1,0,0,1,1,1,0,0,0,1,0,1,0,0,1
4459,0,0,1,1,0,0,1,1,1,0,0,0,0,0,1,0,1,1
4460,0,0,1,1,0,0,1,1,1,1,0,0,1,0,0,0,0,1
4461,0,0,1,1,0,0,1,1,1,1,0,0,0,0,0,0,1,1
4462,0,0,1,1,0,0,1,1,1,0,0,0,1,0,0,0,1,1
4463,0,0,1,1,0,0,1,1,1,1,0,0,1,0,1,0,0,0
4464,0,0,1,1,0,0,1,1,1,1,0,0,0,0,1,0,1,0
4465,0,0,1,1,0,0,1,1,1,0,0,0,1,0,1,0,1,0
4466,0,0,1,1,0,0,1,1,1,1,0,0,1,0,0,0,1,0
4467,0,0,1,1,0,0,0,1,1,0,1,1,0,1,0,0,0,1
4468,0,0,1,1,0,0,0,1,1,0,1,1,0,1,1,0,0,0
4469,0,0,1,1,0,0,0,1,1,1,1,1,0,1,0,0,0,0
4470,0,0,1,1,0,0,0,1,1,0,1,1,1,1,0,0,0,0
4471,0,0,1,1,0,0,0,1,1,0,1,1,0,1,0,0,1,0
4472,0,0,1,1,0,0,0,1,1,0,0,1,0,1,1,0,0,1
4473,0,0,1,1,0,0,0,1,1,1,0,1,0,1,0,0,0,1
4474,0,0,1,1,0,0,0,1,1,0,0,1,1,1,0,0,0,1
4475,0,0,1,1,0,0,0,1,1,0,0,1,0,1,0,0,1,1
4476,0,0,1,1,0,0,0,1,1,1,0,1,0,1,1,0,0,0
4477,0,0,1,1,0,0,0,1,1,0,0,1,1,1,1,0,0,0
4478,0,0,1,1,0,0,0,1,1,0,0,1,0,1,1,0,1,0
4479,0,0,1,1,0,0,0,1,1,1,0,1,1,1,0,0,0,0
4480,0,0,1,1,0,0,0,1,1,1,0,1,0,1,0,0,1,0
4481,0,0,1,1,0,0,0,1,1,0,0,1,1,1,0,0,1,0
4482,0,0,1,1,0,0,0,1,1,0,1,1,0,0,1,0,0,1
4483,0,0,1,1,0,0,0,1,1,1,1,1,0,0,0,0,0,1
4484,0,0,1,1,0,0,0,1,1,0,1,1,1,0,0,0,0,1
4485,0,0,1,1,0,0,0,1,1,0,1,1,0,0,0,0,1,1
4486,0,0,1,1,0,0,0,1,1,1,1,1,0,0,1,0,0,0
4487,0,0,1,1,0,0,0,1,1,0,1,1,1,0,1,0,0,0
4488,0,0,1,1,0,0,0,1,1,0,1,1,0,0,1,0,1,0
4489,0,0,1,1,0,0,0,1,1,1,1,1,1,0,0,0,0,0
4490,0,0,1,1,0,0,0,1,1,1,1,1,0,0,0,0,1,0
4491,0,0,1,1,0,0,0,1,1,0,1,1,1,0,0,0,1,0
4492,0,0,1,1,0,0,0,1,1,1,0,1,0,0,1,0,0,1
4493,0,0,1,1,0,0,0,1,1,0,0,1,1,0,1,0,0,1
4494,0,0,1,1,0,0,0,1,1,0,0,1,0,0,1,0,1,1
4495,0,0,1,1,0,0,0,1,1,1,0,1,1,0,0,0,0,1
4496,0,0,1,1,0,0,0,1,1,1,0,1,0,0,0,0,1,1
4497,0,0,1,1,0,0,0,1,1,0,0,1,1,0,0,0,1,1
4498,0,0,1,1,0,0,0,1,1,1,0,1,1,0,1,0,0,0
4499,0,0,1,1,0,0,0,1,1,1,0,1,0,0,1,0,1,0
4500,0,0,1,1,0,0,0,1,1,0,0,1,1,0,1,0,1,0
4501,0,0,1,1,0,0,0,1,1,1,0,1,1,0,0,0,1,0
4502,0,0,1,1,0,0,0,1,1,0,1,0,0,1,1,0,0,1
4503,0,0,1,1,0,0,0,1,1,1,1,0,0,1,0,0,0,1
4504,0,0,1,1,0,0,0,1,1,0,1,0,1,1,0,0,0,1
4505,0,0,1,1,0,0,0,1,1,0,1,0,0,1,0,0,1,1
4506,0,0,1,1,0,0,0,1,1,1,1,0,0,1,1,0,0,0
4507,0,0,1,1,0,0,0,1,1,0,1,0,1,1,1,0,0,0
4508,0,0,1,1,0,0,0,1,1,0,1,0,0,1,1,0,1,0
4509,0,0,1,1,0,0,0,1,1,1,1,0,1,1,0,0,0,0
4510,0,0,1,1,0,0,0,1,1,1,1,0,0,1,0,0,1,0
4511,0,0,1,1,0,0,0,1,1,0,1,0,1,1,0,0,1,0
4512,0,0,1,1,0,0,0,1,1,1,0,0,0,1,1,0,0,1
4513,0,0,1,1,0,0,0,1,1,0,0,0,1,1,1,0,0,1
4514,0,0,1,1,0,0,0,1,1,0,0,0,0,1,1,0,1,1
4515,0,0,1,1,0,0,0,1,1,1,0,0,1,1,0,0,0,1
4516,0,0,1,1,0,0,0,1,1,1,0,0,0,1,0,0,1,1
4517,0,0,1,1,0,0,0,1,1,0,0,0,1,1,0,0,1,1
4518,0,0,1,1,0,0,0,1,1,1,0,0,1,1,1,0,0,0
4519,0,0,1,1,0,0,0,1,1,1,0,0,0,1,1,0,1,0
4520,0,0,1,1,0,0,0,1,1,0,0,0,1,1,1,0,1,0
4521,0,0,1,1,0,0,0,1,1,1,0,0,1,1,0,0,1,0
4522,0,0,1,1,0,0,0,1,1,1,1,0,0,0,1,0,0,1
4523,0,0,1,1,0,0,0,1,1,0,1,0,1,0,1,0,0,1
4524,0,0,1,1,0,0,0,1,1,0,1,0,0,0,1,0,1,1
4525,0,0,1,1,0,0,0,1,1,1,1,0,1,0,0,0,0,1
4526,0,0,1,1,0,0,0,1,1,1,1,0,0,0,0,0,1,1
4527,0,0,1,1,0,0,0,1,1,0,1,0,1,0,0,0,1,1
4528,0,0,1,1,0,0,0,1,1,1,1,0,1,0,1,0,0,0
4529,0,0,1,1,0,0,0,1,1,1,1,0,0,0,1,0,1,0
4530,0,0,1,1,0,0,0,1,1,0,1,0,1,0,1,0,1,0
4531,0,0,1,1,0,0,0,1,1,1,1,0,1,0,0,0,1,0
4532,0,0,1,1,0,0,0,1,1,1,0,0,1,0,1,0,0,1
4533,0,0,1,1,0,0,0,1,1,1,0,0,0,0,1,0,1,1
4534,0,0,1,1,0,0,0,1,1,0,0,0,1,0,1,0,1,1
4535,0,0,1,1,0,0,0,1,1,1,0,0,1,0,0,0,1,1
4536,0,0,1,1,0,0,0,1,1,1,0,0,1,0,1,0,1,0
4537,0,1,0,0,0,1,1,1,0,0,1,1,0,1,0,1,0,0
4538,0,1,0,0,0,1,1,1,0,0,0,1,0,1,0,1,0,1
4539,0,1,0,0,0,1,1,1,0,0,0,1,0,1,1,1,0,0
4540,0,1,0,0,0,1,1,1,0,1,0,1,0,1,0,1,0,0
4541,0,1,0,0,0,1,1,1,0,0,0,1,1,1,0,1,0,0
4542,0,1,0,0,0,1,1,1,0,0,0,1,0,1,0,1,1,0
4543,0,1,0,0,0,1,1,1,0,0,1,1,0,0,0,1,0,1
4544,0,1,0,0,0,1,1,1,0,0,1,1,0,0,1,1,0,0
4545,0,1,0,0,0,1,1,1,0,1,1,1,0,0,0,1,0,0
4546,0,1,0,0,0,1,1,1,0,0,1,1,1,0,0,1,0,0
4547,0,1,0,0,0,1,1,1,0,0,1,1,0,0,0,1,1,0
4548,0,1,0,0,0,1,1,1,0,0,0,1,0,0,1,1,0,1
4549,0,1,0,0,0,1,1,1,0,1,0,1,0,0,0,1,0,1
4550,0,1,0,0,0,1,1,1,0,0,0,1,1,0,0,1,0,1
4551,0,1,0,0,0,1,1,1,0,0,0,1,0,0,0,1,1,1
4552,0,1,0,0,0,1,1,1,0,1,0,1,0,0,1,1,0,0
4553,0,1,0,0,0,1,1,1,0,0,0,1,1,0,1,1,0,0
4554,0,1,0,0,0,1,1,1,0,0,0,1,0,0,1,1,1,0
4555,0,1,0,0,0,1,1,1,0,1,0,1,1,0,0,1,0,0
4556,0,1,0,0,0,1,1,1,0,1,0,1,0,0,0,1,1,0
4557,0,1,0,0,0,1,1,1,0,0,0,1,1,0,0,1,1,0
4558,0,1,0,0,0,1,1,1,0,0,1,0,0,1,0,1,0,1
4559,0,1,0,0,0,1,1,1,0,0,1,0,0,1,1,1,0,0
4560,0,1,0,0,0,1,1,1,0,1,1,0,0,1,0,1,0,0
4561,0,1,0,0,0,1,1,1,0,0,1,0,1,1,0,1,0,0
4562,0,1,0,0,0,1,1,1,0,0,1,0,0,1,0,1,1,0
4563,0,1,0,0,0,1,1,1,0,0,0,0,0,1,1,1,0,1
4564,0,1,0,0,0,1,1,1,0,1,0,0,0,1,0,1,0,1
4565,0,1,0,0,0,1,1,1,0,0,0,0,1,1,0,1,0,1
4566,0,1,0,0,0,1,1,1,0,0,0,0,0,1,0,1,1,1
4567,0,1,0,0,0,1,1,1,0,1,0,0,0,1,1,1,0,0
4568,0,1,0,0,0,1,1,1,0,0,0,0,1,1,1,1,0,0
4569,0,1,0,0,0,1,1,1,0,0,0,0,0,1,1,1,1,0
4570,0,1,0,0,0,1,1,1,0,1,0,0,1,1,0,1,0,0
4571,0,1,0,0,0,1,1,1,0,1,0,0,0,1,0,1,1,0
4572,0,1,0,0,0,1,1,1,0,0,0,0,1,1,0,1,1,0
4573,0,1,0,0,0,1,1,1,0,0,1,0,0,0,1,1,0,1
4574,0,1,0,0,0,1,1,1,0,1,1,0,0,0,0,1,0,1
4575,0,1,0,0,0,1,1,1,0,0,1,0,1,0,0,1,0,1
4576,0,1,0,0,0,1,1,1,0,0,1,0,0,0,0,1,1,1
4577,0,1,0,0,0,1,1,1,0,1,1,0,0,0,1,1,0,0
4578,0,1,0,0,0,1,1,1,0,0,1,0,1,0,1,1,0,0
4579,0,1,0,0,0,1,1,1,0,0,1,0,0,0,1,1,1,0
4580,0,1,0,0,0,1,1,1,0,1,1,0,1,0,0,1,0,0
4581,0,1,0,0,0,1,1,1,0,1,1,0,0,0,0,1,1,0
4582,0,1,0,0,0,1,1,1,0,0,1,0,1,0,0,1,1,0
4583,0,1,0,0,0,1,1,1,0,1,0,0,0,0,1,1,0,1
4584,0,1,0,0,0,1,1,1,0,0,0,0,1,0,1,1,0,1
4585,0,1,0,0,0,1,1,1,0,0,0,0,0,0,1,1,1,1
4586,0,1,0,0,0,1,1,1,0,1,0,0,1,0,0,1,0,1
4587,0,1,0,0,0,1,1,1,0,1,0,0,0,0,0,1,1,1
4588,0,1,0,0,0,1,1,1,0,0,0,0,1,0,0,1,1,1
4589,0,1,0,0,0,1,1,1,0,1,0,0,1,0,1,1,0,0
4590,0,1,0,0,0,1,1,1,0,1,0,0,0,0,1,1,1,0
4591,0,1,0,0,0,1,1,1,0,0,0,0,1,0,1,1,1,0
4592,0,1,0,0,0,1,1,1,0,1,0,0,1,0,0,1,1,0
4593,0,1,0,0,0,1,0,1,0,0,1,1,0,1,0,1,0,1
4594,0,1,0,0,0,1,0,1,0,0,1,1,0,1,1,1,0,0
4595,0,1,0,0,0,1,0,1,0,1,1,1,0,1,0,1,0,0
4596,0,1,0,0,0,1,0,1,0,0,1,1,1,1,0,1,0,0
4597,0,1,0,0,0,1,0,1,0,0,1,1,0,1,0,1,1,0
4598,0,1,0,0,0,1,0,1,0,0,0,1,0,1,1,1,0,1
4599,0,1,0,0,0,1,0,1,0,1,0,1,0,1,0,1,0,1
4600,0,1,0,0,0,1,0,1,0,0,0,1,1,1,0,1,0,1
4601,0,1,0,0,0,1,0,1,0,0,0,1,0,1,0,1,1,1
4602,0,1,0,0,0,1,0,1,0,1,0,1,0,1,1,1,0,0
4603,0,1,0,0,0,1,0,1,0,0,0,1,1,1,1,1,0,0
4604,0,1,0,0,0,1,0,1,0,0,0,1,0,1,1,1,1,0
4605,0,1,0,0,0,1,0,1,0,1,0,1,1,1,0,1,0,0
4606,0,1,0,0,0,1,0,1,0,1,0,1,0,1,0,1,1,0
4607,0,1,0,0,0,1,0,1,0,0,0,1,1,1,0,1,1,0
4608,0,1,0,0,0,1,0,1,0,0,1,1,0,0,1,1,0,1
4609,0,1,0,0,0,1,0,1,0,1,1,1,0,0,0,1,0,1
4610,0,1,0,0,0,1,0,1,0,0,1,1,1,0,0,1,0,1
4611,0,1,0,0,0,1,0,1,0,0,1,1,0,0,0,1,1,1
4612,0,1,0,0,0,1,0,1,0,1,1,1,0,0,1,1,0,0
4613,0,1,0,0,0,1,0,1,0,0,1,1,1,0,1,1,0,0
4614,0,1,0,0,0,1,0,1,0,0,1,1,0,0,1,1,1,0
4615,0,1,0,0,0,1,0,1,0,1,1,1,1,0,0,1,0,0
4616,0,1,0,0,0,1,0,1,0,1,1,1,0,0,0,1,1,0
4617,0,1,0,0,0,1,0,1,0,0,1,1,1,0,0,1,1,0
4618,0,1,0,0,0,1,0,1,0,1,0,1,0,0,1,1,0,1
4619,0,1,0,0,0,1,0,1,0,0,0,1,1,0,1,1,0,1
4620,0,1,0,0,0,1,0,1,0,0,0,1,0,0,1,1,1,1
4621,0,1,0,0,0,1,0,1,0,1,0,1,1,0,0,1,0,1
4622,0,1,0,0,0,1,0,1,0,1,0,1,0,0,0,1,1,1
4623,0,1,0,0,0,1,0,1,0,0,0,1,1,0,0,1,1,1
4624,0,1,0,0,0,1,0,1,0,1,0,1,1,0,1,1,0,0
4625,0,1,0,0,0,1,0,1,0,1,0,1,0,0,1,1,1,0
4626,0,1,0,0,0,1,0,1,0,0,0,1,1,0,1,1,1,0
4627,0,1,0,0,0,1,0,1,0,1,0,1,1,0,0,1,1,0
4628,0,1,0,0,0,1,0,1,0,0,1,0,0,1,1,1,0,1
4629,0,1,0,0,0,1,0,1,0,1,1,0,0,1,0,1,0,1
4630,0,1,0,0,0,1,0,1,0,0,1,0,1,1,0,1,0,1
4631,0,1,0,0,0,1,0,1,0,0,1,0,0,1,0,1,1,1
4632,0,1,0,0,0,1,0,1,0,1,1,0,0,1,1,1,0,0
4633,0,1,0,0,0,1,0,1,0,0,1,0,1,1,1,1,0,0
4634,0,1,0,0,0,1,0,1,0,0,1,0,0,1,1,1,1,0
4635,0,1,0,0,0,1,0,1,0,1,1,0,1,1,0,1,0,0
4636,0,1,0,0,0,1,0,1,0,1,1,0,0,1,0,1,1,0
4637,0,1,0,0,0,1,0,1,0,0,1,0,1,1,0,1,1,0
4638,0,1,0,0,0,1,0,1,0,1,0,0,0,1,1,1,0,1
4639,0,1,0,0,0,1,0,1,0,0,0,0,1,1,1,1,0,1
4640,0,1,0,0,0,1,0,1,0,0,0,0,0,1,1,1,1,1
4641,0,1,0,0,0,1,0,1,0,1,0,0,1,1,0,1,0,1
4642,0,1,0,0,0,1,0,1,0,1,0,0,0,1,0,1,1,1
4643,0,1,0,0,0,1,0,1,0,0,0,0,1,1,0,1,1,1
4644,0,1,0,0,0,1,0,1,0,1,0,0,1,1,1,1,0,0
4645,0,1,0,0,0,1,0,1,0,1,0,0,0,1,1,1,1,0
4646,0,1,0,0,0,1,0,1,0,0,0,0,1,1,1,1,1,0
4647,0,1,0,0,0,1,0,1,0,1,0,0,1,1,0,1,1,0
4648,0,1,0,0,0,1,0,1,0,1,1,0,0,0,1,1,0,1
4649,0,1,0,0,0,1,0,1,0,0,1,0,1,0,1,1,0,1
4650,0,1,0,0,0,1,0,1,0,0,1,0,0,0,1,1,1,1
4651,0,1,0,0,0,1,0,1,0,1,1,0,1,0,0,1,0,1
4652,0,1,0,0,0,1,0,1,0,1,1,0,0,0,0,1,1,1
4653,0,1,0,0,0,1,0,1,0,0,1,0,1,0,0,1,1,1
4654,0,1,0,0,0,1,0,1,0,1,1,0,1,0,1,1,0,0
4655,0,1,0,0,0,1,0,1,0,1,1,0,0,0,1,1,1,0
4656,0,1,0,0,0,1,0,1,0,0,1,0,1,0,1,1,1,0
4657,0,1,0,0,0,1,0,1,0,1,1,0,1,0,0,1,1,0
4658,0,1,0,0,0,1,0,1,0,1,0,0,1,0,1,1,0,1
4659,0,1,0,0,0,1,0,1,0,1,0,0,0,0,1,1,1,1
4660,0,1,0,0,0,1,0,1,0,0,0,0,1,0,1,1,1,1
4661,0,1,0,0,0,1,0,1,0,1,0,0,1,0,0,1,1,1
4662,0,1,0,0,0,1,0,1,0,1,0,0,1,0,1,1,1,0
4663,1,1,0,0,0,0,1,1,0,0,1,1,0,1,0,1,0,0
4664,1,1,0,0,0,0,1,1,0,0,0,1,0,1,0,1,0,1
4665,1,1,0,0,0,0,1,1,0,0,0,1,0,1,1,1,0,0
4666,1,1,0,0,0,0,1,1,0,1,0,1,0,1,0,1,0,0
4667,1,1,0,0,0,0,1,1,0,0,0,1,1,1,0,1,0,0
4668,1,1,0,0,0,0,1,1,0,0,0,1,0,1,0,1,1,0
4669,1,1,0,0,0,0,1,1,0,0,1,1,0,0,0,1,0,1
4670,1,1,0,0,0,0,1,1,0,0,1,1,0,0,1,1,0,0
4671,1,1,0,0,0,0,1,1,0,1,1,1,0,0,0,1,0,0
4672,1,1,0,0,0,0,1,1,0,0,1,1,1,0,0,1,0,0
4673,1,1,0,0,0,0,1,1,0,0,1,1,0,0,0,1,1,0
4674,1,1,0,0,0,0,1,1,0,0,0,1,0,0,1,1,0,1
4675,1,1,0,0,0,0,1,1,0,1,0,1,0,0,0,1,0,1
4676,1,1,0,0,0,0,1,1,0,0,0,1,1,0,0,1,0,1
4677,1,1,0,0,0,0,1,1,0,0,0,1,0,0,0,1,1,1
4678,1,1,0,0,0,0,1,1,0,1,0,1,0,0,1,1,0,0
4679,1,1,0,0,0,0,1,1,0,0,0,1,1,0,1,1,0,0
4680,1,1,0,0,0,0,1,1,0,0,0,1,0,0,1,1,1,0
4681,1,1,0,0,0,0,1,1,0,1,0,1,1,0,0,1,0,0
4682,1,1,0,0,0,0,1,1,0,1,0,1,0,0,0,1,1,0
4683,1,1,0,0,0,0,1,1,0,0,0,1,1,0,0,1,1,0
4684,1,1,0,0,0,0,1,1,0,0,1,0,0,1,0,1,0,1
4685,1,1,0,0,0,0,1,1,0,0,1,0,0,1,1,1,0,0
4686,1,1,0,0,0,0,1,1,0,1,1,0,0,1,0,1,0,0
4687,1,1,0,0,0,0,1,1,0,0,1,0,1,1,0,1,0,0
4688,1,1,0,0,0,0,1,1,0,0,1,0,0,1,0,1,1,0
4689,1,1,0,0,0,0,1,1,0,0,0,0,0,1,1,1,0,1
4690,1,1,0,0,0,0,1,1,0,1,0,0,0,1,0,1,0,1
4691,1,1,0,0,0,0,1,1,0,0,0,0,1,1,0,1,0,1
4692,1,1,0,0,0,0,1,1,0,0,0,0,0,1,0,1,1,1
4693,1,1,0,0,0,0,1,1,0,1,0,0,0,1,1,1,0,0
4694,1,1,0,0,0,0,1,1,0,0,0,0,1,1,1,1,0,0
4695,1,1,0,0,0,0,1,1,0,0,0,0,0,1,1,1,1,0
4696,1,1,0,0,0,0,1,1,0,1,0,0,1,1,0,1,0,0
4697,1,1,0,0,0,0,1,1,0,1,0,0,0,1,0,1,1,0
4698,1,1,0,0,0,0,1,1,0,0,0,0,1,1,0,1,1,0
4699,1,1,0,0,0,0,1,1,0,0,1,0,0,0,1,1,0,1
4700,1,1,0,0,0,0,1,1,0,1,1,0,0,0,0,1,0,1
4701,1,1,0,0,0,0,1,1,0,0,1,0,1,0,0,1,0,1
4702,1,1,0,0,0,0,1,1,0,0,1,0,0,0,0,1,1,1
4703,1,1,0,0,0,0,1,1,0,1,1,0,0,0,1,1,0,0
4704,1,1,0,0,0,0,1,1,0,0,1,0,1,0,1,1,0,0
4705,1,1,0,0,0,0,1,1,0,0,1,0,0,0,1,1,1,0
4706,1,1,0,0,0,0,1,1,0,1,1,0,1,0,0,1,0,0
4707,1,1,0,0,0,0,1,1,0,1,1,0,0,0,0,1,1,0
4708,1,1,0,0,0,0,1,1,0,0,1,0,1,0,0,1,1,0
4709,1,1,0,0,0,0,1,1,0,1,0,0,0,0,1,1,0,1
4710,1,1,0,0,0,0,1,1,0,0,0,0,1,0,1,1,0,1
4711,1,1,0,0,0,0,1,1,0,0,0,0,0,0,1,1,1,1
4712,1,1,0,0,0,0,1,1,0,1,0,0,1,0,0,1,0,1
4713,1,1,0,0,0,0,1,1,0,1,0,0,0,0,0,1,1,1
4714,1,1,0,0,0,0,1,1,0,0,0,0,1,0,0,1,1,1
4715,1,1,0,0,0,0,1,1,0,1,0,0,1,0,1,1,0,0
4716,1,1,0,0,0,0,1,1,0,1,0,0,0,0,1,1,1,0
4717,1,1,0,0,0,0,1,1,0,0,0,0,1,0,1,1,1,0
4718,1,1,0,0,0,0,1,1,0,1,0,0,1,0,0,1,1,0
4719,1,1,0,0,0,0,0,1,0,0,1,1,0,1,0,1,0,1
4720,1,1,0,0,0,0,0,1,0,0,1,1,0,1,1,1,0,0
4721,1,1,0,0,0,0,0,1,0,1,1,1,0,1,0,1,0,0
4722,1,1,0,0,0,0,0,1,0,0,1,1,1,1,0,1,0,0
4723,1,1,0,0,0,0,0,1,0,0,1,1,0,1,0,1,1,0
4724,1,1,0,0,0,0,0,1,0,0,0,1,0,1,1,1,0,1
4725,1,1,0,0,0,0,0,1,0,1,0,1,0,1,0,1,0,1
4726,1,1,0,0,0,0,0,1,0,0,0,1,1,1,0,1,0,1
4727,1,1,0,0,0,0,0,1,0,0,0,1,0,1,0,1,1,1
4728,1,1,0,0,0,0,0,1,0,1,0,1,0,1,1,1,0,0
4729,1,1,0,0,0,0,0,1,0,0,0,1,1,1,1,1,0,0
4730,1,1,0,0,0,0,0,1,0,0,0,1,0,1,1,1,1,0
4731,1,1,0,0,0,0,0,1,0,1,0,1,1,1,0,1,0,0
4732,1,1,0,0,0,0,0,1,0,1,0,1,0,1,0,1,1,0
4733,1,1,0,0,0,0,0,1,0,0,0,1,1,1,0,1,1,0
4734,1,1,0,0,0,0,0,1,0,0,1,1,0,0,1,1,0,1
4735,1,1,0,0,0,0,0,1,0,1,1,1,0,0,0,1,0,1
4736,1,1,0,0,0,0,0,1,0,0,1,1,1,0,0,1,0,1
4737,1,1,0,0,0,0,0,1,0,0,1,1,0,0,0,1,1,1
4738,1,1,0,0,0,0,0,1,0,1,1,1,0,0,1,1,0,0
4739,1,1,0,0,0,0,0,1,0,0,1,1,1,0,1,1,0,0
4740,1,1,0,0,0,0,0,1,0,0,1,1,0,0,1,1,1,0
4741,1,1,0,0,0,0,0,1,0,1,1,1,1,0,0,1,0,0
4742,1,1,0,0,0,0,0,1,0,1,1,1,0,0,0,1,1,0
4743,1,1,0,0,0,0,0,1,0,0,1,1,1,0,0,1,1,0
4744,1,1,0,0,0,0,0,1,0,1,0,1,0,0,1,1,0,1
4745,1,1,0,0,0,0,0,1,0,0,0,1,1,0,1,1,0,1
4746,1,1,0,0,0,0,0,1,0,0,0,1,0,0,1,1,1,1
4747,1,1,0,0,0,0,0,1,0,1,0,1,1,0,0,1,0,1
4748,1,1,0,0,0,0,0,1,0,1,0,1,0,0,0,1,1,1
4749,1,1,0,0,0,0,0,1,0,0,0,1,1,0,0,1,1,1
4750,1,1,0,0,0,0,0,1,0,1,0,1,1,0,1,1,0,0
4751,1,1,0,0,0,0,0,1,0,1,0,1,0,0,1,1,1,0
4752,1,1,0,0,0,0,0,1,0,0,0,1,1,0,1,1,1,0
4753,1,1,0,0,0,0,0,1,0,1,0,1,1,0,0,1,1,0
4754,1,1,0,0,0,0,0,1,0,0,1,0,0,1,1,1,0,1
4755,1,1,0,0,0,0,0,1,0,1,1,0,0,1,0,1,0,1
4756,1,1,0,0,0,0,0,1,0,0,1,0,1,1,0,1,0,1
4757,1,1,0,0,0,0,0,1,0,0,1,0,0,1,0,1,1,1
4758,1,1,0,0,0,0,0,1,0,1,1,0,0,1,1,1,0,0
4759,1,1,0,0,0,0,0,1,0,0,1,0,1,1,1,1,0,0
4760,1,1,0,0,0,0,0,1,0,0,1,0,0,1,1,1,1,0
4761,1,1,0,0,0,0,0,1,0,1,1,0,1,1,0,1,0,0
4762,1,1,0,0,0,0,0,1,0,1,1,0,0,1,0,1,1,0
4763,1,1,0,0,0,0,0,1,0,0,1,0,1,1,0,1,1,0
4764,1,1,0,0,0,0,0,1,0,1,0,0,0,1,1,1,0,1
4765,1,1,0,0,0,0,0,1,0,0,0,0,1,1,1,1,0,1
4766,1,1,0,0,0,0,0,1,0,0,0,0,0,1,1,1,1,1
4767,1,1,0,0,0,0,0,1,0,1,0,0,1,1,0,1,0,1
4768,1,1,0,0,0,0,0,1,0,1,0,0,0,1,0,1,1,1
4769,1,1,0,0,0,0,0,1,0,0,0,0,1,1,0,1,1,1
4770,1,1,0,0,0,0,0,1,0,1,0,0,1,1,1,1,0,0
4771,1,1,0,0,0,0,0,1,0,1,0,0,0,1,1,1,1,0
4772,1,1,0,0,0,0,0,1,0,0,0,0,1,1,1,1,1,0
4773,1,1,0,0,0,0,0,1,0,1,0,0,1,1,0,1,1,0
4774,1,1,0,0,0,0,0,1,0,1,1,0,0,0,1,1,0,1
4775,1,1,0,0,0,0,0,1,0,0,1,0,1,0,1,1,0,1
4776,1,1,0,0,0,0,0,1,0,0,1,0,0,0,1,1,1,1
4777,1,1,0,0,0,0,0,1,0,1,1,0,1,0,0,1,0,1
4778,1,1,0,0,0,0,0,1,0,1,1,0,0,0,0,1,1,1
4779,1,1,0,0,0,0,0,1,0,0,1,0,1,0,0,1,1,1
4780,1,1,0,0,0,0,0,1,0,1,1,0,1,0,1,1,0,0
4781,1,1,0,0,0,0,0,1,0,1,1,0,0,0,1,1,1,0
4782,1,1,0,0,0,0,0,1,0,0,1,0,1,0,1,1,1,0
4783,1,1,0,0,0,0,0,1,0,1,1,0,1,0,0,1,1,0
4784,1,1,0,0,0,0,0,1,0,1,0,0,1,0,1,1,0,1
4785,1,1,0,0,0,0,0,1,0,1,0,0,0,0,1,1,1,1
4786,1,1,0,0,0,0,0,1,0,0,0,0,1,0,1,1,1,1
4787,1,1,0,0,0,0,0,1,0,1,0,0,1,0,0,1,1,1
4788,1,1,0,0,0,0,0,1,0,1,0,0,1,0,1,1,1,0
4789,0,1,1,0,0,0,1,1,0,0,1,1,0,1,0,1,0,0
4790,0,1,1,0,0,0,1,1,0,0,0,1,0,1,0,1,0,1
4791,0,1,1,0,0,0,1,1,0,0,0,1,0,1,1,1,0,0
4792,0,1,1,0,0,0,1,1,0,1,0,1,0,1,0,1,0,0
4793,0,1,1,0,0,0,1,1,0,0,0,1,1,1,0,1,0,0
4794,0,1,1,0,0,0,1,1,0,0,0,1,0,1,0,1,1,0
4795,0,1,1,0,0,0,1,1,0,0,1,1,0,0,0,1,0,1
4796,0,1,1,0,0,0,1,1,0,0,1,1,0,0,1,1,0,0
4797,0,1,1,0,0,0,1,1,0,1,1,1,0,0,0,1,0,0
4798,0,1,1,0,0,0,1,1,0,0,1,1,1,0,0,1,0,0
4799,0,1,1,0,0,0,1,1,0,0,1,1,0,0,0,1,1,0
4800,0,1,1,0,0,0,1,1,0,0,0,1,0,0,1,1,0,1
4801,0,1,1,0,0,0,1,1,0,1,0,1,0,0,0,1,0,1
4802,0,1,1,0,0,0,1,1,0,0,0,1,1,0,0,1,0,1
4803,0,1,1,0,0,0,1,1,0,0,0,1,0,0,0,1,1,1
4804,0,1,1,0,0,0,1,1,0,1,0,1,0,0,1,1,0,0
4805,0,1,1,0,0,0,1,1,0,0,0,1,1,0,1,1,0,0
4806,0,1,1,0,0,0,1,1,0,0,0,1,0,0,1,1,1,0
4807,0,1,1,0,0,0,1,1,0,1,0,1,1,0,0,1,0,0
4808,0,1,1,0,0,0,1,1,0,1,0,1,0,0,0,1,1,0
4809,0,1,1,0,0,0,1,1,0,0,0,1,1,0,0,1,1,0
4810,0,1,1,0,0,0,1,1,0,0,1,0,0,1,0,1,0,1
4811,0,1,1,0,0,0,1,1,0,0,1,0,0,1,1,1,0,0
4812,0,1,1,0,0,0,1,1,0,1,1,0,0,1,0,1,0,0
4813,0,1,1,0,0,0,1,1,0,0,1,0,1,1,0,1,0,0
4814,0,1,1,0,0,0,1,1,0,0,1,0,0,1,0,1,1,0
4815,0,1,1,0,0,0,1,1,0,0,0,0,0,1,1,1,0,1
4816,0,1,1,0,0,0,1,1,0,1,0,0,0,1,0,1,0,1
4817,0,1,1,0,0,0,1,1,0,0,0,0,1,1,0,1,0,1
4818,0,1,1,0,0,0,1,1,0,0,0,0,0,1,0,1,1,1
4819,0,1,1,0,0,0,1,1,0,1,0,0,0,1,1,1,0,0
4820,0,1,1,0,0,0,1,1,0,0,0,0,1,1,1,1,0,0
4821,0,1,1,0,0,0,1,1,0,0,0,0,0,1,1,1,1,0
4822,0,1,1,0,0,0,1,1,0,1,0,0,1,1,0,1,0,0
4823,0,1,1,0,0,0,1,1,0,1,0,0,0,1,0,1,1,0
4824,0,1,1,0,0,0,1,1,0,0,0,0,1,1,0,1,1,0
4825,0,1,1,0,0,0,1,1,0,0,1,0,0,0,1,1,0,1
4826,0,1,1,0,0,0,1,1,0,1,1,0,0,0,0,1,0,1
4827,0,1,1,0,0,0,1,1,0,0,1,0,1,0,0,1,0,1
4828,0,1,1,0,0,0,1,1,0,0,1,0,0,0,0,1,1,1
4829,0,1,1,0,0,0,1,1,0,1,1,0,0,0,1,1,0,0
4830,0,1,1,0,0,0,1,1,0,0,1,0,1,0,1,1,0,0
4831,0,1,1,0,0,0,1,1,0,0,1,0,0,0,1,1,1,0
4832,0,1,1,0,0,0,1,1,0,1,1,0,1,0,0,1,0,0
4833,0,1,1,0,0,0,1,1,0,1,1,0,0,0,0,1,1,0
4834,0,1,1,0,0,0,1,1,0,0,1,0,1,0,0,1,1,0
4835,0,1,1,0,0,0,1,1,0,1,0,0,0,0,1,1,0,1
4836,0,1,1,0,0,0,1,1,0,0,0,0,1,0,1,1,0,1
4837,0,1,1,0,0,0,1,1,0,0,0,0,0,0,1,1,1,1
4838,0,1,1,0,0,0,1,1,0,1,0,0,1,0,0,1,0,1
4839,0,1,1,0,0,0,1,1,0,1,0,0,0,0,0,1,1,1
4840,0,1,1,0,0,0,1,1,0,0,0,0,1,0,0,1,1,1
4841,0,1,1,0,0,0,1,1,0,1,0,0,1,0,1,1,0,0
4842,0,1,1,0,0,0,1,1,0,1,0,0,0,0,1,1,1,0
4843,0,1,1,0,0,0,1,1,0,0,0,0,1,0,1,1,1,0
4844,0,1,1,0,0,0,1,1,0,1,0,0,1,0,0,1,1,0
4845,0,1,1,0,0,0,0,1,0,0,1,1,0,1,0,1,0,1
4846,0,1,1,0,0,0,0,1,0,0,1,1,0,1,1,1,0,0
4847,0,1,1,0,0,0,0,1,0,1,1,1,0,1,0,1,0,0
4848,0,1,1,0,0,0,0,1,0,0,1,1,1,1,0,1,0,0
4849,0,1,1,0,0,0,0,1,0,0,1,1,0,1,0,1,1,0
4850,0,1,1,0,0,0,0,1,0,0,0,1,0,1,1,1,0,1
4851,0,1,1,0,0,0,0,1,0,1,0,1,0,1,0,1,0,1
4852,0,1,1,0,0,0,0,1,0,0,0,1,1,1,0,1,0,1
4853,0,1,1,0,0,0,0,1,0,0,0,1,0,1,0,1,1,1
4854,0,1,1,0,0,0,0,1,0,1,0,1,0,1,1,1,0,0
4855,0,1,1,0,0,0,0,1,0,0,0,1,1,1,1,1,0,0
4856,0,1,1,0,0,0,0,1,0,0,0,1,0,1,1,1,1,0
4857,0,1,1,0,0,0,0,1,0,1,0,1,1,1,0,1,0,0
4858,0,1,1,0,0,0,0,1,0,1,0,1,0,1,0,1,1,0
4859,0,1,1,0,0,0,0,1,0,0,0,1,1,1,0,1,1,0
4860,0,1,1,0,0,0,0,1,0,0,1,1,0,0,1,1,0,1
4861,0,1,1,0,0,0,0,1,0,1,1,1,0,0,0,1,0,1
4862,0,1,1,0,0,0,0,1,0,0,1,1,1,0,0,1,0,1
4863,0,1,1,0,0,0,0,1,0,0,1,1,0,0,0,1,1,1
4864,0,1,1,0,0,0,0,1,0,1,1,1,0,0,1,1,0,0
4865,0,1,1,0,0,0,0,1,0,0,1,1,1,0,1,1,0,0
4866,0,1,1,0,0,0,0,1,0,0,1,1,0,0,1,1,1,0
4867,0,1,1,0,0,0,0,1,0,1,1,1,1,0,0,1,0,0
4868,0,1,1,0,0,0,0,1,0,1,1,1,0,0,0,1,1,0
4869,0,1,1,0,0,0,0,1,0,0,1,1,1,0,0,1,1,0
4870,0,1,1,0,0,0,0,1,0,1,0,1,0,0,1,1,0,1
4871,0,1,1,0,0,0,0,1,0,0,0,1,1,0,1,1,0,1
4872,0,1,1,0,0,0,0,1,0,0,0,1,0,0,1,1,1,1
4873,0,1,1,0,0,0,0,1,0,1,0,1,1,0,0,1,0,1
4874,0,1,1,0,0,0,0,1,0,1,0,1,0,0,0,1,1,1
4875,0,1,1,0,0,0,0,1,0,0,0,1,1,0,0,1,1,1
4876,0,1,1,0,0,0,0,1,0,1,0,1,1,0,1,1,0,0
4877,0,1,1,0,0,0,0,1,0,1,0,1,0,0,1,1,1,0
4878,0,1,1,0,0,0,0,1,0,0,0,1,1,0,1,1,1,0
4879,0,1,1,0,0,0,0,1,0,1,0,1,1,0,0,1,1,0
4880,0,1,1,0,0,0,0,1,0,0,1,0,0,1,1,1,0,1
4881,0,1,1,0,0,0,0,1,0,1,1,0,0,1,0,1,0,1
4882,0,1,1,0,0,0,0,1,0,0,1,0,1,1,0,1,0,1
4883,0,1,1,0,0,0,0,1,0,0,1,0,0,1,0,1,1,1
4884,0,1,1,0,0,0,0,1,0,1,1,0,0,1,1,1,0,0
4885,0,1,1,0,0,0,0,1,0,0,1,0,1,1,1,1,0,0
4886,0,1,1,0,0,0,0,1,0,0,1,0,0,1,1,1,1,0
4887,0,1,1,0,0,0,0,1,0,1,1,0,1,1,0,1,0,0
4888,0,1,1,0,0,0,0,1,0,1,1,0,0,1,0,1,1,0
4889,0,1,1,0,0,0,0,1,0,0,1,0,1,1,0,1,1,0
4890,0,1,1,0,0,0,0,1,0,1,0,0,0,1,1,1,0,1
4891,0,1,1,0,0,0,0,1,0,0,0,0,1,1,1,1,0,1
4892,0,1,1,0,0,0,0,1,0,0,0,0,0,1,1,1,1,1
4893,0,1,1,0,0,0,0,1,0,1,0,0,1,1,0,1,0,1
4894,0,1,1,0,0,0,0,1,0,1,0,0,0,1,0,1,1,1
4895,0,1,1,0,0,0,0,1,0,0,0,0,1,1,0,1,1,1
4896,0,1,1,0,0,0,0,1,0,1,0,0,1,1,1,1,0,0
4897,0,1,1,0,0,0,0,1,0,1,0,0,0,1,1,1,1,0
4898,0,1,1,0,0,0,0,1,0,0,0,0,1,1,1,1,1,0
4899,0,1,1,0,0,0,0,1,0,1,0,0,1,1,0,1,1,0
4900,0,1,1,0,0,0,0,1,0,1,1,0,0,0,1,1,0,1
4901,0,1,1,0,0,0,0,1,0,0,1,0,1,0,1,1,0,1
4902,0,1,1,0,0,0,0,1,0,0,1,0,0,0,1,1,1,1
4903,0,1,1,0,0,0,0,1,0,1,1,0,1,0,0,1,0,1
4904,0,1,1,0,0,0,0,1,0,1,1,0,0,0,0,1,1,1
4905,0,1,1,0,0,0,0,1,0,0,1,0,1,0,0,1,1,1
4906,0,1,1,0,0,0,0,1,0,1,1,0,1,0,1,1,0,0
4907,0,1,1,0,0,0,0,1,0,1,1,0,0,0,1,1,1,0
4908,0,1,1,0,0,0,0,1,0,0,1,0,1,0,1,1,1,0
4909,0,1,1,0,0,0,0,1,0,1,1,0,1,0,0,1,1,0
4910,0,1,1,0,0,0,0,1,0,1,0,0,1,0,1,1,0,1
4911,0,1,1,0,0,0,0,1,0,1,0,0,0,0,1,1,1,1
4912,0,1,1,0,0,0,0,1,0,0,0,0,1,0,1,1,1,1
4913,0,1,1,0,0,0,0,1,0,1,0,0,1,0,0,1,1,1
4914,0,1,1,0,0,0,0,1,0,1,0,0,1,0,1,1,1,0
4915,0,1,0,1,0,0,1,1,0,0,1,1,0,1,0,1,0,0
4916,0,1,0,1,0,0,1,1,0,0,0,1,0,1,0,1,0,1
4917,0,1,0,1,0,0,1,1,0,0,0,1,0,1,1,1,0,0
4918,0,1,0,1,0,0,1,1,0,1,0,1,0,1,0,1,0,0
4919,0,1,0,1,0,0,1,1,0,0,0,1,1,1,0,1,0,0
4920,0,1,0,1,0,0,1,1,0,0,0,1,0,1,0,1,1,0
4921,0,1,0,1,0,0,1,1,0,0,1,1,0,0,0,1,0,1
4922,0,1,0,1,0,0,1,1,0,0,1,1,0,0,1,1,0,0
4923,0,1,0,1,0,0,1,1,0,1,1,1,0,0,0,1,0,0
4924,0,1,0,1,0,0,1,1,0,0,1,1,1,0,0,1,0,0
4925,0,1,0,1,0,0,1,1,0,0,1,1,0,0,0,1,1,0
4926,0,1,0,1,0,0,1,1,0,0,0,1,0,0,1,1,0,1
4927,0,1,0,1,0,0,1,1,0,1,0,1,0,0,0,1,0,1
4928,0,1,0,1,0,0,1,1,0,0,0,1,1,0,0,1,0,1
4929,0,1,0,1,0,0,1,1,0,0,0,1,0,0,0,1,1,1
4930,0,1,0,1,0,0,1,1,0,1,0,1,0,0,1,1,0,0
4931,0,1,0,1,0,0,1,1,0,0,0,1,1,0,1,1,0,0
4932,0,1,0,1,0,0,1,1,0,0,0,1,0,0,1,1,1,0
4933,0,1,0,1,0,0,1,1,0,1,0,1,1,0,0,1,0,0
4934,0,1,0,1,0,0,1,1,0,1,0,1,0,0,0,1,1,0
4935,0,1,0,1,0,0,1,1,0,0,0,1,1,0,0,1,1,0
4936,0,1,0,1,0,0,1,1,0,0,1,0,0,1,0,1,0,1
4937,0,1,0,1,0,0,1,1,0,0,1,0,0,1,1,1,0,0
4938,0,1,0,1,0,0,1,1,0,1,1,0,0,1,0,1,0,0
4939,0,1,0,1,0,0,1,1,0,0,1,0,1,1,0,1,0,0
4940,0,1,0,1,0,0,1,1,0,0,1,0,0,1,0,1,1,0
4941,0,1,0,1,0,0,1,1,0,0,0,0,0,1,1,1,0,1
4942,0,1,0,1,0,0,1,1,0,1,0,0,0,1,0,1,0,1
4943,0,1,0,1,0,0,1,1,0,0,0,0,1,1,0,1,0,1
4944,0,1,0,1,0,0,1,1,0,0,0,0,0,1,0,1,1,1
4945,0,1,0,1,0,0,1,1,0,1,0,0,0,1,1,1,0,0
4946,0,1,0,1,0,0,1,1,0,0,0,0,1,1,1,1,0,0
4947,0,1,0,1,0,0,1,1,0,0,0,0,0,1,1,1,1,0
4948,0,1,0,1,0,0,1,1,0,1,0,0,1,1,0,1,0,0
4949,0,1,0,1,0,0,1,1,0,1,0,0,0,1,0,1,1,0
4950,0,1,0,1,0,0,1,1,0,0,0,0,1,1,0,1,1,0
4951,0,1,0,1,0,0,1,1,0,0,1,0,0,0,1,1,0,1
4952,0,1,0,1,0,0,1,1,0,1,1,0,0,0,0,1,0,1
4953,0,1,0,1,0,0,1,1,0,0,1,0,1,0,0,1,0,1
4954,0,1,0,1,0,0,1,1,0,0,1,0,0,0,0,1,1,1
4955,0,1,0,1,0,0,1,1,0,1,1,0,0,0,1,1,0,0
4956,0,1,0,1,0,0,1,1,0,0,1,0,1,0,1,1,0,0
4957,0,1,0,1,0,0,1,1,0,0,1,0,0,0,1,1,1,0
4958,0,1,0,1,0,0,1,1,0,1,1,0,1,0,0,1,0,0
4959,0,1,0,1,0,0,1,1,0,1,1,0,0,0,0,1,1,0
4960,0,1,0,1,0,0,1,1,0,0,1,0,1,0,0,1,1,0
4961,0,1,0,1,0,0,1,1,0,1,0,0,0,0,1,1,0,1
4962,0,1,0,1,0,0,1,1,0,0,0,0,1,0,1,1,0,1
4963,0,1,0,1,0,0,1,1,0,0,0,0,0,0,1,1,1,1
4964,0,1,0,1,0,0,1,1,0,1,0,0,1,0,0,1,0,1
4965,0,1,0,1,0,0,1,1,0,1,0,0,0,0,0,1,1,1
4966,0,1,0,1,0,0,1,1,0,0,0,0,1,0,0,1,1,1
4967,0,1,0,1,0,0,1,1,0,1,0,0,1,0,1,1,0,0
4968,0,1,0,1,0,0,1,1,0,1,0,0,0,0,1,1,1,0
4969,0,1,0,1,0,0,1,1,0,0,0,0,1,0,1,1,1,0
4970,0,1,0,1,0,0,1,1,0,1,0,0,1,0,0,1,1,0
4971,0,1,0,1,0,0,0,1,0,0,1,1,0,1,0,1,0,1
4972,0,1,0,1,0,0,0,1,0,0,1,1,0,1,1,1,0,0
4973,0,1,0,1,0,0,0,1,0,1,1,1,0,1,0,1,0,0
4974,0,1,0,1,0,0,0,1,0,0,1,1,1,1,0,1,0,0
4975,0,1,0,1,0,0,0,1,0,0,1,1,0,1,0,1,1,0
4976,0,1,0,1,0,0,0,1,0,0,0,1,0,1,1,1,0,1
4977,0,1,0,1,0,0,0,1,0,1,0,1,0,1,0,1,0,1
4978,0,1,0,1,0,0,0,1,0,0,0,1,1,1,0,1,0,1
4979,0,1,0,1,0,0,0,1,0,0,0,1,0,1,0,1,1,1
4980,0,1,0,1,0,0,0,1,0,1,0,1,0,1,1,1,0,0
4981,0,1,0,1,0,0,0,1,0,0,0,1,1,1,1,1,0,0
4982,0,1,0,1,0,0,0,1,0,0,0,1,0,1,1,1,1,0
4983,0,1,0,1,0,0,0,1,0,1,0,1,1,1,0,1,0,0
4984,0,1,0,1,0,0,0,1,0,1,0,1,0,1,0,1,1,0
4985,0,1,0,1,0,0,0,1,0,0,0,1,1,1,0,1,1,0
4986,0,1,0,1,0,0,0,1,0,0,1,1,0,0,1,1,0,1
4987,0,1,0,1,0,0,0,1,0,1,1,1,0,0,0,1,0,1
4988,0,1,0,1,0,0,0,1,0,0,1,1,1,0,0,1,0,1
4989,0,1,0,1,0,0,0,1,0,0,1,1,0,0,0,1,1,1
4990,0,1,0,1,0,0,0,1,0,1,1,1,0,0,1,1,0,0
4991,0,1,0,1,0,0,0,1,0,0,1,1,1,0,1,1,0,0
4992,0,1,0,1,0,0,0,1,0,0,1,1,0,0,1,1,1,0
4993,0,1,0,1,0,0,0,1,0,1,1,1,1,0,0,1,0,0
4994,0,1,0,1,0,0,0,1,0,1,1,1,0,0,0,1,1,0
4995,0,1,0,1,0,0,0,1,0,0,1,1,1,0,0,1,1,0
4996,0,1,0,1,0,0,0,1,0,1,0,1,0,0,1,1,0,1
4997,0,1,0,1,0,0,0,1,0,0,0,1,1,0,1,1,0,1
4998,0,1,0,1,0,0,0,1,0,0,0,1,0,0,1,1,1,1
4999,0,1,0,1,0,0,0,1,0,1,0,1,1,0,0,1,0,1
5000,0,1,0,1,0,0,0,1,0,1,0,1,0,0,0,1,1,1
5001,0,1,0,1,0,0,0,1,0,0,0,1,1,0,0,1,1,1
5002,0,1,0,1,0,0,0,1,0,1,0,1,1,0,1,1,0,0
5003,0,1,0,1,0,0,0,1,0,1,0,1,0,0,1,1,1,0
5004,0,1,0,1,0,0,0,1,0,0,0,1,1,0,1,1,1,0
5005,0,1,0,1,0,0,0,1,0,1,0,1,1,0,0,1,1,0
5006,0,1,0,1,0,0,0,1,0,0,1,0,0,1,1,1,0,1
5007,0,1,0,1,0,0,0,1,0,1,1,0,0,1,0,1,0,1
5008,0,1,0,1,0,0,0,1,0,0,1,0,1,1,0,1,0,1
5009,0,1,0,1,0,0,0,1,0,0,1,0,0,1,0,1,1,1
5010,0,1,0,1,0,0,0,1,0,1,1,0,0,1,1,1,0,0
5011,0,1,0,1,0,0,0,1,0,0,1,0,1,1,1,1,0,0
5012,0,1,0,1,0,0,0,1,0,0,1,0,0,1,1,1,1,0
5013,0,1,0,1,0,0,0,1,0,1,1,0,1,1,0,1,0,0
5014,0,1,0,1,0,0,0,1,0,1,1,0,0,1,0,1,1,0
5015,0,1,0,1,0,0,0,1,0,0,1,0,1,1,0,1,1,0
5016,0,1,0,1,0,0,0,1,0,1,0,0,0,1,1,1,0,1
5017,0,1,0,1,0,0,0,1,0,0,0,0,1,1,1,1,0,1
5018,0,1,0,1,0,0,0,1,0,0,0,0,0,1,1,1,1,1
5019,0,1,0,1,0,0,0,1,0,1,0,0,1,1,0,1,0,1
5020,0,1,0,1,0,0,0,1,0,1,0,0,0,1,0,1,1,1
5021,0,1,0,1,0,0,0,1,0,0,0,0,1,1,0,1,1,1
5022,0,1,0,1,0,0,0,1,0,1,0,0,1,1,1,1,0,0
5023,0,1,0,1,0,0,0,1,0,1,0,0,0,1,1,1,1,0
5024,0,1,0,1,0,0,0,1,0,0,0,0,1,1,1,1,1,0
5025,0,1,0,1,0,0,0,1,0,1,0,0,1,1,0,1,1,0
5026,0,1,0,1,0,0,0,1,0,1,1,0,0,0,1,1,0,1
5027,0,1,0,1,0,0,0,1,0,0,1,0,1,0,1,1,0,1
5028,0,1,0,1,0,0,0,1,0,0,1,0,0,0,1,1,1,1
5029,0,1,0,1,0,0,0,1,0,1,1,0,1,0,0,1,0,1
5030,0,1,0,1,0,0,0,1,0,1,1,0,0,0,0,1,1,1
5031,0,1,0,1,0,0,0,1,0,0,1,0,1,0,0,1,1,1
5032,0,1,0,1,0,0,0,1,0,1,1,0,1,0,1,1,0,0
5033,0,1,0,1,0,0,0,1,0,1,1,0,0,0,1,1,1,0
5034,0,1,0,1,0,0,0,1,0,0,1,0,1,0,1,1,1,0
5035,0,1,0,1,0,0,0,1,0,1,1,0,1,0,0,1,1,0
5036,0,1,0,1,0,0,0,1,0,1,0,0,1,0,1,1,0,1
5037,0,1,0,1,0,0,0,1,0,1,0,0,0,0,1,1,1,1
5038,0,1,0,1,0,0,0,1,0,0,0,0,1,0,1,1,1,1
5039,0,1,0,1,0,0,0,1,0,1,0,0,1,0,0,1,1,1
5040,0,1,0,1,0,0,0,1,0,1,0,0,1,0,1,1,1,0
5041,1,0,0,0,0,1,1,1,0,0,1,1,0,1,0,1,0,0
5042,1,0,0,0,0,1,1,1,0,0,0,1,0,1,0,1,0,1
5043,1,0,0,0,0,1,1,1,0,0,0,1,0,1,1,1,0,0
5044,1,0,0,0,0,1,1,1,0,1,0,1,0,1,0,1,0,0
5045,1,0,0,0,0,1,1,1,0,0,0,1,1,1,0,1,0,0
5046,1,0,0,0,0,1,1,1,0,0,0,1,0,1,0,1,1,0
5047,1,0,0,0,0,1,1,1,0,0,1,1,0,0,0,1,0,1
5048,1,0,0,0,0,1,1,1,0,0,1,1,0,0,1,1,0,0
5049,1,0,0,0,0,1,1,1,0,1,1,1,0,0,0,1,0,0
5050,1,0,0,0,0,1,1,1,0,0,1,1,1,0,0,1,0,0
5051,1,0,0,0,0,1,1,1,0,0,1,1,0,0,0,1,1,0
5052,1,0,0,0,0,1,1,1,0,0,0,1,0,0,1,1,0,1
5053,1,0,0,0,0,1,1,1,0,1,0,1,0,0,0,1,0,1
5054,1,0,0,0,0,1,1,1,0,0,0,1,1,0,0,1,0,1
5055,1,0,0,0,0,1,1,1,0,0,0,1,0,0,0,1,1,1
5056,1,0,0,0,0,1,1,1,0,1,0,1,0,0,1,1,0,0
5057,1,0,0,0,0,1,1,1,0,0,0,1,1,0,1,1,0,0
5058,1,0,0,0,0,1,1,1,0,0,0,1,0,0,1,1,1,0
5059,1,0,0,0,0,1,1,1,0,1,0,1,1,0,0,1,0,0
5060,1,0,0,0,0,1,1,1,0,1,0,1,0,0,0,1,1,0
5061,1,0,0,0,0,1,1,1,0,0,0,1,1,0,0,1,1,0
5062,1,0,0,0,0,1,1,1,0,0,1,0,0,1,0,1,0,1
5063,1,0,0,0,0,1,1,1,0,0,1,0,0,1,1,1,0,0
5064,1,0,0,0,0,1,1,1,0,1,1,0,0,1,0,1,0,0
5065,1,0,0,0,0,1,1,1,0,0,1,0,1,1,0,1,0,0
5066,1,0,0,0,0,1,1,1,0,0,1,0,0,1,0,1,1,0
5067,1,0,0,0,0,1,1,1,0,0,0,0,0,1,1,1,0,1
5068,1,0,0,0,0,1,1,1,0,1,0,0,0,1,0,1,0,1
5069,1,0,0,0,0,1,1,1,0,0,0,0,1,1,0,1,0,1
5070,1,0,0,0,0,1,1,1,0,0,0,0,0,1,0,1,1,1
5071,1,0,0,0,0,1,1,1,0,1,0,0,0,1,1,1,0,0
5072,1,0,0,0,0,1,1,1,0,0,0,0,1,1,1,1,0,0
5073,1,0,0,0,0,1,1,1,0,0,0,0,0,1,1,1,1,0
5074,1,0,0,0,0,1,1,1,0,1,0,0,1,1,0,1,0,0
5075,1,0,0,0,0,1,1,1,0,1,0,0,0,1,0,1,1,0
5076,1,0,0,0,0,1,1,1,0,0,0,0,1,1,0,1,1,0
5077,1,0,0,0,0,1,1,1,0,0,1,0,0,0,1,1,0,1
5078,1,0,0,0,0,1,1,1,0,1,1,0,0,0,0,1,0,1
5079,1,0,0,0,0,1,1,1,0,0,1,0,1,0,0,1,0,1
5080,1,0,0,0,0,1,1,1,0,0,1,0,0,0,0,1,1,1
5081,1,0,0,0,0,1,1,1,0,1,1,0,0,0,1,1,0,0
5082,1,0,0,0,0,1,1,1,0,0,1,0,1,0,1,1,0,0
5083,1,0,0,0,0,1,1,1,0,0,1,0,0,0,1,1,1,0
5084,1,0,0,0,0,1,1,1,0,1,1,0,1,0,0,1,0,0
5085,1,0,0,0,0,1,1,1,0,1,1,0,0,0,0,1,1,0
5086,1,0,0,0,0,1,1,1,0,0,1,0,1,0,0,1,1,0
5087,1,0,0,0,0,1,1,1,0,1,0,0,0,0,1,1,0,1
5088,1,0,0,0,0,1,1,1,0,0,0,0,1,0,1,1,0,1
5089,1,0,0,0,0,1,1,1,0,0,0,0,0,0,1,1,1,1
5090,1,0,0,0,0,1,1,1,0,1,0,0,1,0,0,1,0,1
5091,1,0,0,0,0,1,1,1,0,1,0,0,0,0,0,1,1,1
5092,1,0,0,0,0,1,1,1,0,0,0,0,1,0,0,1,1,1
5093,1,0,0,0,0,1,1,1,0,1,0,0,1,0,1,1,0,0
5094,1,0,0,0,0,1,1,1,0,1,0,0,0,0,1,1,1,0
5095,1,0,0,0,0,1,1,1,0,0,0,0,1,0,1,1,1,0
5096,1,0,0,0,0,1,1,1,0,1,0,0,1,0,0,1,1,0
5097,1,0,0,0,0,1,0,1,0,0,1,1,0,1,0,1,0,1
5098,1,0,0,0,0,1,0,1,0,0,1,1,0,1,1,1,0,0
5099,1,0,0,0,0,1,0,1,0,1,1,1,0,1,0,1,0,0
5100,1,0,0,0,0,1,0,1,0,0,1,1,1,1,0,1,0,0
5101,1,0,0,0,0,1,0,1,0,0,1,1,0,1,0,1,1,0
5102,1,0,0,0,0,1,0,1,0,0,0,1,0,1,1,1,0,1
5103,1,0,0,0,0,1,0,1,0,1,0,1,0,1,0,1,0,1
5104,1,0,0,0,0,1,0,1,0,0,0,1,1,1,0,1,0,1
5105,1,0,0,0,0,1,0,1,0,0,0,1,0,1,0,1,1,1
5106,1,0,0,0,0,1,0,1,0,1,0,1,0,1,1,1,0,0
5107,1,0,0,0,0,1,0,1,0,0,0,1,1,1,1,1,0,0
5108,1,0,0,0,0,1,0,1,0,0,0,1,0,1,1,1,1,0
5109,1,0,0,0,0,1,0,1,0,1,0,1,1,1,0,1,0,0
5110,1,0,0,0,0,1,0,1,0,1,0,1,0,1,0,1,1,0
5111,1,0,0,0,0,1,0,1,0,0,0,1,1,1,0,1,1,0
5112,1,0,0,0,0,1,0,1,0,0,1,1,0,0,1,1,0,1
5113,1,0,0,0,0,1,0,1,0,1,1,1,0,0,0,1,0,1
5114,1,0,0,0,0,1,0,1,0,0,1,1,1,0,0,1,0,1
5115,1,0,0,0,0,1,0,1,0,0,1,1,0,0,0,1,1,1
5116,1,0,0,0,0,1,0,1,0,1,1,1,0,0,1,1,0,0
5117,1,0,0,0,0,1,0,1,0,0,1,1,1,0,1,1,0,0
5118,1,0,0,0,0,1,0,1,0,0,1,1,0,0,1,1,1,0
5119,1,0,0,0,0,1,0,1,0,1,1,1,1,0,0,1,0,0
5120,1,0,0,0,0,1,0,1,0,1,1,1,0,0,0,1,1,0
5121,1,0,0,0,0,1,0,1,0,0,1,1,1,0,0,1,1,0
5122,1,0,0,0,0,1,0,1,0,1,0,1,0,0,1,1,0,1
5123,1,0,0,0,0,1,0,1,0,0,0,1,1,0,1,1,0,1
5124,1,0,0,0,0,1,0,1,0,0,0,1,0,0,1,1,1,1
5125,1,0,0,0,0,1,0,1,0,1,0,1,1,0,0,1,0,1
5126,1,0,0,0,0,1,0,1,0,1,0,1,0,0,0,1,1,1
5127,1,0,0,0,0,1,0,1,0,0,0,1,1,0,0,1,1,1
5128,1,0,0,0,0,1,0,1,0,1,0,1,1,0,1,1,0,0
5129,1,0,0,0,0,1,0,1,0,1,0,1,0,0,1,1,1,0
5130,1,0,0,0,0,1,0,1,0,0,0,1,1,0,1,1,1,0
5131,1,0,0,0,0,1,0,1,0,1,0,1,1,0,0,1,1,0
5132,1,0,0,0,0,1,0,1,0,0,1,0,0,1,1,1,0,1
5133,1,0,0,0,0,1,0,1,0,1,1,0,0,1,0,1,0,1
5134,1,0,0,0,0,1,0,1,0,0,1,0,1,1,0,1,0,1
5135,1,0,0,0,0,1,0,1,0,0,1,0,0,1,0,1,1,1
5136,1,0,0,0,0,1,0,1,0,1,1,0,0,1,1,1,0,0
5137,1,0,0,0,0,1,0,1,0,0,1,0,1,1,1,1,0,0
5138,1,0,0,0,0,1,0,1,0,0,1,0,0,1,1,1,1,0
5139,1,0,0,0,0,1,0,1,0,1,1,0,1,1,0,1,0,0
5140,1,0,0,0,0,1,0,1,0,1,1,0,0,1,0,1,1,0
5141,1,0,0,0,0,1,0,1,0,0,1,0,1,1,0,1,1,0
5142,1,0,0,0,0,1,0,1,0,1,0,0,0,1,1,1,0,1
5143,1,0,0,0,0,1,0,1,0,0,0,0,1,1,1,1,0,1
5144,1,0,0,0,0,1,0,1,0,0,0,0,0,1,1,1,1,1
5145,1,0,0,0,0,1,0,1,0,1,0,0,1,1,0,1,0,1
5146,1,0,0,0,0,1,0,1,0,1,0,0,0,1,0,1,1,1
5147,1,0,0,0,0,1,0,1,0,0,0,0,1,1,0,1,1,1
5148,1,0,0,0,0,1,0,1,0,1,0,0,1,1,1,1,0,0
5149,1,0,0,0,0,1,0,1,0,1,0,0,0,1,1,1,1,0
5150,1,0,0,0,0,1,0,1,0,0,0,0,1,1,1,1,1,0
5151,1,0,0,0,0,1,0,1,0,1,0,0,1,1,0,1,1,0
5152,1,0,0,0,0,1,0,1,0,1,1,0,0,0,1,1,0,1
5153,1,0,0,0,0,1,0,1,0,0,1,0,1,0,1,1,0,1
5154,1,0,0,0,0,1,0,1,0,0,1,0,0,0,1,1,1,1
5155,1,0,0,0,0,1,0,1,0,1,1,0,1,0,0,1,0,1
5156,1,0,0,0,0,1,0,1,0,1,1,0,0,0,0,1,1,1
5157,1,0,0,0,0,1,0,1,0,0,1,0,1,0,0,1,1,1
5158,1,0,0,0,0,1,0,1,0,1,1,0,1,0,1,1,0,0
5159,1,0,0,0,0,1,0,1,0,1,1,0,0,0,1,1,1,0
5160,1,0,0,0,0,1,0,1,0,0,1,0,1,0,1,1,1,0
5161,1,0,0,0,0,1,0,1,0,1,1,0,1,0,0,1,1,0
5162,1,0,0,0,0,1,0,1,0,1,0,0,1,0,1,1,0,1
5163,1,0,0,0,0,1,0,1,0,1,0,0,0,0,1,1,1,1
5164,1,0,0,0,0,1,0,1,0,0,0,0,1,0,1,1,1,1
5165,1,0,0,0,0,1,0,1,0,1,0,0,1,0,0,1,1,1
5166,1,0,0,0,0,1,0,1,0,1,0,0,1,0,1,1,1,0
5167,0,0,1,0,0,1,1,1,0,0,1,1,0,1,0,1,0,0
5168,0,0,1,0,0,1,1,1,0,0,0,1,0,1,0,1,0,1
5169,0,0,1,0,0,1,1,1,0,0,0,1,0,1,1,1,0,0
5170,0,0,1,0,0,1,1,1,0,1,0,1,0,1,0,1,0,0
5171,0,0,1,0,0,1,1,1,0,0,0,1,1,1,0,1,0,0
5172,0,0,1,0,0,1,1,1,0,0,0,1,0,1,0,1,1,0
5173,0,0,1,0,0,1,1,1,0,0,1,1,0,0,0,1,0,1
5174,0,0,1,0,0,1,1,1,0,0,1,1,0,0,1,1,0,0
5175,0,0,1,0,0,1,1,1,0,1,1,1,0,0,0,1,0,0
5176,0,0,1,0,0,1,1,1,0,0,1,1,1,0,0,1,0,0
5177,0,0,1,0,0,1,1,1,0,0,1,1,0,0,0,1,1,0
5178,0,0,1,0,0,1,1,1,0,0,0,1,0,0,1,1,0,1
5179,0,0,1,0,0,1,1,1,0,1,0,1,0,0,0,1,0,1
5180,0,0,1,0,0,1,1,1,0,0,0,1,1,0,0,1,0,1
5181,0,0,1,0,0,1,1,1,0,0,0,1,0,0,0,1,1,1
5182,0,0,1,0,0,1,1,1,0,1,0,1,0,0,1,1,0,0
5183,0,0,1,0,0,1,1,1,0,0,0,1,1,0,1,1,0,0
5184,0,0,1,0,0,1,1,1,0,0,0,1,0,0,1,1,1,0
5185,0,0,1,0,0,1,1,1,0,1,0,1,1,0,0,1,0,0
5186,0,0,1,0,0,1,1,1,0,1,0,1,0,0,0,1,1,0
5187,0,0,1,0,0,1,1,1,0,0,0,1,1,0,0,1,1,0
5188,0,0,1,0,0,1,1,1,0,0,1,0,0,1,0,1,0,1
5189,0,0,1,0,0,1,1,1,0,0,1,0,0,1,1,1,0,0
5190,0,0,1,0,0,1,1,1,0,1,1,0,0,1,0,1,0,0
5191,0,0,1,0,0,1,1,1,0,0,1,0,1,1,0,1,0,0
5192,0,0,1,0,0,1,1,1,0,0,1,0,0,1,0,1,1,0
5193,0,0,1,0,0,1,1,1,0,0,0,0,0,1,1,1,0,1
5194,0,0,1,0,0,1,1,1,0,1,0,0,0,1,0,1,0,1
5195,0,0,1,0,0,1,1,1,0,0,0,0,1,1,0,1,0,1
5196,0,0,1,0,0,1,1,1,0,0,0,0,0,1,0,1,1,1
5197,0,0,1,0,0,1,1,1,0,1,0,0,0,1,1,1,0,0
5198,0,0,1,0,0,1,1,1,0,0,0,0,1,1,1,1,0,0
5199,0,0,1,0,0,1,1,1,0,0,0,0,0,1,1,1,1,0
5200,0,0,1,0,0,1,1,1,0,1,0,0,1,1,0,1,0,0
5201,0,0,1,0,0,1,1,1,0,1,0,0,0,1,0,1,1,0
5202,0,0,1,0,0,1,1,1,0,0,0,0,1,1,0,1,1,0
5203,0,0,1,0,0,1,1,1,0,0,1,0,0,0,1,1,0,1
5204,0,0,1,0,0,1,1,1,0,1,1,0,0,0,0,1,0,1
5205,0,0,1,0,0,1,1,1,0,0,1,0,1,0,0,1,0,1
5206,0,0,1,0,0,1,1,1,0,0,1,0,0,0,0,1,1,1
5207,0,0,1,0,0,1,1,1,0,1,1,0,0,0,1,1,0,0
5208,0,0,1,0,0,1,1,1,0,0,1,0,1,0,1,1,0,0
5209,0,0,1,0,0,1,1,1,0,0,1,0,0,0,1,1,1,0
5210,0,0,1,0,0,1,1,1,0,1,1,0,1,0,0,1,0,0
5211,0,0,1,0,0,1,1,1,0,1,1,0,0,0,0,1,1,0
5212,0,0,1,0,0,1,1,1,0,0,1,0,1,0,0,1,1,0
5213,0,0,1,0,0,1,1,1,0,1,0,0,0,0,1,1,0,1
5214,0,0,1,0,0,1,1,1,0,0,0,0,1,0,1,1,0,1
5215,0,0,1,0,0,1,1,1,0,0,0,0,0,0,1,1,1,1
5216,0,0,1,0,0,1,1,1,0,1,0,0,1,0,0,1,0,1
5217,0,0,1,0,0,1,1,1,0,1,0,0,0,0,0,1,1,1
5218,0,0,1,0,0,1,1,1,0,0,0,0,1,0,0,1,1,1
5219,0,0,1,0,0,1,1,1,0,1,0,0,1,0,1,1,0,0
5220,0,0,1,0,0,1,1,1,0,1,0,0,0,0,1,1,1,0
5221,0,0,1,0,0,1,1,1,0,0,0,0,1,0,1,1,1,0
5222,0,0,1,0,0,1,1,1,0,1,0,0,1,0,0,1,1,0
5223,0,0,1,0,0,1,0,1,0,0,1,1,0,1,0,1,0,1
5224,0,0,1,0,0,1,0,1,0,0,1,1,0,1,1,1,0,0
5225,0,0,1,0,0,1,0,1,0,1,1,1,0,1,0,1,0,0
5226,0,0,1,0,0,1,0,1,0,0,1,1,1,1,0,1,0,0
5227,0,0,1,0,0,1,0,1,0,0,1,1,0,1,0,1,1,0
5228,0,0,1,0,0,1,0,1,0,0,0,1,0,1,1,1,0,1
5229,0,0,1,0,0,1,0,1,0,1,0,1,0,1,0,1,0,1
5230,0,0,1,0,0,1,0,1,0,0,0,1,1,1,0,1,0,1
5231,0,0,1,0,0,1,0,1,0,0,0,1,0,1,0,1,1,1
5232,0,0,1,0,0,1,0,1,0,1,0,1,0,1,1,1,0,0
5233,0,0,1,0,0,1,0,1,0,0,0,1,1,1,1,1,0,0
5234,0,0,1,0,0,1,0,1,0,0,0,1,0,1,1,1,1,0
5235,0,0,1,0,0,1,0,1,0,1,0,1,1,1,0,1,0,0
5236,0,0,1,0,0,1,0,1,0,1,0,1,0,1,0,1,1,0
5237,0,0,1,0,0,1,0,1,0,0,0,1,1,1,0,1,1,0
5238,0,0,1,0,0,1,0,1,0,0,1,1,0,0,1,1,0,1
5239,0,0,1,0,0,1,0,1,0,1,1,1,0,0,0,1,0,1
5240,0,0,1,0,0,1,0,1,0,0,1,1,1,0,0,1,0,1
5241,0,0,1,0,0,1,0,1,0,0,1,1,0,0,0,1,1,1
5242,0,0,1,0,0,1,0,1,0,1,1,1,0,0,1,1,0,0
5243,0,0,1,0,0,1,0,1,0,0,1,1,1,0,1,1,0,0
5244,0,0,1,0,0,1,0,1,0,0,1,1,0,0,1,1,1,0
5245,0,0,1,0,0,1,0,1,0,1,1,1,1,0,0,1,0,0
5246,0,0,1,0,0,1,0,1,0,1,1,1,0,0,0,1,1,0
5247,0,0,1,0,0,1,0,1,0,0,1,1,1,0,0,1,1,0
5248,0,0,1,0,0,1,0,1,0,1,0,1,0,0,1,1,0,1
5249,0,0,1,0,0,1,0,1,0,0,0,1,1,0,1,1,0,1
5250,0,0,1,0,0,1,0,1,0,0,0,1,0,0,1,1,1,1
5251,0,0,1,0,0,1,0,1,0,1,0,1,1,0,0,1,0,1
5252,0,0,1,0,0,1,0,1,0,1,0,1,0,0,0,1,1,1
5253,0,0,1,0,0,1,0,1,0,0,0,1,1,0,0,1,1,1
5254,0,0,1,0,0,1,0,1,0,1,0,1,1,0,1,1,0,0
5255,0,0,1,0,0,1,0,1,0,1,0,1,0,0,1,1,1,0
5256,0,0,1,0,0,1,0,1,0,0,0,1,1,0,1,1,1,0
5257,0,0,1,0,0,1,0,1,0,1,0,1,1,0,0,1,1,0
5258,0,0,1,0,0,1,0,1,0,0,1,0,0,1,1,1,0,1
5259,0,0,1,0,0,1,0,1,0,1,1,0,0,1,0,1,0,1
5260,0,0,1,0,0,1,0,1,0,0,1,0,1,1,0,1,0,1
5261,0,0,1,0,0,1,0,1,0,0,1,0,0,1,0,1,1,1
5262,0,0,1,0,0,1,0,1,0,1,1,0,0,1,1,1,0,0
5263,0,0,1,0,0,1,0,1,0,0,1,0,1,1,1,1,0,0
5264,0,0,1,0,0,1,0,1,0,0,1,0,0,1,1,1,1,0
5265,0,0,1,0,0,1,0,1,0,1,1,0,1,1,0,1,0,0
5266,0,0,1,0,0,1,0,1,0,1,1,0,0,1,0,1,1,0
5267,0,0,1,0,0,1,0,1,0,0,1,0,1,1,0,1,1,0
5268,0,0,1,0,0,1,0,1,0,1,0,0,0,1,1,1,0,1
5269,0,0,1,0,0,1,0,1,0,0,0,0,1,1,1,1,0,1
5270,0,0,1,0,0,1,0,1,0,0,0,0,0,1,1,1,1,1
5271,0,0,1,0,0,1,0,1,0,1,0,0,1,1,0,1,0,1
5272,0,0,1,0,0,1,0,1,0,1,0,0,0,1,0,1,1,1
5273,0,0,1,0,0,1,0,1,0,0,0,0,1,1,0,1,1,1
5274,0,0,1,0,0,1,0,1,0,1,0,0,1,1,1,1,0,0
5275,0,0,1,0,0,1,0,1,0,1,0,0,0,1,1,1,1,0
5276,0,0,1,0,0,1,0,1,0,0,0,0,1,1,1,1,1,0
5277,0,0,1,0,0,1,0,1,0,1,0,0,1,1,0,1,1,0
5278,0,0,1,0,0,1,0,1,0,1,1,0,0,0,1,1,0,1
5279,0,0,1,0,0,1,0,1,0,0,1,0,1,0,1,1,0,1
5280,0,0,1,0,0,1,0,1,0,0,1,0,0,0,1,1,1,1
5281,0,0,1,0,0,1,0,1,0,1,1,0,1,0,0,1,0,1
5282,0,0,1,0,0,1,0,1,0,1,1,0,0,0,0,1,1,1
5283,0,0,1,0,0,1,0,1,0,0,1,0,1,0,0,1,1,1
5284,0,0,1,0,0,1,0,1,0,1,1,0,1,0,1,1,0,0
5285,0,0,1,0,0,1,0,1,0,1,1,0,0,0,1,1,1,0
5286,0,0,1,0,0,1,0,1,0,0,1,0,1,0,1,1,1,0
5287,0,0,1,0,0,1,0,1,0,1,1,0,1,0,0,1,1,0
5288,0,0,1,0,0,1,0,1,0,1,0,0,1,0,1,1,0,1
5289,0,0,1,0,0,1,0,1,0,1,0,0,0,0,1,1,1,1
5290,0,0,1,0,0,1,0,1,0,0,0,0,1,0,1,1,1,1
5291,0,0,1,0,0,1,0,1,0,1,0,0,1,0,0,1,1,1
5292,0,0,1,0,0,1,0,1,0,1,0,0,1,0,1,1,1,0
5293,0,0,0,1,0,1,1,1,0,0,1,1,0,1,0,1,0,0
5294,0,0,0,1,0,1,1,1,0,0,0,1,0,1,0,1,0,1
5295,0,0,0,1,0,1,1,1,0,0,0,1,0,1,1,1,0,0
5296,0,0,0,1,0,1,1,1,0,1,0,1,0,1,0,1,0,0
5297,0,0,0,1,0,1,1,1,0,0,0,1,1,1,0,1,0,0
5298,0,0,0,1,0,1,1,1,0,0,0,1,0,1,0,1,1,0
5299,0,0,0,1,0,1,1,1,0,0,1,1,0,0,0,1,0,1
5300,0,0,0,1,0,1,1,1,0,0,1,1,0,0,1,1,0,0
5301,0,0,0,1,0,1,1,1,0,1,1,1,0,0,0,1,0,0
5302,0,0,0,1,0,1,1,1,0,0,1,1,1,0,0,1,0,0
5303,0,0,0,1,0,1,1,1,0,0,1,1,0,0,0,1,1,0
5304,0,0,0,1,0,1,1,1,0,0,0,1,0,0,1,1,0,1
5305,0,0,0,1,0,1,1,1,0,1,0,1,0,0,0,1,0,1
5306,0,0,0,1,0,1,1,1,0,0,0,1,1,0,0,1,0,1
5307,0,0,0,1,0,1,1,1,0,0,0,1,0,0,0,1,1,1
5308,0,0,0,1,0,1,1,1,0,1,0,1,0,0,1,1,0,0
5309,0,0,0,1,0,1,1,1,0,0,0,1,1,0,1,1,0,0
5310,0,0,0,1,0,1,1,1,0,0,0,1,0,0,1,1,1,0
5311,0,0,0,1,0,1,1,1,0,1,0,1,1,0,0,1,0,0
5312,0,0,0,1,0,1,1,1,0,1,0,1,0,0,0,1,1,0
5313,0,0,0,1,0,1,1,1,0,0,0,1,1,0,0,1,1,0
5314,0,0,0,1,0,1,1,1,0,0,1,0,0,1,0,1,0,1
5315,0,0,0,1,0,1,1,1,0,0,1,0,0,1,1,1,0,0
5316,0,0,0,1,0,1,1,1,0,1,1,0,0,1,0,1,0,0
5317,0,0,0,1,0,1,1,1,0,0,1,0,1,1,0,1,0,0
5318,0,0,0,1,0,1,1,1,0,0,1,0,0,1,0,1,1,0
5319,0,0,0,1,0,1,1,1,0,0,0,0,0,1,1,1,0,1
5320,0,0,0,1,0,1,1,1,0,1,0,0,0,1,0,1,0,1
5321,0,0,0,1,0,1,1,1,0,0,0,0,1,1,0,1,0,1
5322,0,0,0,1,0,1,1,1,0,0,0,0,0,1,0,1,1,1
5323,0,0,0,1,0,1,1,1,0,1,0,0,0,1,1,1,0,0
5324,0,0,0,1,0,1,1,1,0,0,0,0,1,1,1,1,0,0
5325,0,0,0,1,0,1,1,1,0,0,0,0,0,1,1,1,1,0
5326,0,0,0,1,0,1,1,1,0,1,0,0,1,1,0,1,0,0
5327,0,0,0,1,0,1,1,1,0,1,0,0,0,1,0,1,1,0
5328,0,0,0,1,0,1,1,1,0,0,0,0,1,1,0,1,1,0
5329,0,0,0,1,0,1,1,1,0,0,1,0,0,0,1,1,0,1
5330,0,0,0,1,0,1,1,1,0,1,1,0,0,0,0,1,0,1
5331,0,0,0,1,0,1,1,1,0,0,1,0,1,0,0,1,0,1
5332,0,0,0,1,0,1,1,1,0,0,1,0,0,0,0,1,1,1
5333,0,0,0,1,0,1,1,1,0,1,1,0,0,0,1,1,0,0
5334,0,0,0,1,0,1,1,1,0,0,1,0,1,0,1,1,0,0
5335,0,0,0,1,0,1,1,1,0,0,1,0,0,0,1,1,1,0
5336,0,0,0,1,0,1,1,1,0,1,1,0,1,0,0,1,0,0
5337,0,0,0,1,0,1,1,1,0,1,1,0,0,0,0,1,1,0
5338,0,0,0,1,0,1,1,1,0,0,1,0,1,0,0,1,1,0
5339,0,0,0,1,0,1,1,1,0,1,0,0,0,0,1,1,0,1
5340,0,0,0,1,0,1,1,1,0,0,0,0,1,0,1,1,0,1
5341,0,0,0,1,0,1,1,1,0,0,0,0,0,0,1,1,1,1
5342,0,0,0,1,0,1,1,1,0,1,0,0,1,0,0,1,0,1
5343,0,0,0,1,0,1,1,1,0,1,0,0,0,0,0,1,1,1
5344,0,0,0,1,0,1,1,1,0,0,0,0,1,0,0,1,1,1
5345,0,0,0,1,0,1,1,1,0,1,0,0,1,0,1,1,0,0
5346,0,0,0,1,0,1,1,1,0,1,0,0,0,0,1,1,1,0
5347,0,0,0,1,0,1,1,1,0,0,0,0,1,0,1,1,1,0
5348,0,0,0,1,0,1,1,1,0,1,0,0,1,0,0,1,1,0
5349,0,0,0,1,0,1,0,1,0,0,1,1,0,1,0,1,0,1
5350,0,0,0,1,0,1,0,1,0,0,1,1,0,1,1,1,0,0
5351,0,0,0,1,0,1,0,1,0,1,1,1,0,1,0,1,0,0
5352,0,0,0,1,0,1,0,1,0,0,1,1,1,1,0,1,0,0
5353,0,0,0,1,0,1,0,1,0,0,1,1,0,1,0,1,1,0
5354,0,0,0,1,0,1,0,1,0,0,0,1,0,1,1,1,0,1
5355,0,0,0,1,0,1,0,1,0,1,0,1,0,1,0,1,0,1
5356,0,0,0,1,0,1,0,1,0,0,0,1,1,1,0,1,0,1
5357,0,0,0,1,0,1,0,1,0,0,0,1,0,1,0,1,1,1
5358,0,0,0,1,0,1,0,1,0,1,0,1,0,1,1,1,0,0
5359,0,0,0,1,0,1,0,1,0,0,0,1,1,1,1,1,0,0
5360,0,0,0,1,0,1,0,1,0,0,0,1,0,1,1,1,1,0
5361,0,0,0,1,0,1,0,1,0,1,0,1,1,1,0,1,0,0
5362,0,0,0,1,0,1,0,1,0,1,0,1,0,1,0,1,1,0
5363,0,0,0,1,0,1,0,1,0,0,0,1,1,1,0,1,1,0
5364,0,0,0,1,0,1,0,1,0,0,1,1,0,0,1,1,0,1
5365,0,0,0,1,0,1,0,1,0,1,1,1,0,0,0,1,0,1
5366,0,0,0,1,0,1,0,1,0,0,1,1,1,0,0,1,0,1
5367,0,0,0,1,0,1,0,1,0,0,1,1,0,0,0,1,1,1
5368,0,0,0,1,0,1,0,1,0,1,1,1,0,0,1,1,0,0
5369,0,0,0,1,0,1,0,1,0,0,1,1,1,0,1,1,0,0
5370,0,0,0,1,0,1,0,1,0,0,1,1,0,0,1,1,1,0
5371,0,0,0,1,0,1,0,1,0,1,1,1,1,0,0,1,0,0
5372,0,0,0,1,0,1,0,1,0,1,1,1,0,0,0,1,1,0
5373,0,0,0,1,0,1,0,1,0,0,1,1,1,0,0,1,1,0
5374,0,0,0,1,0,1,0,1,0,1,0,1,0,0,1,1,0,1
5375,0,0,0,1,0,1,0,1,0,0,0,1,1,0,1,1,0,1
5376,0,0,0,1,0,1,0,1,0,0,0,1,0,0,1,1,1,1
5377,0,0,0,1,0,1,0,1,0,1,0,1,1,0,0,1,0,1
5378,0,0,0,1,0,1,0,1,0,1,0,1,0,0,0,1,1,1
5379,0,0,0,1,0,1,0,1,0,0,0,1,1,0,0,1,1,1
5380,0,0,0,1,0,1,0,1,0,1,0,1,1,0,1,1,0,0
5381,0,0,0,1,0,1,0,1,0,1,0,1,0,0,1,1,1,0
5382,0,0,0,1,0,1,0,1,0,0,0,1,1,0,1,1,1,0
5383,0,0,0,1,0,1,0,1,0,1,0,1,1,0,0,1,1,0
5384,0,0,0,1,0,1,0,1,0,0,1,0,0,1,1,1,0,1
5385,0,0,0,1,0,1,0,1,0,1,1,0,0,1,0,1,0,1
5386,0,0,0,1,0,1,0,1,0,0,1,0,1,1,0,1,0,1
5387,0,0,0,1,0,1,0,1,0,0,1,0,0,1,0,1,1,1
5388,0,0,0,1,0,1,0,1,0,1,1,0,0,1,1,1,0,0
5389,0,0,0,1,0,1,0,1,0,0,1,0,1,1,1,1,0,0
5390,0,0,0,1,0,1,0,1,0,0,1,0,0,1,1,1,1,0
5391,0,0,0,1,0,1,0,1,0,1,1,0,1,1,0,1,0,0
5392,0,0,0,1,0,1,0,1,0,1,1,0,0,1,0,1,1,0
5393,0,0,0,1,0,1,0,1,0,0,1,0,1,1,0,1,1,0
5394,0,0,0,1,0,1,0,1,0,1,0,0,0,1,1,1,0,1
5395,0,0,0,1,0,1,0,1,0,0,0,0,1,1,1,1,0,1
5396,0,0,0,1,0,1,0,1,0,0,0,0,0,1,1,1,1,1
5397,0,0,0,1,0,1,0,1,0,1,0,0,1,1,0,1,0,1
5398,0,0,0,1,0,1,0,1,0,1,0,0,0,1,0,1,1,1
5399,0,0,0,1,0,1,0,1,0,0,0,0,1,1,0,1,1,1
5400,0,0,0,1,0,1,0,1,0,1,0,0,1,1,1,1,0,0
5401,0,0,0,1,0,1,0,1,0,1,0,0,0,1,1,1,1,0
5402,0,0,0,1,0,1,0,1,0,0,0,0,1,1,1,1,1,0
5403,0,0,0,1,0,1,0,1,0,1,0,0,1,1,0,1,1,0
5404,0,0,0,1,0,1,0,1,0,1,1,0,0,0,1,1,0,1
5405,0,0,0,1,0,1,0,1,0,0,1,0,1,0,1,1,0,1
5406,0,0,0,1,0,1,0,1,0,0,1,0,0,0,1,1,1,1
5407,0,0,0,1,0,1,0,1,0,1,1,0,1,0,0,1,0,1
5408,0,0,0,1,0,1,0,1,0,1,1,0,0,0,0,1,1,1
5409,0,0,0,1,0,1,0,1,0,0,1,0,1,0,0,1,1,1
5410,0,0,0,1,0,1,0,1,0,1,1,0,1,0,1,1,0,0
5411,0,0,0,1,0,1,0,1,0,1,1,0,0,0,1,1,1,0
5412,0,0,0,1,0,1,0,1,0,0,1,0,1,0,1,1,1,0
5413,0,0,0,1,0,1,0,1,0,1,1,0,1,0,0,1,1,0
5414,0,0,0,1,0,1,0,1,0,1,0,0,1,0,1,1,0,1
5415,0,0,0,1,0,1,0,1,0,1,0,0,0,0,1,1,1,1
5416,0,0,0,1,0,1,0,1,0,0,0,0,1,0,1,1,1,1
5417,0,0,0,1,0,1,0,1,0,1,0,0,1,0,0,1,1,1
5418,0,0,0,1,0,1,0,1,0,1,0,0,1,0,1,1,1,0
5419,1,0,1,0,0,0,1,1,0,0,1,1,0,1,0,1,0,0
5420,1,0,1,0,0,0,1,1,0,0,0,1,0,1,0,1,0,1
5421,1,0,1,0,0,0,1,1,0,0,0,1,0,1,1,1,0,0
5422,1,0,1,0,0,0,1,1,0,1,0,1,0,1,0,1,0,0
5423,1,0,1,0,0,0,1,1,0,0,0,1,1,1,0,1,0,0
5424,1,0,1,0,0,0,1,1,0,0,0,1,0,1,0,1,1,0
5425,1,0,1,0,0,0,1,1,0,0,1,1,0,0,0,1,0,1
5426,1,0,1,0,0,0,1,1,0,0,1,1,0,0,1,1,0,0
5427,1,0,1,0,0,0,1,1,0,1,1,1,0,0,0,1,0,0
5428,1,0,1,0,0,0,1,1,0,0,1,1,1,0,0,1,0,0
5429,1,0,1,0,0,0,1,1,0,0,1,1,0,0,0,1,1,0
5430,1,0,1,0,0,0,1,1,0,0,0,1,0,0,1,1,0,1
5431,1,0,1,0,0,0,1,1,0,1,0,1,0,0,0,1,0,1
5432,1,0,1,0,0,0,1,1,0,0,0,1,1,0,0,1,0,1
5433,1,0,1,0,0,0,1,1,0,0,0,1,0,0,0,1,1,1
5434,1,0,1,0,0,0,1,1,0,1,0,1,0,0,1,1,0,0
5435,1,0,1,0,0,0,1,1,0,0,0,1,1,0,1,1,0,0
5436,1,0,1,0,0,0,1,1,0,0,0,1,0,0,1,1,1,0
5437,1,0,1,0,0,0,1,1,0,1,0,1,1,0,0,1,0,0
5438,1,0,1,0,0,0,1,1,0,1,0,1,0,0,0,1,1,0
5439,1,0,1,0,0,0,1,1,0,0,0,1,1,0,0,1,1,0
5440,1,0,1,0,0,0,1,1,0,0,1,0,0,1,0,1,0,1
5441,1,0,1,0,0,0,1,1,0,0,1,0,0,1,1,1,0,0
5442,1,0,1,0,0,0,1,1,0,1,1,0,0,1,0,1,0,0
5443,1,0,1,0,0,0,1,1,0,0,1,0,1,1,0,1,0,0
5444,1,0,1,0,0,0,1,1,0,0,1,0,0,1,0,1,1,0
5445,1,0,1,0,0,0,1,1,0,0,0,0,0,1,1,1,0,1
5446,1,0,1,0,0,0,1,1,0,1,0,0,0,1,0,1,0,1
5447,1,0,1,0,0,0,1,1,0,0,0,0,1,1,0,1,0,1
5448,1,0,1,0,0,0,1,1,0,0,0,0,0,1,0,1,1,1
5449,1,0,1,0,0,0,1,1,0,1,0,0,0,1,1,1,0,0
5450,1,0,1,0,0,0,1,1,0,0,0,0,1,1,1,1,0,0
5451,1,0,1,0,0,0,1,1,0,0,0,0,0,1,1,1,1,0
5452,1,0,1,0,0,0,1,1,0,1,0,0,1,1,0,1,0,0
5453,1,0,1,0,0,0,1,1,0,1,0,0,0,1,0,1,1,0
5454,1,0,1,0,0,0,1,1,0,0,0,0,1,1,0,1,1,0
5455,1,0,1,0,0,0,1,1,0,0,1,0,0,0,1,1,0,1
5456,1,0,1,0,0,0,1,1,0,1,1,0,0,0,0,1,0,1
5457,1,0,1,0,0,0,1,1,0,0,1,0,1,0,0,1,0,1
5458,1,0,1,0,0,0,1,1,0,0,1,0,0,0,0,1,1,1
5459,1,0,1,0,0,0,1,1,0,1,1,0,0,0,1,1,0,0
5460,1,0,1,0,0,0,1,1,0,0,1,0,1,0,1,1,0,0
5461,1,0,1,0,0,0,1,1,0,0,1,0,0,0,1,1,1,0
5462,1,0,1,0,0,0,1,1,0,1,1,0,1,0,0,1,0,0
5463,1,0,1,0,0,0,1,1,0,1,1,0,0,0,0,1,1,0
5464,1,0,1,0,0,0,1,1,0,0,1,0,1,0,0,1,1,0
5465,1,0,1,0,0,0,1,1,0,1,0,0,0,0,1,1,0,1
5466,1,0,1,0,0,0,1,1,0,0,0,0,1,0,1,1,0,1
5467,1,0,1,0,0,0,1,1,0,0,0,0,0,0,1,1,1,1
5468,1,0,1,0,0,0,1,1,0,1,0,0,1,0,0,1,0,1
5469,1,0,1,0,0,0,1,1,0,1,0,0,0,0,0,1,1,1
5470,1,0,1,0,0,0,1,1,0,0,0,0,1,0,0,1,1,1
5471,1,0,1,0,0,0,1,1,0,1,0,0,1,0,1,1,0,0
5472,1,0,1,0,0,0,1,1,0,1,0,0,0,0,1,1,1,0
5473,1,0,1,0,0,0,1,1,0,0,0,0,1,0,1,1,1,0
5474,1,0,1,0,0,0,1,1,0,1,0,0,1,0,0,1,1,0
5475,1,0,1,0,0,0,0,1,0,0,1,1,0,1,0,1,0,1
5476,1,0,1,0,0,0,0,1,0,0,1,1,0,1,1,1,0,0
5477,1,0,1,0,0,0,0,1,0,1,1,1,0,1,0,1,0,0
5478,1,0,1,0,0,0,0,1,0,0,1,1,1,1,0,1,0,0
5479,1,0,1,0,0,0,0,1,0,0,1,1,0,1,0,1,1,0
5480,1,0,1,0,0,0,0,1,0,0,0,1,0,1,1,1,0,1
5481,1,0,1,0,0,0,0,1,0,1,0,1,0,1,0,1,0,1
5482,1,0,1,0,0,0,0,1,0,0,0,1,1,1,0,1,0,1
5483,1,0,1,0,0,0,0,1,0,0,0,1,0,1,0,1,1,1
5484,1,0,1,0,0,0,0,1,0,1,0,1,0,1,1,1,0,0
5485,1,0,1,0,0,0,0,1,0,0,0,1,1,1,1,1,0,0
5486,1,0,1,0,0,0,0,1,0,0,0,1,0,1,1,1,1,0
5487,1,0,1,0,0,0,0,1,0,1,0,1,1,1,0,1,0,0
5488,1,0,1,0,0,0,0,1,0,1,0,1,0,1,0,1,1,0
5489,1,0,1,0,0,0,0,1,0,0,0,1,1,1,0,1,1,0
5490,1,0,1,0,0,0,0,1,0,0,1,1,0,0,1,1,0,1
5491,1,0,1,0,0,0,0,1,0,1,1,1,0,0,0,1,0,1
5492,1,0,1,0,0,0,0,1,0,0,1,1,1,0,0,1,0,1
5493,1,0,1,0,0,0,0,1,0,0,1,1,0,0,0,1,1,1
5494,1,0,1,0,0,0,0,1,0,1,1,1,0,0,1,1,0,0
5495,1,0,1,0,0,0,0,1,0,0,1,1,1,0,1,1,0,0
5496,1,0,1,0,0,0,0,1,0,0,1,1,0,0,1,1,1,0
5497,1,0,1,0,0,0,0,1,0,1,1,1,1,0,0,1,0,0
5498,1,0,1,0,0,0,0,1,0,1,1,1,0,0,0,1,1,0
5499,1,0,1,0,0,0,0,1,0,0,1,1,1,0,0,1,1,0
5500,1,0,1,0,0,0,0,1,0,1,0,1,0,0,1,1,0,1
5501,1,0,1,0,0,0,0,1,0,0,0,1,1,0,1,1,0,1
5502,1,0,1,0,0,0,0,1,0,0,0,1,0,0,1,1,1,1
5503,1,0,1,0,0,0,0,1,0,1,0,1,1,0,0,1,0,1
5504,1,0,1,0,0,0,0,1,0,1,0,1,0,0,0,1,1,1
5505,1,0,1,0,0,0,0,1,0,0,0,1,1,0,0,1,1,1
5506,1,0,1,0,0,0,0,1,0,1,0,1,1,0,1,1,0,0
5507,1,0,1,0,0,0,0,1,0,1,0,1,0,0,1,1,1,0
5508,1,0,1,0,0,0,0,1,0,0,0,1,1,0,1,1,1,0
5509,1,0,1,0,0,0,0,1,0,1,0,1,1,0,0,1,1,0
5510,1,0,1,0,0,0,0,1,0,0,1,0,0,1,1,1,0,1
5511,1,0,1,0,0,0,0,1,0,1,1,0,0,1,0,1,0,1
5512,1,0,1,0,0,0,0,1,0,0,1,0,1,1,0,1,0,1
5513,1,0,1,0,0,0,0,1,0,0,1,0,0,1,0,1,1,1
5514,1,0,1,0,0,0,0,1,0,1,1,0,0,1,1,1,0,0
5515,1,0,1,0,0,0,0,1,0,0,1,0,1,1,1,1,0,0
5516,1,0,1,0,0,0,0,1,0,0,1,0,0,1,1,1,1,0
5517,1,0,1,0,0,0,0,1,0,1,1,0,1,1,0,1,0,0
5518,1,0,1,0,0,0,0,1,0,1,1,0,0,1,0,1,1,0
5519,1,0,1,0,0,0,0,1,0,0,1,0,1,1,0,1,1,0
5520,1,0,1,0,0,0,0,1,0,1,0,0,0,1,1,1,0,1
5521,1,0,1,0,0,0,0,1,0,0,0,0,1,1,1,1,0,1
5522,1,0,1,0,0,0,0,1,0,0,0,0,0,1,1,1,1,1
5523,1,0,1,0,0,0,0,1,0,1,0,0,1,1,0,1,0,1
5524,1,0,1,0,0,0,0,1,0,1,0,0,0,1,0,1,1,1
5525,1,0,1,0,0,0,0,1,0,0,0,0,1,1,0,1,1,1
5526,1,0,1,0,0,0,0,1,0,1,0,0,1,1,1,1,0,0
5527,1,0,1,0,0,0,0,1,0,1,0,0,0,1,1,1,1,0
5528,1,0,1,0,0,0,0,1,0,0,0,0,1,1,1,1,1,0
5529,1,0,1,0,0,0,0,1,0,1,0,0,1,1,0,1,1,0
5530,1,0,1,0,0,0,0,1,0,1,1,0,0,0,1,1,0,1
5531,1,0,1,0,0,0,0,1,0,0,1,0,1,0,1,1,0,1
5532,1,0,1,0,0,0,0,1,0,0,1,0,0,0,1,1,1,1
5533,1,0,1,0,0,0,0,1,0,1,1,0,1,0,0,1,0,1
5534,1,0,1,0,0,0,0,1,0,1,1,0,0,0,0,1,1,1
5535,1,0,1,0,0,0,0,1,0,0,1,0,1,0,0,1,1,1
5536,1,0,1,0,0,0,0,1,0,1,1,0,1,0,1,1,0,0
5537,1,0,1,0,0,0,0,1,0,1,1,0,0,0,1,1,1,0
5538,1,0,1,0,0,0,0,1,0,0,1,0,1,0,1,1,1,0
5539,1,0,1,0,0,0,0,1,0,1,1,0,1,0,0,1,1,0
5540,1,0,1,0,0,0,0,1,0,1,0,0,1,0,1,1,0,1
5541,1,0,1,0,0,0,0,1,0,1,0,0,0,0,1,1,1,1
5542,1,0,1,0,0,0,0,1,0,0,0,0,1,0,1,1,1,1
5543,1,0,1,0,0,0,0,1,0,1,0,0,1,0,0,1,1,1
5544,1,0,1,0,0,0,0,1,0,1,0,0,1,0,1,1,1,0
5545,1,0,0,1,0,0,1,1,0,0,1,1,0,1,0,1,0,0
5546,1,0,0,1,0,0,1,1,0,0,0,1,0,1,0,1,0,1
5547,1,0,0,1,0,0,1,1,0,0,0,1,0,1,1,1,0,0
5548,1,0,0,1,0,0,1,1,0,1,0,1,0,1,0,1,0,0
5549,1,0,0,1,0,0,1,1,0,0,0,1,1,1,0,1,0,0
5550,1,0,0,1,0,0,1,1,0,0,0,1,0,1,0,1,1,0
5551,1,0,0,1,0,0,1,1,0,0,1,1,0,0,0,1,0,1
5552,1,0,0,1,0,0,1,1,0,0,1,1,0,0,1,1,0,0
5553,1,0,0,1,0,0,1,1,0,1,1,1,0,0,0,1,0,0
5554,1,0,0,1,0,0,1,1,0,0,1,1,1,0,0,1,0,0
5555,1,0,0,1,0,0,1,1,0,0,1,1,0,0,0,1,1,0
5556,1,0,0,1,0,0,1,1,0,0,0,1,0,0,1,1,0,1
5557,1,0,0,1,0,0,1,1,0,1,0,1,0,0,0,1,0,1
5558,1,0,0,1,0,0,1,1,0,0,0,1,1,0,0,1,0,1
5559,1,0,0,1,0,0,1,1,0,0,0,1,0,0,0,1,1,1
5560,1,0,0,1,0,0,1,1,0,1,0,1,0,0,1,1,0,0
5561,1,0,0,1,0,0,1,1,0,0,0,1,1,0,1,1,0,0
5562,1,0,0,1,0,0,1,1,0,0,0,1,0,0,1,1,1,0
5563,1,0,0,1,0,0,1,1,0,1,0,1,1,0,0,1,0,0
5564,1,0,0,1,0,0,1,1,0,1,0,1,0,0,0,1,1,0
5565,1,0,0,1,0,0,1,1,0,0,0,1,1,0,0,1,1,0
5566,1,0,0,1,0,0,1,1,0,0,1,0,0,1,0,1,0,1
5567,1,0,0,1,0,0,1,1,0,0,1,0,0,1,1,1,0,0
5568,1,0,0,1,0,0,1,1,0,1,1,0,0,1,0,1,0,0
5569,1,0,0,1,0,0,1,1,0,0,1,0,1,1,0,1,0,0
5570,1,0,0,1,0,0,1,1,0,0,1,0,0,1,0,1,1,0
5571,1,0,0,1,0,0,1,1,0,0,0,0,0,1,1,1,0,1
5572,1,0,0,1,0,0,1,1,0,1,0,0,0,1,0,1,0,1
5573,1,0,0,1,0,0,1,1,0,0,0,0,1,1,0,1,0,1
5574,1,0,0,1,0,0,1,1,0,0,0,0,0,1,0,1,1,1
5575,1,0,0,1,0,0,1,1,0,1,0,0,0,1,1,1,0,0
5576,1,0,0,1,0,0,1,1,0,0,0,0,1,1,1,1,0,0
5577,1,0,0,1,0,0,1,1,0,0,0,0,0,1,1,1,1,0
5578,1,0,0,1,0,0,1,1,0,1,0,0,1,1,0,1,0,0
5579,1,0,0,1,0,0,1,1,0,1,0,0,0,1,0,1,1,0
5580,1,0,0,1,0,0,1,1,0,0,0,0,1,1,0,1,1,0
5581,1,0,0,1,0,0,1,1,0,0,1,0,0,0,1,1,0,1
5582,1,0,0,1,0,0,1,1,0,1,1,0,0,0,0,1,0,1
5583,1,0,0,1,0,0,1,1,0,0,1,0,1,0,0,1,0,1
5584,1,0,0,1,0,0,1,1,0,0,1,0,0,0,0,1,1,1
5585,1,0,0,1,0,0,1,1,0,1,1,0,0,0,1,1,0,0
5586,1,0,0,1,0,0,1,1,0,0,1,0,1,0,1,1,0,0
5587,1,0,0,1,0,0,1,1,0,0,1,0,0,0,1,1,1,0
5588,1,0,0,1,0,0,1,1,0,1,1,0,1,0,0,1,0,0
5589,1,0,0,1,0,0,1,1,0,1,1,0,0,0,0,1,1,0
5590,1,0,0,1,0,0,1,1,0,0,1,0,1,0,0,1,1,0
5591,1,0,0,1,0,0,1,1,0,1,0,0,0,0,1,1,0,1
5592,1,0,0,1,0,0,1,1,0,0,0,0,1,0,1,1,0,1
5593,1,0,0,1,0,0,1,1,0,0,0,0,0,0,1,1,1,1
5594,1,0,0,1,0,0,1,1,0,1,0,0,1,0,0,1,0,1
5595,1,0,0,1,0,0,1,1,0,1,0,0,0,0,0,1,1,1
5596,1,0,0,1,0,0,1,1,0,0,0,0,1,0,0,1,1,1
5597,1,0,0,1,0,0,1,1,0,1,0,0,1,0,1,1,0,0
5598,1,0,0,1,0,0,1,1,0,1,0,0,0,0,1,1,1,0
5599,1,0,0,1,0,0,1,1,0,0,0,0,1,0,1,1,1,0
5600,1,0,0,1,0,0,1,1,0,1,0,0,1,0,0,1,1,0
5601,1,0,0,1,0,0,0,1,0,0,1,1,0,1,0,1,0,1
5602,1,0,0,1,0,0,0,1,0,0,1,1,0,1,1,1,0,0
5603,1,0,0,1,0,0,0,1,0,1,1,1,0,1,0,1,0,0
5604,1,0,0,1,0,0,0,1,0,0,1,1,1,1,0,1,0,0
5605,1,0,0,1,0,0,0,1,0,0,1,1,0,1,0,1,1,0
5606,1,0,0,1,0,0,0,1,0,0,0,1,0,1,1,1,0,1
5607,1,0,0,1,0,0,0,1,0,1,0,1,0,1,0,1,0,1
5608,1,0,0,1,0,0,0,1,0,0,0,1,1,1,0,1,0,1
5609,1,0,0,1,0,0,0,1,0,0,0,1,0,1,0,1,1,1
5610,1,0,0,1,0,0,0,1,0,1,0,1,0,1,1,1,0,0
5611,1,0,0,1,0,0,0,1,0,0,0,1,1,1,1,1,0,0
5612,1,0,0,1,0,0,0,1,0,0,0,1,0,1,1,1,1,0
5613,1,0,0,1,0,0,0,1,0,1,0,1,1,1,0,1,0,0
5614,1,0,0,1,0,0,0,1,0,1,0,1,0,1,0,1,1,0
5615,1,0,0,1,0,0,0,1,0,0,0,1,1,1,0,1,1,0
5616,1,0,0,1,0,0,0,1,0,0,1,1,0,0,1,1,0,1
5617,1,0,0,1,0,0,0,1,0,1,1,1,0,0,0,1,0,1
5618,1,0,0,1,0,0,0,1,0,0,1,1,1,0,0,1,0,1
5619,1,0,0,1,0,0,0,1,0,0,1,1,0,0,0,1,1,1
5620,1,0,0,1,0,0,0,1,0,1,1,1,0,0,1,1,0,0
5621,1,0,0,1,0,0,0,1,0,0,1,1,1,0,1,1,0,0
5622,1,0,0,1,0,0,0,1,0,0,1,1,0,0,1,1,1,0
5623,1,0,0,1,0,0,0,1,0,1,1,1,1,0,0,1,0,0
5624,1,0,0,1,0,0,0,1,0,1,1,1,0,0,0,1,1,0
5625,1,0,0,1,0,0,0,1,0,0,1,1,1,0,0,1,1,0
5626,1,0,0,1,0,0,0,1,0,1,0,1,0,0,1,1,0,1
5627,1,0,0,1,0,0,0,1,0,0,0,1,1,0,1,1,0,1
5628,1,0,0,1,0,0,0,1,0,0,0,1,0,0,1,1,1,1
5629,1,0,0,1,0,0,0,1,0,1,0,1,1,0,0,1,0,1
5630,1,0,0,1,0,0,0,1,0,1,0,1,0,0,0,1,1,1
5631,1,0,0,1,0,0,0,1,0,0,0,1,1,0,0,1,1,1
5632,1,0,0,1,0,0,0,1,0,1,0,1,1,0,1,1,0,0
5633,1,0,0,1,0,0,0,1,0,1,0,1,0,0,1,1,1,0
5634,1,0,0,1,0,0,0,1,0,0,0,1,1,0,1,1,1,0
5635,1,0,0,1,0,0,0,1,0,1,0,1,1,0,0,1,1,0
5636,1,0,0,1,0,0,0,1,0,0,1,0,0,1,1,1,0,1
5637,1,0,0,1,0,0,0,1,0,1,1,0,0,1,0,1,0,1
5638,1,0,0,1,0,0,0,1,0,0,1,0,1,1,0,1,0,1
5639,1,0,0,1,0,0,0,1,0,0,1,0,0,1,0,1,1,1
5640,1,0,0,1,0,0,0,1,0,1,1,0,0,1,1,1,0,0
5641,1,0,0,1,0,0,0,1,0,0,1,0,1,1,1,1,0,0
5642,1,0,0,1,0,0,0,1,0,0,1,0,0,1,1,1,1,0
5643,1,0,0,1,0,0,0,1,0,1,1,0,1,1,0,1,0,0
5644,1,0,0,1,0,0,0,1,0,1,1,0,0,1,0,1,1,0
5645,1,0,0,1,0,0,0,1,0,0,1,0,1,1,0,1,1,0
5646,1,0,0,1,0,0,0,1,0,1,0,0,0,1,1,1,0,1
5647,1,0,0,1,0,0,0,1,0,0,0,0,1,1,1,1,0,1
5648,1,0,0,1,0,0,0,1,0,0,0,0,0,1,1,1,1,1
5649,1,0,0,1,0,0,0,1,0,1,0,0,1,1,0,1,0,1
5650,1,0,0,1,0,0,0,1,0,1,0,0,0,1,0,1,1,1
5651,1,0,0,1,0,0,0,1,0,0,0,0,1,1,0,1,1,1
5652,1,0,0,1,0,0,0,1,0,1,0,0,1,1,1,1,0,0
5653,1,0,0,1,0,0,0,1,0,1,0,0,0,1,1,1,1,0
5654,1,0,0,1,0,0,0,1,0,0,0,0,1,1,1,1,1,0
5655,1,0,0,1,0,0,0,1,0,1,0,0,1,1,0,1,1,0
5656,1,0,0,1,0,0,0,1,0,1,1,0,0,0,1,1,0,1
5657,1,0,0,1,0,0,0,1,0,0,1,0,1,0,1,1,0,1
5658,1,0,0,1,0,0,0,1,0,0,1,0,0,0,1,1,1,1
5659,1,0,0,1,0,0,0,1,0,1,1,0,1,0,0,1,0,1
5660,1,0,0,1,0,0,0,1,0,1,1,0,0,0,0,1,1,1
5661,1,0,0,1,0,0,0,1,0,0,1,0,1,0,0,1,1,1
5662,1,0,0,1,0,0,0,1,0,1,1,0,1,0,1,1,0,0
5663,1,0,0,1,0,0,0,1,0,1,1,0,0,0,1,1,1,0
5664,1,0,0,1,0,0,0,1,0,0,1,0,1,0,1,1,1,0
5665,1,0,0,1,0,0,0,1,0,1,1,0,1,0,0,1,1,0
5666,1,0,0,1,0,0,0,1,0,1,0,0,1,0,1,1,0,1
5667,1,0,0,1,0,0,0,1,0,1,0,0,0,0,1,1,1,1
5668,1,0,0,1,0,0,0,1,0,0,0,0,1,0,1,1,1,1
5669,1,0,0,1,0,0,0,1,0,1,0,0,1,0,0,1,1,1
5670,1,0,0,1,0,0,0,1,0,1,0,0,1,0,1,1,1,0
5671,0,0,1,1,0,0,1,1,0,0,1,1,0,1,0,1,0,0
5672,0,0,1,1,0,0,1,1,0,0,0,1,0,1,0,1,0,1
5673,0,0,1,1,0,0,1,1,0,0,0,1,0,1,1,1,0,0
5674,0,0,1,1,0,0,1,1,0,1,0,1,0,1,0,1,0,0
5675,0,0,1,1,0,0,1,1,0,0,0,1,1,1,0,1,0,0
5676,0,0,1,1,0,0,1,1,0,0,0,1,0,1,0,1,1,0
5677,0,0,1,1,0,0,1,1,0,0,1,1,0,0,0,1,0,1
5678,0,0,1,1,0,0,1,1,0,0,1,1,0,0,1,1,0,0
5679,0,0,1,1,0,0,1,1,0,1,1,1,0,0,0,1,0,0
5680,0,0,1,1,0,0,1,1,0,0,1,1,1,0,0,1,0,0
5681,0,0,1,1,0,0,1,1,0,0,1,1,0,0,0,1,1,0
5682,0,0,1,1,0,0,1,1,0,0,0,1,0,0,1,1,0,1
5683,0,0,1,1,0,0,1,1,0,1,0,1,0,0,0,1,0,1
5684,0,0,1,1,0,0,1,1,0,0,0,1,1,0,0,1,0,1
5685,0,0,1,1,0,0,1,1,0,0,0,1,0,0,0,1,1,1
5686,0,0,1,1,0,0,1,1,0,1,0,1,0,0,1,1,0,0
5687,0,0,1,1,0,0,1,1,0,0,0,1,1,0,1,1,0,0
5688,0,0,1,1,0,0,1,1,0,0,0,1,0,0,1,1,1,0
5689,0,0,1,1,0,0,1,1,0,1,0,1,1,0,0,1,0,0
5690,0,0,1,1,0,0,1,1,0,1,0,1,0,0,0,1,1,0
5691,0,0,1,1,0,0,1,1,0,0,0,1,1,0,0,1,1,0
5692,0,0,1,1,0,0,1,1,0,0,1,0,0,1,0,1,0,1
5693,0,0,1,1,0,0,1,1,0,0,1,0,0,1,1,1,0,0
5694,0,0,1,1,0,0,1,1,0,1,1,0,0,1,0,1,0,0
5695,0,0,1,1,0,0,1,1,0,0,1,0,1,1,0,1,0,0
5696,0,0,1,1,0,0,1,1,0,0,1,0,0,1,0,1,1,0
5697,0,0,1,1,0,0,1,1,0,0,0,0,0,1,1,1,0,1
5698,0,0,1,1,0,0,1,1,0,1,0,0,0,1,0,1,0,1
5699,0,0,1,1,0,0,1,1,0,0,0,0,1,1,0,1,0,1
5700,0,0,1,1,0,0,1,1,0,0,0,0,0,1,0,1,1,1
5701,0,0,1,1,0,0,1,1,0,1,0,0,0,1,1,1,0,0
5702,0,0,1,1,0,0,1,1,0,0,0,0,1,1,1,1,0,0
5703,0,0,1,1,0,0,1,1,0,0,0,0,0,1,1,1,1,0
5704,0,0,1,1,0,0,1,1,0,1,0,0,1,1,0,1,0,0
5705,0,0,1,1,0,0,1,1,0,1,0,0,0,1,0,1,1,0
5706,0,0,1,1,0,0,1,1,0,0,0,0,1,1,0,1,1,0
5707,0,0,1,1,0,0,1,1,0,0,1,0,0,0,1,1,0,1
5708,0,0,1,1,0,0,1,1,0,1,1,0,0,0,0,1,0,1
5709,0,0,1,1,0,0,1,1,0,0,1,0,1,0,0,1,0,1
5710,0,0,1,1,0,0,1,1,0,0,1,0,0,0,0,1,1,1
5711,0,0,1,1,0,0,1,1,0,1,1,0,0,0,1,1,0,0
5712,0,0,1,1,0,0,1,1,0,0,1,0,1,0,1,1,0,0
5713,0,0,1,1,0,0,1,1,0,0,1,0,0,0,1,1,1,0
5714,0,0,1,1,0,0,1,1,0,1,1,0,1,0,0,1,0,0
5715,0,0,1,1,0,0,1,1,0,1,1,0,0,0,0,1,1,0
5716,0,0,1,1,0,0,1,1,0,0,1,0,1,0,0,1,1,0
5717,0,0,1,1,0,0,1,1,0,1,0,0,0,0,1,1,0,1
5718,0,0,1,1,0,0,1,1,0,0,0,0,1,0,1,1,0,1
5719,0,0,1,1,0,0,1,1,0,0,0,0,0,0,1,1,1,1
5720,0,0,1,1,0,0,1,1,0,1,0,0,1,0,0,1,0,1
5721,0,0,1,1,0,0,1,1,0,1,0,0,0,0,0,1,1,1
5722,0,0,1,1,0,0,1,1,0,0,0,0,1,0,0,1,1,1
5723,0,0,1,1,0,0,1,1,0,1,0,0,1,0,1,1,0,0
5724,0,0,1,1,0,0,1,1,0,1,0,0,0,0,1,1,1,0
5725,0,0,1,1,0,0,1,1,0,0,0,0,1,0,1,1,1,0
5726,0,0,1,1,0,0,1,1,0,1,0,0,1,0,0,1,1,0
5727,0,0,1,1,0,0,0,1,0,0,1,1,0,1,0,1,0,1
5728,0,0,1,1,0,0,0,1,0,0,1,1,0,1,1,1,0,0
5729,0,0,1,1,0,0,0,1,0,1,1,1,0,1,0,1,0,0
5730,0,0,1,1,0,0,0,1,0,0,1,1,1,1,0,1,0,0
5731,0,0,1,1,0,0,0,1,0,0,1,1,0,1,0,1,1,0
5732,0,0,1,1,0,0,0,1,0,0,0,1,0,1,1,1,0,1
5733,0,0,1,1,0,0,0,1,0,1,0,1,0,1,0,1,0,1
5734,0,0,1,1,0,0,0,1,0,0,0,1,1,1,0,1,0,1
5735,0,0,1,1,0,0,0,1,0,0,0,1,0,1,0,1,1,1
5736,0,0,1,1,0,0,0,1,0,1,0,1,0,1,1,1,0,0
5737,0,0,1,1,0,0,0,1,0,0,0,1,1,1,1,1,0,0
5738,0,0,1,1,0,0,0,1,0,0,0,1,0,1,1,1,1,0
5739,0,0,1,1,0,0,0,1,0,1,0,1,1,1,0,1,0,0
5740,0,0,1,1,0,0,0,1,0,1,0,1,0,1,0,1,1,0
5741,0,0,1,1,0,0,0,1,0,0,0,1,1,1,0,1,1,0
5742,0,0,1,1,0,0,0,1,0,0,1,1,0,0,1,1,0,1
5743,0,0,1,1,0,0,0,1,0,1,1,1,0,0,0,1,0,1
5744,0,0,1,1,0,0,0,1,0,0,1,1,1,0,0,1,0,1
5745,0,0,1,1,0,0,0,1,0,0,1,1,0,0,0,1,1,1
5746,0,0,1,1,0,0,0,1,0,1,1,1,0,0,1,1,0,0
5747,0,0,1,1,0,0,0,1,0,0,1,1,1,0,1,1,0,0
5748,0,0,1,1,0,0,0,1,0,0,1,1,0,0,1,1,1,0
5749,0,0,1,1,0,0,0,1,0,1,1,1,1,0,0,1,0,0
5750,0,0,1,1,0,0,0,1,0,1,1,1,0,0,0,1,1,0
5751,0,0,1,1,0,0,0,1,0,0,1,1,1,0,0,1,1,0
5752,0,0,1,1,0,0,0,1,0,1,0,1,0,0,1,1,0,1
5753,0,0,1,1,0,0,0,1,0,0,0,1,1,0,1,1,0,1
5754,0,0,1,1,0,0,0,1,0,0,0,1,0,0,1,1,1,1
5755,0,0,1,1,0,0,0,1,0,1,0,1,1,0,0,1,0,1
5756,0,0,1,1,0,0,0,1,0,1,0,1,0,0,0,1,1,1
5757,0,0,1,1,0,0,0,1,0,0,0,1,1,0,0,1,1,1
5758,0,0,1,1,0,0,0,1,0,1,0,1,1,0,1,1,0,0
5759,0,0,1,1,0,0,0,1,0,1,0,1,0,0,1,1,1,0
5760,0,0,1,1,0,0,0,1,0,0,0,1,1,0,1,1,1,0
5761,0,0,1,1,0,0,0,1,0,1,0,1,1,0,0,1,1,0
5762,0,0,1,1,0,0,0,1,0,0,1,0,0,1,1,1,0,1
5763,0,0,1,1,0,0,0,1,0,1,1,0,0,1,0,1,0,1
5764,0,0,1,1,0,0,0,1,0,0,1,0,1,1,0,1,0,1
5765,0,0,1,1,0,0,0,1,0,0,1,0,0,1,0,1,1,1
5766,0,0,1,1,0,0,0,1,0,1,1,0,0,1,1,1,0,0
5767,0,0,1,1,0,0,0,1,0,0,1,0,1,1,1,1,0,0
5768,0,0,1,1,0,0,0,1,0,0,1,0,0,1,1,1,1,0
5769,0,0,1,1,0,0,0,1,0,1,1,0,1,1,0,1,0,0
5770,0,0,1,1,0,0,0,1,0,1,1,0,0,1,0,1,1,0
5771,0,0,1,1,0,0,0,1,0,0,1,0,1,1,0,1,1,0
5772,0,0,1,1,0,0,0,1,0,1,0,0,0,1,1,1,0,1
5773,0,0,1,1,0,0,0,1,0,0,0,0,1,1,1,1,0,1
5774,0,0,1,1,0,0,0,1,0,0,0,0,0,1,1,1,1,1
5775,0,0,1,1,0,0,0,1,0,1,0,0,1,1,0,1,0,1
5776,0,0,1,1,0,0,0,1,0,1,0,0,0,1,0,1,1,1
5777,0,0,1,1,0,0,0,1,0,0,0,0,1,1,0,1,1,1
5778,0,0,1,1,0,0,0,1,0,1,0,0,1,1,1,1,0,0
5779,0,0,1,1,0,0,0,1,0,1,0,0,0,1,1,1,1,0
5780,0,0,1,1,0,0,0,1,0,0,0,0,1,1,1,1,1,0
5781,0,0,1,1,0,0,0,1,0,1,0,0,1,1,0,1,1,0
5782,0,0,1,1,0,0,0,1,0,1,1,0,0,0,1,1,0,1
5783,0,0,1,1,0,0,0,1,0,0,1,0,1,0,1,1,0,1
5784,0,0,1,1,0,0,0,1,0,0,1,0,0,0,1,1,1,1
5785,0,0,1,1,0,0,0,1,0,1,1,0,1,0,0,1,0,1
5786,0,0,1,1,0,0,0,1,0,1,1,0,0,0,0,1,1,1
5787,0,0,1,1,0,0,0,1,0,0,1,0,1,0,0,1,1,1
5788,0,0,1,1,0,0,0,1,0,1,1,0,1,0,1,1,0,0
5789,0,0,1,1,0,0,0,1,0,1,1,0,0,0,1,1,1,0
5790,0,0,1,1,0,0,0,1,0,0,1,0,1,0,1,1,1,0
5791,0,0,1,1,0,0,0,1,0,1,1,0,1,0,0,1,1,0
5792,0,0,1,1,0,0,0,1,0,1,0,0,1,0,1,1,0,1
5793,0,0,1,1,0,0,0,1,0,1,0,0,0,0,1,1,1,1
5794,0,0,1,1,0,0,0,1,0,0,0,0,1,0,1,1,1,1
5795,0,0,1,1,0,0,0,1,0,1,0,0,1,0,0,1,1,1
5796,0,0,1,1,0,0,0,1,0,1,0,0,1,0,1,1,1,0
5797,1,1,0,0,0,1,1,1,0,0,1,1,0,1,0,0,0,0
5798,1,1,0,0,0,1,1,1,0,0,0,1,0,1,0,0,0,1
5799,1,1,0,0,0,1,1,1,0,0,0,1,0,1,1,0,0,0
5800,1,1,0,0,0,1,1,1,0,1,0,1,0,1,0,0,0,0
5801,1,1,0,0,0,1,1,1,0,0,0,1,1,1,0,0,0,0
5802,1,1,0,0,0,1,1,1,0,0,0,1,0,1,0,0,1,0
5803,1,1,0,0,0,1,1,1,0,0,1,1,0,0,0,0,0,1
5804,1,1,0,0,0,1,1,1,0,0,1,1,0,0,1,0,0,0
5805,1,1,0,0,0,1,1,1,0,1,1,1,0,0,0,0,0,0
5806,1,1,0,0,0,1,1,1,0,0,1,1,1,0,0,0,0,0
5807,1,1,0,0,0,1,1,1,0,0,1,1,0,0,0,0,1,0
5808,1,1,0,0,0,1,1,1,0,0,0,1,0,0,1,0,0,1
5809,1,1,0,0,0,1,1,1,0,1,0,1,0,0,0,0,0,1
5810,1,1,0,0,0,1,1,1,0,0,0,1,1,0,0,0,0,1
5811,1,1,0,0,0,1,1,1,0,0,0,1,0,0,0,0,1,1
5812,1,1,0,0,0,1,1,1,0,1,0,1,0,0,1,0,0,0
5813,1,1,0,0,0,1,1,1,0,0,0,1,1,0,1,0,0,0
5814,1,1,0,0,0,1,1,1,0,0,0,1,0,0,1,0,1,0
5815,1,1,0,0,0,1,1,1,0,1,0,1,1,0,0,0,0,0
5816,1,1,0,0,0,1,1,1,0,1,0,1,0,0,0,0,1,0
5817,1,1,0,0,0,1,1,1,0,0,0,1,1,0,0,0,1,0
5818,1,1,0,0,0,1,1,1,0,0,1,0,0,1,0,0,0,1
5819,1,1,0,0,0,1,1,1,0,0,1,0,0,1,1,0,0,0
5820,1,1,0,0,0,1,1,1,0,1,1,0,0,1,0,0,0,0
5821,1,1,0,0,0,1,1,1,0,0,1,0,1,1,0,0,0,0
5822,1,1,0,0,0,1,1,1,0,0,1,0,0,1,0,0,1,0
5823,1,1,0,0,0,1,1,1,0,0,0,0,0,1,1,0,0,1
5824,1,1,0,0,0,1,1,1,0,1,0,0,0,1,0,0,0,1
5825,1,1,0,0,0,1,1,1,0,0,0,0,1,1,0,0,0,1
5826,1,1,0,0,0,1,1,1,0,0,0,0,0,1,0,0,1,1
5827,1,1,0,0,0,1,1,1,0,1,0,0,0,1,1,0,0,0
5828,1,1,0,0,0,1,1,1,0,0,0,0,1,1,1,0,0,0
5829,1,1,0,0,0,1,1,1,0,0,0,0,0,1,1,0,1,0
5830,1,1,0,0,0,1,1,1,0,1,0,0,1,1,0,0,0,0
5831,1,1,0,0,0,1,1,1,0,1,0,0,0,1,0,0,1,0
5832,1,1,0,0,0,1,1,1,0,0,0,0,1,1,0,0,1,0
5833,1,1,0,0,0,1,1,1,0,0,1,0,0,0,1,0,0,1
5834,1,1,0,0,0,1,1,1,0,1,1,0,0,0,0,0,0,1
5835,1,1,0,0,0,1,1,1,0,0,1,0,1,0,0,0,0,1
5836,1,1,0,0,0,1,1,1,0,0,1,0,0,0,0,0,1,1
5837,1,1,0,0,0,1,1,1,0,1,1,0,0,0,1,0,0,0
5838,1,1,0,0,0,1,1,1,0,0,1,0,1,0,1,0,0,0
5839,1,1,0,0,0,1,1,1,0,0,1,0,0,0,1,0,1,0
5840,1,1,0,0,0,1,1,1,0,1,1,0,1,0,0,0,0,0
5841,1,1,0,0,0,1,1,1,0,1,1,0,0,0,0,0,1,0
5842,1,1,0,0,0,1,1,1,0,0,1,0,1,0,0,0,1,0
5843,1,1,0,0,0,1,1,1,0,1,0,0,0,0,1,0,0,1
5844,1,1,0,0,0,1,1,1,0,0,0,0,1,0,1,0,0,1
5845,1,1,0,0,0,1,1,1,0,0,0,0,0,0,1,0,1,1
5846,1,1,0,0,0,1,1,1,0,1,0,0,1,0,0,0,0,1
5847,1,1,0,0,0,1,1,1,0,1,0,0,0,0,0,0,1,1
5848,1,1,0,0,0,1,1,1,0,0,0,0,1,0,0,0,1,1
5849,1,1,0,0,0,1,1,1,0,1,0,0,1,0,1,0,0,0
5850,1,1,0,0,0,1,1,1,0,1,0,0,0,0,1,0,1,0
5851,1,1,0,0,0,1,1,1,0,0,0,0,1,0,1,0,1,0
5852,1,1,0,0,0,1,1,1,0,1,0,0,1,0,0,0,1,0
5853,1,1,0,0,0,1,0,1,0,0,1,1,0,1,0,0,0,1
5854,1,1,0,0,0,1,0,1,0,0,1,1,0,1,1,0,0,0
5855,1,1,0,0,0,1,0,1,0,1,1,1,0,1,0,0,0,0
5856,1,1,0,0,0,1,0,1,0,0,1,1,1,1,0,0,0,0
5857,1,1,0,0,0,1,0,1,0,0,1,1,0,1,0,0,1,0
5858,1,1,0,0,0,1,0,1,0,0,0,1,0,1,1,0,0,1
5859,1,1,0,0,0,1,0,1,0,1,0,1,0,1,0,0,0,1
5860,1,1,0,0,0,1,0,1,0,0,0,1,1,1,0,0,0,1
5861,1,1,0,0,0,1,0,1,0,0,0,1,0,1,0,0,1,1
5862,1,1,0,0,0,1,0,1,0,1,0,1,0,1,1,0,0,0
5863,1,1,0,0,0,1,0,1,0,0,0,1,1,1,1,0,0,0
5864,1,1,0,0,0,1,0,1,0,0,0,1,0,1,1,0,1,0
5865,1,1,0,0,0,1,0,1,0,1,0,1,1,1,0,0,0,0
5866,1,1,0,0,0,1,0,1,0,1,0,1,0,1,0,0,1,0
5867,1,1,0,0,0,1,0,1,0,0,0,1,1,1,0,0,1,0
5868,1,1,0,0,0,1,0,1,0,0,1,1,0,0,1,0,0,1
5869,1,1,0,0,0,1,0,1,0,1,1,1,0,0,0,0,0,1
5870,1,1,0,0,0,1,0,1,0,0,1,1,1,0,0,0,0,1
5871,1,1,0,0,0,1,0,1,0,0,1,1,0,0,0,0,1,1
5872,1,1,0,0,0,1,0,1,0,1,1,1,0,0,1,0,0,0
5873,1,1,0,0,0,1,0,1,0,0,1,1,1,0,1,0,0,0
5874,1,1,0,0,0,1,0,1,0,0,1,1,0,0,1,0,1,0
5875,1,1,0,0,0,1,0,1,0,1,1,1,1,0,0,0,0,0
5876,1,1,0,0,0,1,0,1,0,1,1,1,0,0,0,0,1,0
5877,1,1,0,0,0,1,0,1,0,0,1,1,1,0,0,0,1,0
5878,1,1,0,0,0,1,0,1,0,1,0,1,0,0,1,0,0,1
5879,1,1,0,0,0,1,0,1,0,0,0,1,1,0,1,0,0,1
5880,1,1,0,0,0,1,0,1,0,0,0,1,0,0,1,0,1,1
5881,1,1,0,0,0,1,0,1,0,1,0,1,1,0,0,0,0,1
5882,1,1,0,0,0,1,0,1,0,1,0,1,0,0,0,0,1,1
5883,1,1,0,0,0,1,0,1,0,0,0,1,1,0,0,0,1,1
5884,1,1,0,0,0,1,0,1,0,1,0,1,1,0,1,0,0,0
5885,1,1,0,0,0,1,0,1,0,1,0,1,0,0,1,0,1,0
5886,1,1,0,0,0,1,0,1,0,0,0,1,1,0,1,0,1,0
5887,1,1,0,0,0,1,0,1,0,1,0,1,1,0,0,0,1,0
5888,1,1,0,0,0,1,0,1,0,0,1,0,0,1,1,0,0,1
5889,1,1,0,0,0,1,0,1,0,1,1,0,0,1,0,0,0,1
5890,1,1,0,0,0,1,0,1,0,0,1,0,1,1,0,0,0,1
5891,1,1,0,0,0,1,0,1,0,0,1,0,0,1,0,0,1,1
5892,1,1,0,0,0,1,0,1,0,1,1,0,0,1,1,0,0,0
5893,1,1,0,0,0,1,0,1,0,0,1,0,1,1,1,0,0,0
5894,1,1,0,0,0,1,0,1,0,0,1,0,0,1,1,0,1,0
5895,1,1,0,0,0,1,0,1,0,1,1,0,1,1,0,0,0,0
5896,1,1,0,0,0,1,0,1,0,1,1,0,0,1,0,0,1,0
5897,1,1,0,0,0,1,0,1,0,0,1,0,1,1,0,0,1,0
5898,1,1,0,0,0,1,0,1,0,1,0,0,0,1,1,0,0,1
5899,1,1,0,0,0,1,0,1,0,0,0,0,1,1,1,0,0,1
5900,1,1,0,0,0,1,0,1,0,0,0,0,0,1,1,0,1,1
5901,1,1,0,0,0,1,0,1,0,1,0,0,1,1,0,0,0,1
5902,1,1,0,0,0,1,0,1,0,1,0,0,0,1,0,0,1,1
5903,1,1,0,0,0,1,0,1,0,0,0,0,1,1,0,0,1,1
5904,1,1,0,0,0,1,0,1,0,1,0,0,1,1,1,0,0,0
5905,1,1,0,0,0,1,0,1,0,1,0,0,0,1,1,0,1,0
5906,1,1,0,0,0,1,0,1,0,0,0,0,1,1,1,0,1,0
5907,1,1,0,0,0,1,0,1,0,1,0,0,1,1,0,0,1,0
5908,1,1,0,0,0,1,0,1,0,1,1,0,0,0,1,0,0,1
5909,1,1,0,0,0,1,0,1,0,0,1,0,1,0,1,0,0,1
5910,1,1,0,0,0,1,0,1,0,0,1,0,0,0,1,0,1,1
5911,1,1,0,0,0,1,0,1,0,1,1,0,1,0,0,0,0,1
5912,1,1,0,0,0,1,0,1,0,1,1,0,0,0,0,0,1,1
5913,1,1,0,0,0,1,0,1,0,0,1,0,1,0,0,0,1,1
5914,1,1,0,0,0,1,0,1,0,1,1,0,1,0,1,0,0,0
5915,1,1,0,0,0,1,0,1,0,1,1,0,0,0,1,0,1,0
5916,1,1,0,0,0,1,0,1,0,0,1,0,1,0,1,0,1,0
5917,1,1,0,0,0,1,0,1,0,1,1,0,1,0,0,0,1,0
5918,1,1,0,0,0,1,0,1,0,1,0,0,1,0,1,0,0,1
5919,1,1,0,0,0,1,0,1,0,1,0,0,0,0,1,0,1,1
5920,1,1,0,0,0,1,0,1,0,0,0,0,1,0,1,0,1,1
5921,1,1,0,0,0,1,0,1,0,1,0,0,1,0,0,0,1,1
5922,1,1,0,0,0,1,0,1,0,1,0,0,1,0,1,0,1,0
5923,0,1,1,0,0,1,1,1,0,0,1,1,0,1,0,0,0,0
5924,0,1,1,0,0,1,1,1,0,0,0,1,0,1,0,0,0,1
5925,0,1,1,0,0,1,1,1,0,0,0,1,0,1,1,0,0,0
5926,0,1,1,0,0,1,1,1,0,1,0,1,0,1,0,0,0,0
5927,0,1,1,0,0,1,1,1,0,0,0,1,1,1,0,0,0,0
5928,0,1,1,0,0,1,1,1,0,0,0,1,0,1,0,0,1,0
5929,0,1,1,0,0,1,1,1,0,0,1,1,0,0,0,0,0,1
5930,0,1,1,0,0,1,1,1,0,0,1,1,0,0,1,0,0,0
5931,0,1,1,0,0,1,1,1,0,1,1,1,0,0,0,0,0,0
5932,0,1,1,0,0,1,1,1,0,0,1,1,1,0,0,0,0,0
5933,0,1,1,0,0,1,1,1,0,0,1,1,0,0,0,0,1,0
5934,0,1,1,0,0,1,1,1,0,0,0,1,0,0,1,0,0,1
5935,0,1,1,0,0,1,1,1,0,1,0,1,0,0,0,0,0,1
5936,0,1,1,0,0,1,1,1,0,0,0,1,1,0,0,0,0,1
5937,0,1,1,0,0,1,1,1,0,0,0,1,0,0,0,0,1,1
5938,0,1,1,0,0,1,1,1,0,1,0,1,0,0,1,0,0,0
5939,0,1,1,0,0,1,1,1,0,0,0,1,1,0,1,0,0,0
5940,0,1,1,0,0,1,1,1,0,0,0,1,0,0,1,0,1,0
5941,0,1,1,0,0,1,1,1,0,1,0,1,1,0,0,0,0,0
5942,0,1,1,0,0,1,1,1,0,1,0,1,0,0,0,0,1,0
5943,0,1,1,0,0,1,1,1,0,0,0,1,1,0,0,0,1,0
5944,0,1,1,0,0,1,1,1,0,0,1,0,0,1,0,0,0,1
5945,0,1,1,0,0,1,1,1,0,0,1,0,0,1,1,0,0,0
5946,0,1,1,0,0,1,1,1,0,1,1,0,0,1,0,0,0,0
5947,0,1,1,0,0,1,1,1,0,0,1,0,1,1,0,0,0,0
5948,0,1,1,0,0,1,1,1,0,0,1,0,0,1,0,0,1,0
5949,0,1,1,0,0,1,1,1,0,0,0,0,0,1,1,0,0,1
5950,0,1,1,0,0,1,1,1,0,1,0,0,0,1,0,0,0,1
5951,0,1,1,0,0,1,1,1,0,0,0,0,1,1,0,0,0,1
5952,0,1,1,0,0,1,1,1,0,0,0,0,0,1,0,0,1,1
5953,0,1,1,0,0,1,1,1,0,1,0,0,0,1,1,0,0,0
5954,0,1,1,0,0,1,1,1,0,0,0,0,1,1,1,0,0,0
5955,0,1,1,0,0,1,1,1,0,0,0,0,0,1,1,0,1,0
5956,0,1,1,0,0,1,1,1,0,1,0,0,1,1,0,0,0,0
5957,0,1,1,0,0,1,1,1,0,1,0,0,0,1,0,0,1,0
5958,0,1,1,0,0,1,1,1,0,0,0,0,1,1,0,0,1,0
5959,0,1,1,0,0,1,1,1,0,0,1,0,0,0,1,0,0,1
5960,0,1,1,0,0,1,1,1,0,1,1,0,0,0,0,0,0,1
5961,0,1,1,0,0,1,1,1,0,0,1,0,1,0,0,0,0,1
5962,0,1,1,0,0,1,1,1,0,0,1,0,0,0,0,0,1,1
5963,0,1,1,0,0,1,1,1,0,1,1,0,0,0,1,0,0,0
5964,0,1,1,0,0,1,1,1,0,0,1,0,1,0,1,0,0,0
5965,0,1,1,0,0,1,1,1,0,0,1,0,0,0,1,0,1,0
5966,0,1,1,0,0,1,1,1,0,1,1,0,1,0,0,0,0,0
5967,0,1,1,0,0,1,1,1,0,1,1,0,0,0,0,0,1,0
5968,0,1,1,0,0,1,1,1,0,0,1,0,1,0,0,0,1,0
5969,0,1,1,0,0,1,1,1,0,1,0,0,0,0,1,0,0,1
5970,0,1,1,0,0,1,1,1,0,0,0,0,1,0,1,0,0,1
5971,0,1,1,0,0,1,1,1,0,0,0,0,0,0,1,0,1,1
5972,0,1,1,0,0,1,1,1,0,1,0,0,1,0,0,0,0,1
5973,0,1,1,0,0,1,1,1,0,1,0,0,0,0,0,0,1,1
5974,0,1,1,0,0,1,1,1,0,0,0,0,1,0,0,0,1,1
5975,0,1,1,0,0,1,1,1,0,1,0,0,1,0,1,0,0,0
5976,0,1,1,0,0,1,1,1,0,1,0,0,0,0,1,0,1,0
5977,0,1,1,0,0,1,1,1,0,0,0,0,1,0,1,0,1,0
5978,0,1,1,0,0,1,1,1,0,1,0,0,1,0,0,0,1,0
5979,0,1,1,0,0,1,0,1,0,0,1,1,0,1,0,0,0,1
5980,0,1,1,0,0,1,0,1,0,0,1,1,0,1,1,0,0,0
5981,0,1,1,0,0,1,0,1,0,1,1,1,0,1,0,0,0,0
5982,0,1,1,0,0,1,0,1,0,0,1,1,1,1,0,0,0,0
5983,0,1,1,0,0,1,0,1,0,0,1,1,0,1,0,0,1,0
5984,0,1,1,0,0,1,0,1,0,0,0,1,0,1,1,0,0,1
5985,0,1,1,0,0,1,0,1,0,1,0,1,0,1,0,0,0,1
5986,0,1,1,0,0,1,0,1,0,0,0,1,1,1,0,0,0,1
5987,0,1,1,0,0,1,0,1,0,0,0,1,0,1,0,0,1,1
5988,0,1,1,0,0,1,0,1,0,1,0,1,0,1,1,0,0,0
5989,0,1,1,0,0,1,0,1,0,0,0,1,1,1,1,0,0,0
5990,0,1,1,0,0,1,0,1,0,0,0,1,0,1,1,0,1,0
5991,0,1,1,0,0,1,0,1,0,1,0,1,1,1,0,0,0,0
5992,0,1,1,0,0,1,0,1,0,1,0,1,0,1,0,0,1,0
5993,0,1,1,0,0,1,0,1,0,0,0,1,1,1,0,0,1,0
5994,0,1,1,0,0,1,0,1,0,0,1,1,0,0,1,0,0,1
5995,0,1,1,0,0,1,0,1,0,1,1,1,0,0,0,0,0,1
5996,0,1,1,0,0,1,0,1,0,0,1,1,1,0,0,0,0,1
5997,0,1,1,0,0,1,0,1,0,0,1,1,0,0,0,0,1,1
5998,0,1,1,0,0,1,0,1,0,1,1,1,0,0,1,0,0,0
5999,0,1,1,0,0,1,0,1,0,0,1,1,1,0,1,0,0,0
6000,0,1,1,0,0,1,0,1,0,0,1,1,0,0,1,0,1,0
6001,0,1,1,0,0,1,0,1,0,1,1,1,1,0,0,0,0,0
6002,0,1,1,0,0,1,0,1,0,1,1,1,0,0,0,0,1,0
6003,0,1,1,0,0,1,0,1,0,0,1,1,1,0,0,0,1,0
6004,0,1,1,0,0,1,0,1,0,1,0,1,0,0,1,0,0,1
6005,0,1,1,0,0,1,0,1,0,0,0,1,1,0,1,0,0,1
6006,0,1,1,0,0,1,0,1,0,0,0,1,0,0,1,0,1,1
6007,0,1,1,0,0,1,0,1,0,1,0,1,1,0,0,0,0,1
6008,0,1,1,0,0,1,0,1,0,1,0,1,0,0,0,0,1,1
6009,0,1,1,0,0,1,0,1,0,0,0,1,1,0,0,0,1,1
6010,0,1,1,0,0,1,0,1,0,1,0,1,1,0,1,0,0,0
6011,0,1,1,0,0,1,0,1,0,1,0,1,0,0,1,0,1,0
6012,0,1,1,0,0,1,0,1,0,0,0,1,1,0,1,0,1,0
6013,0,1,1,0,0,1,0,1,0,1,0,1,1,0,0,0,1,0
6014,0,1,1,0,0,1,0,1,0,0,1,0,0,1,1,0,0,1
6015,0,1,1,0,0,1,0,1,0,1,1,0,0,1,0,0,0,1
6016,0,1,1,0,0,1,0,1,0,0,1,0,1,1,0,0,0,1
6017,0,1,1,0,0,1,0,1,0,0,1,0,0,1,0,0,1,1
6018,0,1,1,0,0,1,0,1,0,1,1,0,0,1,1,0,0,0
6019,0,1,1,0,0,1,0,1,0,0,1,0,1,1,1,0,0,0
6020,0,1,1,0,0,1,0,1,0,0,1,0,0,1,1,0,1,0
6021,0,1,1,0,0,1,0,1,0,1,1,0,1,1,0,0,0,0
6022,0,1,1,0,0,1,0,1,0,1,1,0,0,1,0,0,1,0
6023,0,1,1,0,0,1,0,1,0,0,1,0,1,1,0,0,1,0
6024,0,1,1,0,0,1,0,1,0,1,0,0,0,1,1,0,0,1
6025,0,1,1,0,0,1,0,1,0,0,0,0,1,1,1,0,0,1
6026,0,1,1,0,0,1,0,1,0,0,0,0,0,1,1,0,1,1
6027,0,1,1,0,0,1,0,1,0,1,0,0,1,1,0,0,0,1
6028,0,1,1,0,0,1,0,1,0,1,0,0,0,1,0,0,1,1
6029,0,1,1,0,0,1,0,1,0,0,0,0,1,1,0,0,1,1
6030,0,1,1,0,0,1,0,1,0,1,0,0,1,1,1,0,0,0
6031,0,1,1,0,0,1,0,1,0,1,0,0,0,1,1,0,1,0
6032,0,1,1,0,0,1,0,1,0,0,0,0,1,1,1,0,1,0
6033,0,1,1,0,0,1,0,1,0,1,0,0,1,1,0,0,1,0
6034,0,1,1,0,0,1,0,1,0,1,1,0,0,0,1,0,0,1
6035,0,1,1,0,0,1,0,1,0,0,1,0,1,0,1,0,0,1
6036,0,1,1,0,0,1,0,1,0,0,1,0,0,0,1,0,1,1
6037,0,1,1,0,0,1,0,1,0,1,1,0,1,0,0,0,0,1
6038,0,1,1,0,0,1,0,1,0,1,1,0,0,0,0,0,1,1
6039,0,1,1,0,0,1,0,1,0,0,1,0,1,0,0,0,1,1
6040,0,1,1,0,0,1,0,1,0,1,1,0,1,0,1,0,0,0
6041,0,1,1,0,0,1,0,1,0,1,1,0,0,0,1,0,1,0
6042,0,1,1,0,0,1,0,1,0,0,1,0,1,0,1,0,1,0
6043,0,1,1,0,0,1,0,1,0,1,1,0,1,0,0,0,1,0
6044,0,1,1,0,0,1,0,1,0,1,0,0,1,0,1,0,0,1
6045,0,1,1,0,0,1,0,1,0,1,0,0,0,0,1,0,1,1
6046,0,1,1,0,0,1,0,1,0,0,0,0,1,0,1,0,1,1
6047,0,1,1,0,0,1,0,1,0,1,0,0,1,0,0,0,1,1
6048,0,1,1,0,0,1,0,1,0,1,0,0,1,0,1,0,1,0
6049,0,1,0,1,0,1,1,1,0,0,1,1,0,1,0,0,0,0
6050,0,1,0,1,0,1,1,1,0,0,0,1,0,1,0,0,0,1
6051,0,1,0,1,0,1,1,1,0,0,0,1,0,1,1,0,0,0
6052,0,1,0,1,0,1,1,1,0,1,0,1,0,1,0,0,0,0
6053,0,1,0,1,0,1,1,1,0,0,0,1,1,1,0,0,0,0
6054,0,1,0,1,0,1,1,1,0,0,0,1,0,1,0,0,1,0
6055,0,1,0,1,0,1,1,1,0,0,1,1,0,0,0,0,0,1
6056,0,1,0,1,0,1,1,1,0,0,1,1,0,0,1,0,0,0
6057,0,1,0,1,0,1,1,1,0,1,1,1,0,0,0,0,0,0
6058,0,1,0,1,0,1,1,1,0,0,1,1,1,0,0,0,0,0
6059,0,1,0,1,0,1,1,1,0,0,1,1,0,0,0,0,1,0
6060,0,1,0,1,0,1,1,1,0,0,0,1,0,0,1,0,0,1
6061,0,1,0,1,0,1,1,1,0,1,0,1,0,0,0,0,0,1
6062,0,1,0,1,0,1,1,1,0,0,0,1,1,0,0,0,0,1
6063,0,1,0,1,0,1,1,1,0,0,0,1,0,0,0,0,1,1
6064,0,1,0,1,0,1,1,1,0,1,0,1,0,0,1,0,0,0
6065,0,1,0,1,0,1,1,1,0,0,0,1,1,0,1,0,0,0
6066,0,1,0,1,0,1,1,1,0,0,0,1,0,0,1,0,1,0
6067,0,1,0,1,0,1,1,1,0,1,0,1,1,0,0,0,0,0
6068,0,1,0,1,0,1,1,1,0,1,0,1,0,0,0,0,1,0
6069,0,1,0,1,0,1,1,1,0,0,0,1,1,0,0,0,1,0
6070,0,1,0,1,0,1,1,1,0,0,1,0,0,1,0,0,0,1
6071,0,1,0,1,0,1,1,1,0,0,1,0,0,1,1,0,0,0
6072,0,1,0,1,0,1,1,1,0,1,1,0,0,1,0,0,0,0
6073,0,1,0,1,0,1,1,1,0,0,1,0,1,1,0,0,0,0
6074,0,1,0,1,0,1,1,1,0,0,1,0,0,1,0,0,1,0
6075,0,1,0,1,0,1,1,1,0,0,0,0,0,1,1,0,0,1
6076,0,1,0,1,0,1,1,1,0,1,0,0,0,1,0,0,0,1
6077,0,1,0,1,0,1,1,1,0,0,0,0,1,1,0,0,0,1
6078,0,1,0,1,0,1,1,1,0,0,0,0,0,1,0,0,1,1
6079,0,1,0,1,0,1,1,1,0,1,0,0,0,1,1,0,0,0
6080,0,1,0,1,0,1,1,1,0,0,0,0,1,1,1,0,0,0
6081,0,1,0,1,0,1,1,1,0,0,0,0,0,1,1,0,1,0
6082,0,1,0,1,0,1,1,1,0,1,0,0,1,1,0,0,0,0
6083,0,1,0,1,0,1,1,1,0,1,0,0,0,1,0,0,1,0
6084,0,1,0,1,0,1,1,1,0,0,0,0,1,1,0,0,1,0
6085,0,1,0,1,0,1,1,1,0,0,1,0,0,0,1,0,0,1
6086,0,1,0,1,0,1,1,1,0,1,1,0,0,0,0,0,0,1
6087,0,1,0,1,0,1,1,1,0,0,1,0,1,0,0,0,0,1
6088,0,1,0,1,0,1,1,1,0,0,1,0,0,0,0,0,1,1
6089,0,1,0,1,0,1,1,1,0,1,1,0,0,0,1,0,0,0
6090,0,1,0,1,0,1,1,1,0,0,1,0,1,0,1,0,0,0
6091,0,1,0,1,0,1,1,1,0,0,1,0,0,0,1,0,1,0
6092,0,1,0,1,0,1,1,1,0,1,1,0,1,0,0,0,0,0
6093,0,1,0,1,0,1,1,1,0,1,1,0,0,0,0,0,1,0
6094,0,1,0,1,0,1,1,1,0,0,1,0,1,0,0,0,1,0
6095,0,1,0,1,0,1,1,1,0,1,0,0,0,0,1,0,0,1
6096,0,1,0,1,0,1,1,1,0,0,0,0,1,0,1,0,0,1
6097,0,1,0,1,0,1,1,1,0,0,0,0,0,0,1,0,1,1
6098,0,1,0,1,0,1,1,1,0,1,0,0,1,0,0,0,0,1
6099,0,1,0,1,0,1,1,1,0,1,0,0,0,0,0,0,1,1
6100,0,1,0,1,0,1,1,1,0,0,0,0,1,0,0,0,1,1
6101,0,1,0,1,0,1,1,1,0,1,0,0,1,0,1,0,0,0
6102,0,1,0,1,0,1,1,1,0,1,0,0,0,0,1,0,1,0
6103,0,1,0,1,0,1,1,1,0,0,0,0,1,0,1,0,1,0
6104,0,1,0,1,0,1,1,1,0,1,0,0,1,0,0,0,1,0
6105,0,1,0,1,0,1,0,1,0,0,1,1,0,1,0,0,0,1
6106,0,1,0,1,0,1,0,1,0,0,1,1,0,1,1,0,0,0
6107,0,1,0,1,0,1,0,1,0,1,1,1,0,1,0,0,0,0
6108,0,1,0,1,0,1,0,1,0,0,1,1,1,1,0,0,0,0
6109,0,1,0,1,0,1,0,1,0,0,1,1,0,1,0,0,1,0
6110,0,1,0,1,0,1,0,1,0,0,0,1,0,1,1,0,0,1
6111,0,1,0,1,0,1,0,1,0,1,0,1,0,1,0,0,0,1
6112,0,1,0,1,0,1,0,1,0,0,0,1,1,1,0,0,0,1
6113,0,1,0,1,0,1,0,1,0,0,0,1,0,1,0,0,1,1
6114,0,1,0,1,0,1,0,1,0,1,0,1,0,1,1,0,0,0
6115,0,1,0,1,0,1,0,1,0,0,0,1,1,1,1,0,0,0
6116,0,1,0,1,0,1,0,1,0,0,0,1,0,1,1,0,1,0
6117,0,1,0,1,0,1,0,1,0,1,0,1,1,1,0,0,0,0
6118,0,1,0,1,0,1,0,1,0,1,0,1,0,1,0,0,1,0
6119,0,1,0,1,0,1,0,1,0,0,0,1,1,1,0,0,1,0
6120,0,1,0,1,0,1,0,1,0,0,1,1,0,0,1,0,0,1
6121,0,1,0,1,0,1,0,1,0,1,1,1,0,0,0,0,0,1
6122,0,1,0,1,0,1,0,1,0,0,1,1,1,0,0,0,0,1
6123,0,1,0,1,0,1,0,1,0,0,1,1,0,0,0,0,1,1
6124,0,1,0,1,0,1,0,1,0,1,1,1,0,0,1,0,0,0
6125,0,1,0,1,0,1,0,1,0,0,1,1,1,0,1,0,0,0
6126,0,1,0,1,0,1,0,1,0,0,1,1,0,0,1,0,1,0
6127,0,1,0,1,0,1,0,1,0,1,1,1,1,0,0,0,0,0
6128,0,1,0,1,0,1,0,1,0,1,1,1,0,0,0,0,1,0
6129,0,1,0,1,0,1,0,1,0,0,1,1,1,0,0,0,1,0
6130,0,1,0,1,0,1,0,1,0,1,0,1,0,0,1,0,0,1
6131,0,1,0,1,0,1,0,1,0,0,0,1,1,0,1,0,0,1
6132,0,1,0,1,0,1,0,1,0,0,0,1,0,0,1,0,1,1
6133,0,1,0,1,0,1,0,1,0,1,0,1,1,0,0,0,0,1
6134,0,1,0,1,0,1,0,1,0,1,0,1,0,0,0,0,1,1
6135,0,1,0,1,0,1,0,1,0,0,0,1,1,0,0,0,1,1
6136,0,1,0,1,0,1,0,1,0,1,0,1,1,0,1,0,0,0
6137,0,1,0,1,0,1,0,1,0,1,0,1,0,0,1,0,1,0
6138,0,1,0,1,0,1,0,1,0,0,0,1,1,0,1,0,1,0
6139,0,1,0,1,0,1,0,1,0,1,0,1,1,0,0,0,1,0
6140,0,1,0,1,0,1,0,1,0,0,1,0,0,1,1,0,0,1
6141,0,1,0,1,0,1,0,1,0,1,1,0,0,1,0,0,0,1
6142,0,1,0,1,0,1,0,1,0,0,1,0,1,1,0,0,0,1
6143,0,1,0,1,0,1,0,1,0,0,1,0,0,1,0,0,1,1
6144,0,1,0,1,0,1,0,1,0,1,1,0,0,1,1,0,0,0
6145,0,1,0,1,0,1,0,1,0,0,1,0,1,1,1,0,0,0
6146,0,1,0,1,0,1,0,1,0,0,1,0,0,1,1,0,1,0
6147,0,1,0,1,0,1,0,1,0,1,1,0,1,1,0,0,0,0
6148,0,1,0,1,0,1,0,1,0,1,1,0,0,1,0,0,1,0
6149,0,1,0,1,0,1,0,1,0,0,1,0,1,1,0,0,1,0
6150,0,1,0,1,0,1,0,1,0,1,0,0,0,1,1,0,0,1
6151,0,1,0,1,0,1,0,1,0,0,0,0,1,1,1,0,0,1
6152,0,1,0,1,0,1,0,1,0,0,0,0,0,1,1,0,1,1
6153,0,1,0,1,0,1,0,1,0,1,0,0,1,1,0,0,0,1
6154,0,1,0,1,0,1,0,1,0,1,0,0,0,1,0,0,1,1
6155,0,1,0,1,0,1,0,1,0,0,0,0,1,1,0,0,1,1
6156,0,1,0,1,0,1,0,1,0,1,0,0,1,1,1,0,0,0
6157,0,1,0,1,0,1,0,1,0,1,0,0,0,1,1,0,1,0
6158,0,1,0,1,0,1,0,1,0,0,0,0,1,1,1,0,1,0
6159,0,1,0,1,0,1,0,1,0,1,0,0,1,1,0,0,1,0
6160,0,1,0,1,0,1,0,1,0,1,1,0,0,0,1,0,0,1
6161,0,1,0,1,0,1,0,1,0,0,1,0,1,0,1,0,0,1
6162,0,1,0,1,0,1,0,1,0,0,1,0,0,0,1,0,1,1
6163,0,1,0,1,0,1,0,1,0,1,1,0,1,0,0,0,0,1
6164,0,1,0,1,0,1,0,1,0,1,1,0,0,0,0,0,1,1
6165,0,1,0,1,0,1,0,1,0,0,1,0,1,0,0,0,1,1
6166,0,1,0,1,0,1,0,1,0,1,1,0,1,0,1,0,0,0
6167,0,1,0,1,0,1,0,1,0,1,1,0,0,0,1,0,1,0
6168,0,1,0,1,0,1,0,1,0,0,1,0,1,0,1,0,1,0
6169,0,1,0,1,0,1,0,1,0,1,1,0,1,0,0,0,1,0
6170,0,1,0,1,0,1,0,1,0,1,0,0,1,0,1,0,0,1
6171,0,1,0,1,0,1,0,1,0,1,0,0,0,0,1,0,1,1
6172,0,1,0,1,0,1,0,1,0,0,0,0,1,0,1,0,1,1
6173,0,1,0,1,0,1,0,1,0,1,0,0,1,0,0,0,1,1
6174,0,1,0,1,0,1,0,1,0,1,0,0,1,0,1,0,1,0
6175,1,1,1,0,0,0,1,1,0,0,1,1,0,1,0,0,0,0
6176,1,1,1,0,0,0,1,1,0,0,0,1,0,1,0,0,0,1
6177,1,1,1,0,0,0,1,1,0,0,0,1,0,1,1,0,0,0
6178,1,1,1,0,0,0,1,1,0,1,0,1,0,1,0,0,0,0
6179,1,1,1,0,0,0,1,1,0,0,0,1,1,1,0,0,0,0
6180,1,1,1,0,0,0,1,1,0,0,0,1,0,1,0,0,1,0
6181,1,1,1,0,0,0,1,1,0,0,1,1,0,0,0,0,0,1
6182,1,1,1,0,0,0,1,1,0,0,1,1,0,0,1,0,0,0
6183,1,1,1,0,0,0,1,1,0,1,1,1,0,0,0,0,0,0
6184,1,1,1,0,0,0,1,1,0,0,1,1,1,0,0,0,0,0
6185,1,1,1,0,0,0,1,1,0,0,1,1,0,0,0,0,1,0
6186,1,1,1,0,0,0,1,1,0,0,0,1,0,0,1,0,0,1
6187,1,1,1,0,0,0,1,1,0,1,0,1,0,0,0,0,0,1
6188,1,1,1,0,0,0,1,1,0,0,0,1,1,0,0,0,0,1
6189,1,1,1,0,0,0,1,1,0,0,0,1,0,0,0,0,1,1
6190,1,1,1,0,0,0,1,1,0,1,0,1,0,0,1,0,0,0
6191,1,1,1,0,0,0,1,1,0,0,0,1,1,0,1,0,0,0
6192,1,1,1,0,0,0,1,1,0,0,0,1,0,0,1,0,1,0
6193,1,1,1,0,0,0,1,1,0,1,0,1,1,0,0,0,0,0
6194,1,1,1,0,0,0,1,1,0,1,0,1,0,0,0,0,1,0
6195,1,1,1,0,0,0,1,1,0,0,0,1,1,0,0,0,1,0
6196,1,1,1,0,0,0,1,1,0,0,1,0,0,1,0,0,0,1
6197,1,1,1,0,0,0,1,1,0,0,1,0,0,1,1,0,0,0
6198,1,1,1,0,0,0,1,1,0,1,1,0,0,1,0,0,0,0
6199,1,1,1,0,0,0,1,1,0,0,1,0,1,1,0,0,0,0
6200,1,1,1,0,0,0,1,1,0,0,1,0,0,1,0,0,1,0
6201,1,1,1,0,0,0,1,1,0,0,0,0,0,1,1,0,0,1
6202,1,1,1,0,0,0,1,1,0,1,0,0,0,1,0,0,0,1
6203,1,1,1,0,0,0,1,1,0,0,0,0,1,1,0,0,0,1
6204,1,1,1,0,0,0,1,1,0,0,0,0,0,1,0,0,1,1
6205,1,1,1,0,0,0,1,1,0,1,0,0,0,1,1,0,0,0
6206,1,1,1,0,0,0,1,1,0,0,0,0,1,1,1,0,0,0
6207,1,1,1,0,0,0,1,1,0,0,0,0,0,1,1,0,1,0
6208,1,1,1,0,0,0,1,1,0,1,0,0,1,1,0,0,0,0
6209,1,1,1,0,0,0,1,1,0,1,0,0,0,1,0,0,1,0
6210,1,1,1,0,0,0,1,1,0,0,0,0,1,1,0,0,1,0
6211,1,1,1,0,0,0,1,1,0,0,1,0,0,0,1,0,0,1
6212,1,1,1,0,0,0,1,1,0,1,1,0,0,0,0,0,0,1
6213,1,1,1,0,0,0,1,1,0,0,1,0,1,0,0,0,0,1
6214,1,1,1,0,0,0,1,1,0,0,1,0,0,0,0,0,1,1
6215,1,1,1,0,0,0,1,1,0,1,1,0,0,0,1,0,0,0
6216,1,1,1,0,0,0,1,1,0,0,1,0,1,0,1,0,0,0
6217,1,1,1,0,0,0,1,1,0,0,1,0,0,0,1,0,1,0
6218,1,1,1,0,0,0,1,1,0,1,1,0,1,0,0,0,0,0
6219,1,1,1,0,0,0,1,1,0,1,1,0,0,0,0,0,1,0
6220,1,1,1,0,0,0,1,1,0,0,1,0,1,0,0,0,1,0
6221,1,1,1,0,0,0,1,1,0,1,0,0,0,0,1,0,0,1
6222,1,1,1,0,0,0,1,1,0,0,0,0,1,0,1,0,0,1
6223,1,1,1,0,0,0,1,1,0,0,0,0,0,0,1,0,1,1
6224,1,1,1,0,0,0,1,1,0,1,0,0,1,0,0,0,0,1
6225,1,1,1,0,0,0,1,1,0,1,0,0,0,0,0,0,1,1
6226,1,1,1,0,0,0,1,1,0,0,0,0,1,0,0,0,1,1
6227,1,1,1,0,0,0,1,1,0,1,0,0,1,0,1,0,0,0
6228,1,1,1,0,0,0,1,1,0,1,0,0,0,0,1,0,1,0
6229,1,1,1,0,0,0,1,1,0,0,0,0,1,0,1,0,1,0
6230,1,1,1,0,0,0,1,1,0,1,0,0,1,0,0,0,1,0
6231,1,1,1,0,0,0,0,1,0,0,1,1,0,1,0,0,0,1
6232,1,1,1,0,0,0,0,1,0,0,1,1,0,1,1,0,0,0
6233,1,1,1,0,0,0,0,1,0,1,1,1,0,1,0,0,0,0
6234,1,1,1,0,0,0,0,1,0,0,1,1,1,1,0,0,0,0
6235,1,1,1,0,0,0,0,1,0,0,1,1,0,1,0,0,1,0
6236,1,1,1,0,0,0,0,1,0,0,0,1,0,1,1,0,0,1
6237,1,1,1,0,0,0,0,1,0,1,0,1,0,1,0,0,0,1
6238,1,1,1,0,0,0,0,1,0,0,0,1,1,1,0,0,0,1
6239,1,1,1,0,0,0,0,1,0,0,0,1,0,1,0,0,1,1
6240,1,1,1,0,0,0,0,1,0,1,0,1,0,1,1,0,0,0
6241,1,1,1,0,0,0,0,1,0,0,0,1,1,1,1,0,0,0
6242,1,1,1,0,0,0,0,1,0,0,0,1,0,1,1,0,1,0
6243,1,1,1,0,0,0,0,1,0,1,0,1,1,1,0,0,0,0
6244,1,1,1,0,0,0,0,1,0,1,0,1,0,1,0,0,1,0
6245,1,1,1,0,0,0,0,1,0,0,0,1,1,1,0,0,1,0
6246,1,1,1,0,0,0,0,1,0,0,1,1,0,0,1,0,0,1
6247,1,1,1,0,0,0,0,1,0,1,1,1,0,0,0,0,0,1
6248,1,1,1,0,0,0,0,1,0,0,1,1,1,0,0,0,0,1
6249,1,1,1,0,0,0,0,1,0,0,1,1,0,0,0,0,1,1
6250,1,1,1,0,0,0,0,1,0,1,1,1,0,0,1,0,0,0
6251,1,1,1,0,0,0,0,1,0,0,1,1,1,0,1,0,0,0
6252,1,1,1,0,0,0,0,1,0,0,1,1,0,0,1,0,1,0
6253,1,1,1,0,0,0,0,1,0,1,1,1,1,0,0,0,0,0
6254,1,1,1,0,0,0,0,1,0,1,1,1,0,0,0,0,1,0
6255,1,1,1,0,0,0,0,1,0,0,1,1,1,0,0,0,1,0
6256,1,1,1,0,0,0,0,1,0,1,0,1,0,0,1,0,0,1
6257,1,1,1,0,0,0,0,1,0,0,0,1,1,0,1,0,0,1
6258,1,1,1,0,0,0,0,1,0,0,0,1,0,0,1,0,1,1
6259,1,1,1,0,0,0,0,1,0,1,0,1,1,0,0,0,0,1
6260,1,1,1,0,0,0,0,1,0,1,0,1,0,0,0,0,1,1
6261,1,1,1,0,0,0,0,1,0,0,0,1,1,0,0,0,1,1
6262,1,1,1,0,0,0,0,1,0,1,0,1,1,0,1,0,0,0
6263,1,1,1,0,0,0,0,1,0,1,0,1,0,0,1,0,1,0
6264,1,1,1,0,0,0,0,1,0,0,0,1,1,0,1,0,1,0
6265,1,1,1,0,0,0,0,1,0,1,0,1,1,0,0,0,1,0
6266,1,1,1,0,0,0,0,1,0,0,1,0,0,1,1,0,0,1
6267,1,1,1,0,0,0,0,1,0,1,1,0,0,1,0,0,0,1
6268,1,1,1,0,0,0,0,1,0,0,1,0,1,1,0,0,0,1
6269,1,1,1,0,0,0,0,1,0,0,1,0,0,1,0,0,1,1
6270,1,1,1,0,0,0,0,1,0,1,1,0,0,1,1,0,0,0
6271,1,1,1,0,0,0,0,1,0,0,1,0,1,1,1,0,0,0
6272,1,1,1,0,0,0,0,1,0,0,1,0,0,1,1,0,1,0
6273,1,1,1,0,0,0,0,1,0,1,1,0,1,1,0,0,0,0
6274,1,1,1,0,0,0,0,1,0,1,1,0,0,1,0,0,1,0
6275,1,1,1,0,0,0,0,1,0,0,1,0,1,1,0,0,1,0
6276,1,1,1,0,0,0,0,1,0,1,0,0,0,1,1,0,0,1
6277,1,1,1,0,0,0,0,1,0,0,0,0,1,1,1,0,0,1
6278,1,1,1,0,0,0,0,1,0,0,0,0,0,1,1,0,1,1
6279,1,1,1,0,0,0,0,1,0,1,0,0,1,1,0,0,0,1
6280,1,1,1,0,0,0,0,1,0,1,0,0,0,1,0,0,1,1
6281,1,1,1,0,0,0,0,1,0,0,0,0,1,1,0,0,1,1
6282,1,1,1,0,0,0,0,1,0,1,0,0,1,1,1,0,0,0
6283,1,1,1,0,0,0,0,1,0,1,0,0,0,1,1,0,1,0
6284,1,1,1,0,0,0,0,1,0,0,0,0,1,1,1,0,1,0
6285,1,1,1,0,0,0,0,1,0,1,0,0,1,1,0,0,1,0
6286,1,1,1,0,0,0,0,1,0,1,1,0,0,0,1,0,0,1
6287,1,1,1,0,0,0,0,1,0,0,1,0,1,0,1,0,0,1
6288,1,1,1,0,0,0,0,1,0,0,1,0,0,0,1,0,1,1
6289,1,1,1,0,0,0,0,1,0,1,1,0,1,0,0,0,0,1
6290,1,1,1,0,0,0,0,1,0,1,1,0,0,0,0,0,1,1
6291,1,1,1,0,0,0,0,1,0,0,1,0,1,0,0,0,1,1
6292,1,1,1,0,0,0,0,1,0,1,1,0,1,0,1,0,0,0
6293,1,1,1,0,0,0,0,1,0,1,1,0,0,0,1,0,1,0
6294,1,1,1,0,0,0,0,1,0,0,1,0,1,0,1,0,1,0
6295,1,1,1,0,0,0,0,1,0,1,1,0,1,0,0,0,1,0
6296,1,1,1,0,0,0,0,1,0,1,0,0,1,0,1,0,0,1
6297,1,1,1,0,0,0,0,1,0,1,0,0,0,0,1,0,1,1
6298,1,1,1,0,0,0,0,1,0,0,0,0,1,0,1,0,1,1
6299,1,1,1,0,0,0,0,1,0,1,0,0,1,0,0,0,1,1
6300,1,1,1,0,0,0,0,1,0,1,0,0,1,0,1,0,1,0
6301,1,1,0,1,0,0,1,1,0,0,1,1,0,1,0,0,0,0
6302,1,1,0,1,0,0,1,1,0,0,0,1,0,1,0,0,0,1
6303,1,1,0,1,0,0,1,1,0,0,0,1,0,1,1,0,0,0
6304,1,1,0,1,0,0,1,1,0,1,0,1,0,1,0,0,0,0
6305,1,1,0,1,0,0,1,1,0,0,0,1,1,1,0,0,0,0
6306,1,1,0,1,0,0,1,1,0,0,0,1,0,1,0,0,1,0
6307,1,1,0,1,0,0,1,1,0,0,1,1,0,0,0,0,0,1
6308,1,1,0,1,0,0,1,1,0,0,1,1,0,0,1,0,0,0
6309,1,1,0,1,0,0,1,1,0,1,1,1,0,0,0,0,0,0
6310,1,1,0,1,0,0,1,1,0,0,1,1,1,0,0,0,0,0
6311,1,1,0,1,0,0,1,1,0,0,1,1,0,0,0,0,1,0
6312,1,1,0,1,0,0,1,1,0,0,0,1,0,0,1,0,0,1
6313,1,1,0,1,0,0,1,1,0,1,0,1,0,0,0,0,0,1
6314,1,1,0,1,0,0,1,1,0,0,0,1,1,0,0,0,0,1
6315,1,1,0,1,0,0,1,1,0,0,0,1,0,0,0,0,1,1
6316,1,1,0,1,0,0,1,1,0,1,0,1,0,0,1,0,0,0
6317,1,1,0,1,0,0,1,1,0,0,0,1,1,0,1,0,0,0
6318,1,1,0,1,0,0,1,1,0,0,0,1,0,0,1,0,1,0
6319,1,1,0,1,0,0,1,1,0,1,0,1,1,0,0,0,0,0
6320,1,1,0,1,0,0,1,1,0,1,0,1,0,0,0,0,1,0
6321,1,1,0,1,0,0,1,1,0,0,0,1,1,0,0,0,1,0
6322,1,1,0,1,0,0,1,1,0,0,1,0,0,1,0,0,0,1
6323,1,1,0,1,0,0,1,1,0,0,1,0,0,1,1,0,0,0
6324,1,1,0,1,0,0,1,1,0,1,1,0,0,1,0,0,0,0
6325,1,1,0,1,0,0,1,1,0,0,1,0,1,1,0,0,0,0
6326,1,1,0,1,0,0,1,1,0,0,1,0,0,1,0,0,1,0
6327,1,1,0,1,0,0,1,1,0,0,0,0,0,1,1,0,0,1
6328,1,1,0,1,0,0,1,1,0,1,0,0,0,1,0,0,0,1
6329,1,1,0,1,0,0,1,1,0,0,0,0,1,1,0,0,0,1
6330,1,1,0,1,0,0,1,1,0,0,0,0,0,1,0,0,1,1
6331,1,1,0,1,0,0,1,1,0,1,0,0,0,1,1,0,0,0
6332,1,1,0,1,0,0,1,1,0,0,0,0,1,1,1,0,0,0
6333,1,1,0,1,0,0,1,1,0,0,0,0,0,1,1,0,1,0
6334,1,1,0,1,0,0,1,1,0,1,0,0,1,1,0,0,0,0
6335,1,1,0,1,0,0,1,1,0,1,0,0,0,1,0,0,1,0
6336,1,1,0,1,0,0,1,1,0,0,0,0,1,1,0,0,1,0
6337,1,1,0,1,0,0,1,1,0,0,1,0,0,0,1,0,0,1
6338,1,1,0,1,0,0,1,1,0,1,1,0,0,0,0,0,0,1
6339,1,1,0,1,0,0,1,1,0,0,1,0,1,0,0,0,0,1
6340,1,1,0,1,0,0,1,1,0,0,1,0,0,0,0,0,1,1
6341,1,1,0,1,0,0,1,1,0,1,1,0,0,0,1,0,0,0
6342,1,1,0,1,0,0,1,1,0,0,1,0,1,0,1,0,0,0
6343,1,1,0,1,0,0,1,1,0,0,1,0,0,0,1,0,1,0
6344,1,1,0,1,0,0,1,1,0,1,1,0,1,0,0,0,0,0
6345,1,1,0,1,0,0,1,1,0,1,1,0,0,0,0,0,1,0
6346,1,1,0,1,0,0,1,1,0,0,1,0,1,0,0,0,1,0
6347,1,1,0,1,0,0,1,1,0,1,0,0,0,0,1,0,0,1
6348,1,1,0,1,0,0,1,1,0,0,0,0,1,0,1,0,0,1
6349,1,1,0,1,0,0,1,1,0,0,0,0,0,0,1,0,1,1
6350,1,1,0,1,0,0,1,1,0,1,0,0,1,0,0,0,0,1
6351,1,1,0,1,0,0,1,1,0,1,0,0,0,0,0,0,1,1
6352,1,1,0,1,0,0,1,1,0,0,0,0,1,0,0,0,1,1
6353,1,1,0,1,0,0,1,1,0,1,0,0,1,0,1,0,0,0
6354,1,1,0,1,0,0,1,1,0,1,0,0,0,0,1,0,1,0
6355,1,1,0,1,0,0,1,1,0,0,0,0,1,0,1,0,1,0
6356,1,1,0,1,0,0,1,1,0,1,0,0,1,0,0,0,1,0
6357,1,1,0,1,0,0,0,1,0,0,1,1,0,1,0,0,0,1
6358,1,1,0,1,0,0,0,1,0,0,1,1,0,1,1,0,0,0
6359,1,1,0,1,0,0,0,1,0,1,1,1,0,1,0,0,0,0
6360,1,1,0,1,0,0,0,1,0,0,1,1,1,1,0,0,0,0
6361,1,1,0,1,0,0,0,1,0,0,1,1,0,1,0,0,1,0
6362,1,1,0,1,0,0,0,1,0,0,0,1,0,1,1,0,0,1
6363,1,1,0,1,0,0,0,1,0,1,0,1,0,1,0,0,0,1
6364,1,1,0,1,0,0,0,1,0,0,0,1,1,1,0,0,0,1
6365,1,1,0,1,0,0,0,1,0,0,0,1,0,1,0,0,1,1
6366,1,1,0,1,0,0,0,1,0,1,0,1,0,1,1,0,0,0
6367,1,1,0,1,0,0,0,1,0,0,0,1,1,1,1,0,0,0
6368,1,1,0,1,0,0,0,1,0,0,0,1,0,1,1,0,1,0
6369,1,1,0,1,0,0,0,1,0,1,0,1,1,1,0,0,0,0
6370,1,1,0,1,0,0,0,1,0,1,0,1,0,1,0,0,1,0
6371,1,1,0,1,0,0,0,1,0,0,0,1,1,1,0,0,1,0
6372,1,1,0,1,0,0,0,1,0,0,1,1,0,0,1,0,0,1
6373,1,1,0,1,0,0,0,1,0,1,1,1,0,0,0,0,0,1
6374,1,1,0,1,0,0,0,1,0,0,1,1,1,0,0,0,0,1
6375,1,1,0,1,0,0,0,1,0,0,1,1,0,0,0,0,1,1
6376,1,1,0,1,0,0,0,1,0,1,1,1,0,0,1,0,0,0
6377,1,1,0,1,0,0,0,1,0,0,1,1,1,0,1,0,0,0
6378,1,1,0,1,0,0,0,1,0,0,1,1,0,0,1,0,1,0
6379,1,1,0,1,0,0,0,1,0,1,1,1,1,0,0,0,0,0
6380,1,1,0,1,0,0,0,1,0,1,1,1,0,0,0,0,1,0
6381,1,1,0,1,0,0,0,1,0,0,1,1,1,0,0,0,1,0
6382,1,1,0,1,0,0,0,1,0,1,0,1,0,0,1,0,0,1
6383,1,1,0,1,0,0,0,1,0,0,0,1,1,0,1,0,0,1
6384,1,1,0,1,0,0,0,1,0,0,0,1,0,0,1,0,1,1
6385,1,1,0,1,0,0,0,1,0,1,0,1,1,0,0,0,0,1
6386,1,1,0,1,0,0,0,1,0,1,0,1,0,0,0,0,1,1
6387,1,1,0,1,0,0,0,1,0,0,0,1,1,0,0,0,1,1
6388,1,1,0,1,0,0,0,1,0,1,0,1,1,0,1,0,0,0
6389,1,1,0,1,0,0,0,1,0,1,0,1,0,0,1,0,1,0
6390,1,1,0,1,0,0,0,1,0,0,0,1,1,0,1,0,1,0
6391,1,1,0,1,0,0,0,1,0,1,0,1,1,0,0,0,1,0
6392,1,1,0,1,0,0,0,1,0,0,1,0,0,1,1,0,0,1
6393,1,1,0,1,0,0,0,1,0,1,1,0,0,1,0,0,0,1
6394,1,1,0,1,0,0,0,1,0,0,1,0,1,1,0,0,0,1
6395,1,1,0,1,0,0,0,1,0,0,1,0,0,1,0,0,1,1
6396,1,1,0,1,0,0,0,1,0,1,1,0,0,1,1,0,0,0
6397,1,1,0,1,0,0,0,1,0,0,1,0,1,1,1,0,0,0
6398,1,1,0,1,0,0,0,1,0,0,1,0,0,1,1,0,1,0
6399,1,1,0,1,0,0,0,1,0,1,1,0,1,1,0,0,0,0
6400,1,1,0,1,0,0,0,1,0,1,1,0,0,1,0,0,1,0
6401,1,1,0,1,0,0,0,1,0,0,1,0,1,1,0,0,1,0
6402,1,1,0,1,0,0,0,1,0,1,0,0,0,1,1,0,0,1
6403,1,1,0,1,0,0,0,1,0,0,0,0,1,1,1,0,0,1
6404,1,1,0,1,0,0,0,1,0,0,0,0,0,1,1,0,1,1
6405,1,1,0,1,0,0,0,1,0,1,0,0,1,1,0,0,0,1
6406,1,1,0,1,0,0,0,1,0,1,0,0,0,1,0,0,1,1
6407,1,1,0,1,0,0,0,1,0,0,0,0,1,1,0,0,1,1
6408,1,1,0,1,0,0,0,1,0,1,0,0,1,1,1,0,0,0
6409,1,1,0,1,0,0,0,1,0,1,0,0,0,1,1,0,1,0
6410,1,1,0,1,0,0,0,1,0,0,0,0,1,1,1,0,1,0
6411,1,1,0,1,0,0,0,1,0,1,0,0,1,1,0,0,1,0
6412,1,1,0,1,0,0,0,1,0,1,1,0,0,0,1,0,0,1
6413,1,1,0,1,0,0,0,1,0,0,1,0,1,0,1,0,0,1
6414,1,1,0,1,0,0,0,1,0,0,1,0,0,0,1,0,1,1
6415,1,1,0,1,0,0,0,1,0,1,1,0,1,0,0,0,0,1
6416,1,1,0,1,0,0,0,1,0,1,1,0,0,0,0,0,1,1
6417,1,1,0,1,0,0,0,1,0,0,1,0,1,0,0,0,1,1
6418,1,1,0,1,0,0,0,1,0,1,1,0,1,0,1,0,0,0
6419,1,1,0,1,0,0,0,1,0,1,1,0,0,0,1,0,1,0
6420,1,1,0,1,0,0,0,1,0,0,1,0,1,0,1,0,1,0
6421,1,1,0,1,0,0,0,1,0,1,1,0,1,0,0,0,1,0
6422,1,1,0,1,0,0,0,1,0,1,0,0,1,0,1,0,0,1
6423,1,1,0,1,0,0,0,1,0,1,0,0,0,0,1,0,1,1
6424,1,1,0,1,0,0,0,1,0,0,0,0,1,0,1,0,1,1
6425,1,1,0,1,0,0,0,1,0,1,0,0,1,0,0,0,1,1
6426,1,1,0,1,0,0,0,1,0,1,0,0,1,0,1,0,1,0
6427,0,1,1,1,0,0,1,1,0,0,1,1,0,1,0,0,0,0
6428,0,1,1,1,0,0,1,1,0,0,0,1,0,1,0,0,0,1
6429,0,1,1,1,0,0,1,1,0,0,0,1,0,1,1,0,0,0
6430,0,1,1,1,0,0,1,1,0,1,0,1,0,1,0,0,0,0
6431,0,1,1,1,0,0,1,1,0,0,0,1,1,1,0,0,0,0
6432,0,1,1,1,0,0,1,1,0,0,0,1,0,1,0,0,1,0
6433,0,1,1,1,0,0,1,1,0,0,1,1,0,0,0,0,0,1
6434,0,1,1,1,0,0,1,1,0,0,1,1,0,0,1,0,0,0
6435,0,1,1,1,0,0,1,1,0,1,1,1,0,0,0,0,0,0
6436,0,1,1,1,0,0,1,1,0,0,1,1,1,0,0,0,0,0
6437,0,1,1,1,0,0,1,1,0,0,1,1,0,0,0,0,1,0
6438,0,1,1,1,0,0,1,1,0,0,0,1,0,0,1,0,0,1
6439,0,1,1,1,0,0,1,1,0,1,0,1,0,0,0,0,0,1
6440,0,1,1,1,0,0,1,1,0,0,0,1,1,0,0,0,0,1
6441,0,1,1,1,0,0,1,1,0,0,0,1,0,0,0,0,1,1
6442,0,1,1,1,0,0,1,1,0,1,0,1,0,0,1,0,0,0
6443,0,1,1,1,0,0,1,1,0,0,0,1,1,0,1,0,0,0
6444,0,1,1,1,0,0,1,1,0,0,0,1,0,0,1,0,1,0
6445,0,1,1,1,0,0,1,1,0,1,0,1,1,0,0,0,0,0
6446,0,1,1,1,0,0,1,1,0,1,0,1,0,0,0,0,1,0
6447,0,1,1,1,0,0,1,1,0,0,0,1,1,0,0,0,1,0
6448,0,1,1,1,0,0,1,1,0,0,1,0,0,1,0,0,0,1
6449,0,1,1,1,0,0,1,1,0,0,1,0,0,1,1,0,0,0
6450,0,1,1,1,0,0,1,1,0,1,1,0,0,1,0,0,0,0
6451,0,1,1,1,0,0,1,1,0,0,1,0,1,1,0,0,0,0
6452,0,1,1,1,0,0,1,1,0,0,1,0,0,1,0,0,1,0
6453,0,1,1,1,0,0,1,1,0,0,0,0,0,1,1,0,0,1
6454,0,1,1,1,0,0,1,1,0,1,0,0,0,1,0,0,0,1
6455,0,1,1,1,0,0,1,1,0,0,0,0,1,1,0,0,0,1
6456,0,1,1,1,0,0,1,1,0,0,0,0,0,1,0,0,1,1
6457,0,1,1,1,0,0,1,1,0,1,0,0,0,1,1,0,0,0
6458,0,1,1,1,0,0,1,1,0,0,0,0,1,1,1,0,0,0
6459,0,1,1,1,0,0,1,1,0,0,0,0,0,1,1,0,1,0
6460,0,1,1,1,0,0,1,1,0,1,0,0,1,1,0,0,0,0
6461,0,1,1,1,0,0,1,1,0,1,0,0,0,1,0,0,1,0
6462,0,1,1,1,0,0,1,1,0,0,0,0,1,1,0,0,1,0
6463,0,1,1,1,0,0,1,1,0,0,1,0,0,0,1,0,0,1
6464,0,1,1,1,0,0,1,1,0,1,1,0,0,0,0,0,0,1
6465,0,1,1,1,0,0,1,1,0,0,1,0,1,0,0,0,0,1
6466,0,1,1,1,0,0,1,1,0,0,1,0,0,0,0,0,1,1
6467,0,1,1,1,0,0,1,1,0,1,1,0,0,0,1,0,0,0
6468,0,1,1,1,0,0,1,1,0,0,1,0,1,0,1,0,0,0
6469,0,1,1,1,0,0,1,1,0,0,1,0,0,0,1,0,1,0
6470,0,1,1,1,0,0,1,1,0,1,1,0,1,0,0,0,0,0
6471,0,1,1,1,0,0,1,1,0,1,1,0,0,0,0,0,1,0
6472,0,1,1,1,0,0,1,1,0,0,1,0,1,0,0,0,1,0
6473,0,1,1,1,0,0,1,1,0,1,0,0,0,0,1,0,0,1
6474,0,1,1,1,0,0,1,1,0,0,0,0,1,0,1,0,0,1
6475,0,1,1,1,0,0,1,1,0,0,0,0,0,0,1,0,1,1
6476,0,1,1,1,0,0,1,1,0,1,0,0,1,0,0,0,0,1
6477,0,1,1,1,0,0,1,1,0,1,0,0,0,0,0,0,1,1
6478,0,1,1,1,0,0,1,1,0,0,0,0,1,0,0,0,1,1
6479,0,1,1,1,0,0,1,1,0,1,0,0,1,0,1,0,0,0
6480,0,1,1,1,0,0,1,1,0,1,0,0,0,0,1,0,1,0
6481,0,1,1,1,0,0,1,1,0,0,0,0,1,0,1,0,1,0
6482,0,1,1,1,0,0,1,1,0,1,0,0,1,0,0,0,1,0
6483,0,1,1,1,0,0,0,1,0,0,1,1,0,1,0,0,0,1
6484,0,1,1,1,0,0,0,1,0,0,1,1,0,1,1,0,0,0
6485,0,1,1,1,0,0,0,1,0,1,1,1,0,1,0,0,0,0
6486,0,1,1,1,0,0,0,1,0,0,1,1,1,1,0,0,0,0
6487,0,1,1,1,0,0,0,1,0,0,1,1,0,1,0,0,1,0
6488,0,1,1,1,0,0,0,1,0,0,0,1,0,1,1,0,0,1
6489,0,1,1,1,0,0,0,1,0,1,0,1,0,1,0,0,0,1
6490,0,1,1,1,0,0,0,1,0,0,0,1,1,1,0,0,0,1
6491,0,1,1,1,0,0,0,1,0,0,0,1,0,1,0,0,1,1
6492,0,1,1,1,0,0,0,1,0,1,0,1,0,1,1,0,0,0
6493,0,1,1,1,0,0,0,1,0,0,0,1,1,1,1,0,0,0
6494,0,1,1,1,0,0,0,1,0,0,0,1,0,1,1,0,1,0
6495,0,1,1,1,0,0,0,1,0,1,0,1,1,1,0,0,0,0
6496,0,1,1,1,0,0,0,1,0,1,0,1,0,1,0,0,1,0
6497,0,1,1,1,0,0,0,1,0,0,0,1,1,1,0,0,1,0
6498,0,1,1,1,0,0,0,1,0,0,1,1,0,0,1,0,0,1
6499,0,1,1,1,0,0,0,1,0,1,1,1,0,0,0,0,0,1
6500,0,1,1,1,0,0,0,1,0,0,1,1,1,0,0,0,0,1
6501,0,1,1,1,0,0,0,1,0,0,1,1,0,0,0,0,1,1
6502,0,1,1,1,0,0,0,1,0,1,1,1,0,0,1,0,0,0
6503,0,1,1,1,0,0,0,1,0,0,1,1,1,0,1,0,0,0
6504,0,1,1,1,0,0,0,1,0,0,1,1,0,0,1,0,1,0
6505,0,1,1,1,0,0,0,1,0,1,1,1,1,0,0,0,0,0
6506,0,1,1,1,0,0,0,1,0,1,1,1,0,0,0,0,1,0
6507,0,1,1,1,0,0,0,1,0,0,1,1,1,0,0,0,1,0
6508,0,1,1,1,0,0,0,1,0,1,0,1,0,0,1,0,0,1
6509,0,1,1,1,0,0,0,1,0,0,0,1,1,0,1,0,0,1
6510,0,1,1,1,0,0,0,1,0,0,0,1,0,0,1,0,1,1
6511,0,1,1,1,0,0,0,1,0,1,0,1,1,0,0,0,0,1
6512,0,1,1,1,0,0,0,1,0,1,0,1,0,0,0,0,1,1
6513,0,1,1,1,0,0,0,1,0,0,0,1,1,0,0,0,1,1
6514,0,1,1,1,0,0,0,1,0,1,0,1,1,0,1,0,0,0
6515,0,1,1,1,0,0,0,1,0,1,0,1,0,0,1,0,1,0
6516,0,1,1,1,0,0,0,1,0,0,0,1,1,0,1,0,1,0
6517,0,1,1,1,0,0,0,1,0,1,0,1,1,0,0,0,1,0
6518,0,1,1,1,0,0,0,1,0,0,1,0,0,1,1,0,0,1
6519,0,1,1,1,0,0,0,1,0,1,1,0,0,1,0,0,0,1
6520,0,1,1,1,0,0,0,1,0,0,1,0,1,1,0,0,0,1
6521,0,1,1,1,0,0,0,1,0,0,1,0,0,1,0,0,1,1
6522,0,1,1,1,0,0,0,1,0,1,1,0,0,1,1,0,0,0
6523,0,1,1,1,0,0,0,1,0,0,1,0,1,1,1,0,0,0
6524,0,1,1,1,0,0,0,1,0,0,1,0,0,1,1,0,1,0
6525,0,1,1,1,0,0,0,1,0,1,1,0,1,1,0,0,0,0
6526,0,1,1,1,0,0,0,1,0,1,1,0,0,1,0,0,1,0
6527,0,1,1,1,0,0,0,1,0,0,1,0,1,1,0,0,1,0
6528,0,1,1,1,0,0,0,1,0,1,0,0,0,1,1,0,0,1
6529,0,1,1,1,0,0,0,1,0,0,0,0,1,1,1,0,0,1
6530,0,1,1,1,0,0,0,1,0,0,0,0,0,1,1,0,1,1
6531,0,1,1,1,0,0,0,1,0,1,0,0,1,1,0,0,0,1
6532,0,1,1,1,0,0,0,1,0,1,0,0,0,1,0,0,1,1
6533,0,1,1,1,0,0,0,1,0,0,0,0,1,1,0,0,1,1
6534,0,1,1,1,0,0,0,1,0,1,0,0,1,1,1,0,0,0
6535,0,1,1,1,0,0,0,1,0,1,0,0,0,1,1,0,1,0
6536,0,1,1,1,0,0,0,1,0,0,0,0,1,1,1,0,1,0
6537,0,1,1,1,0,0,0,1,0,1,0,0,1,1,0,0,1,0
6538,0,1,1,1,0,0,0,1,0,1,1,0,0,0,1,0,0,1
6539,0,1,1,1,0,0,0,1,0,0,1,0,1,0,1,0,0,1
6540,0,1,1,1,0,0,0,1,0,0,1,0,0,0,1,0,1,1
6541,0,1,1,1,0,0,0,1,0,1,1,0,1,0,0,0,0,1
6542,0,1,1,1,0,0,0,1,0,1,1,0,0,0,0,0,1,1
6543,0,1,1,1,0,0,0,1,0,0,1,0,1,0,0,0,1,1
6544,0,1,1,1,0,0,0,1,0,1,1,0,1,0,1,0,0,0
6545,0,1,1,1,0,0,0,1,0,1,1,0,0,0,1,0,1,0
6546,0,1,1,1,0,0,0,1,0,0,1,0,1,0,1,0,1,0
6547,0,1,1,1,0,0,0,1,0,1,1,0,1,0,0,0,1,0
6548,0,1,1,1,0,0,0,1,0,1,0,0,1,0,1,0,0,1
6549,0,1,1,1,0,0,0,1,0,1,0,0,0,0,1,0,1,1
6550,0,1,1,1,0,0,0,1,0,0,0,0,1,0,1,0,1,1
6551,0,1,1,1,0,0,0,1,0,1,0,0,1,0,0,0,1,1
6552,0,1,1,1,0,0,0,1,0,1,0,0,1,0,1,0,1,0
6553,1,0,1,0,0,1,1,1,0,0,1,1,0,1,0,0,0,0
6554,1,0,1,0,0,1,1,1,0,0,0,1,0,1,0,0,0,1
6555,1,0,1,0,0,1,1,1,0,0,0,1,0,1,1,0,0,0
6556,1,0,1,0,0,1,1,1,0,1,0,1,0,1,0,0,0,0
6557,1,0,1,0,0,1,1,1,0,0,0,1,1,1,0,0,0,0
6558,1,0,1,0,0,1,1,1,0,0,0,1,0,1,0,0,1,0
6559,1,0,1,0,0,1,1,1,0,0,1,1,0,0,0,0,0,1
6560,1,0,1,0,0,1,1,1,0,0,1,1,0,0,1,0,0,0
6561,1,0,1,0,0,1,1,1,0,1,1,1,0,0,0,0,0,0
6562,1,0,1,0,0,1,1,1,0,0,1,1,1,0,0,0,0,0
6563,1,0,1,0,0,1,1,1,0,0,1,1,0,0,0,0,1,0
6564,1,0,1,0,0,1,1,1,0,0,0,1,0,0,1,0,0,1
6565,1,0,1,0,0,1,1,1,0,1,0,1,0,0,0,0,0,1
6566,1,0,1,0,0,1,1,1,0,0,0,1,1,0,0,0,0,1
6567,1,0,1,0,0,1,1,1,0,0,0,1,0,0,0,0,1,1
6568,1,0,1,0,0,1,1,1,0,1,0,1,0,0,1,0,0,0
6569,1,0,1,0,0,1,1,1,0,0,0,1,1,0,1,0,0,0
6570,1,0,1,0,0,1,1,1,0,0,0,1,0,0,1,0,1,0
6571,1,0,1,0,0,1,1,1,0,1,0,1,1,0,0,0,0,0
6572,1,0,1,0,0,1,1,1,0,1,0,1,0,0,0,0,1,0
6573,1,0,1,0,0,1,1,1,0,0,0,1,1,0,0,0,1,0
6574,1,0,1,0,0,1,1,1,0,0,1,0,0,1,0,0,0,1
6575,1,0,1,0,0,1,1,1,0,0,1,0,0,1,1,0,0,0
6576,1,0,1,0,0,1,1,1,0,1,1,0,0,1,0,0,0,0
6577,1,0,1,0,0,1,1,1,0,0,1,0,1,1,0,0,0,0
6578,1,0,1,0,0,1,1,1,0,0,1,0,0,1,0,0,1,0
6579,1,0,1,0,0,1,1,1,0,0,0,0,0,1,1,0,0,1
6580,1,0,1,0,0,1,1,1,0,1,0,0,0,1,0,0,0,1
6581,1,0,1,0,0,1,1,1,0,0,0,0,1,1,0,0,0,1
6582,1,0,1,0,0,1,1,1,0,0,0,0,0,1,0,0,1,1
6583,1,0,1,0,0,1,1,1,0,1,0,0,0,1,1,0,0,0
6584,1,0,1,0,0,1,1,1,0,0,0,0,1,1,1,0,0,0
6585,1,0,1,0,0,1,1,1,0,0,0,0,0,1,1,0,1,0
6586,1,0,1,0,0,1,1,1,0,1,0,0,1,1,0,0,0,0
6587,1,0,1,0,0,1,1,1,0,1,0,0,0,1,0,0,1,0
6588,1,0,1,0,0,1,1,1,0,0,0,0,1,1,0,0,1,0
6589,1,0,1,0,0,1,1,1,0,0,1,0,0,0,1,0,0,1
6590,1,0,1,0,0,1,1,1,0,1,1,0,0,0,0,0,0,1
6591,1,0,1,0,0,1,1,1,0,0,1,0,1,0,0,0,0,1
6592,1,0,1,0,0,1,1,1,0,0,1,0,0,0,0,0,1,1
6593,1,0,1,0,0,1,1,1,0,1,1,0,0,0,1,0,0,0
6594,1,0,1,0,0,1,1,1,0,0,1,0,1,0,1,0,0,0
6595,1,0,1,0,0,1,1,1,0,0,1,0,0,0,1,0,1,0
6596,1,0,1,0,0,1,1,1,0,1,1,0,1,0,0,0,0,0
6597,1,0,1,0,0,1,1,1,0,1,1,0,0,0,0,0,1,0
6598,1,0,1,0,0,1,1,1,0,0,1,0,1,0,0,0,1,0
6599,1,0,1,0,0,1,1,1,0,1,0,0,0,0,1,0,0,1
6600,1,0,1,0,0,1,1,1,0,0,0,0,1,0,1,0,0,1
6601,1,0,1,0,0,1,1,1,0,0,0,0,0,0,1,0,1,1
6602,1,0,1,0,0,1,1,1,0,1,0,0,1,0,0,0,0,1
6603,1,0,1,0,0,1,1,1,0,1,0,0,0,0,0,0,1,1
6604,1,0,1,0,0,1,1,1,0,0,0,0,1,0,0,0,1,1
6605,1,0,1,0,0,1,1,1,0,1,0,0,1,0,1,0,0,0
6606,1,0,1,0,0,1,1,1,0,1,0,0,0,0,1,0,1,0
6607,1,0,1,0,0,1,1,1,0,0,0,0,1,0,1,0,1,0
6608,1,0,1,0,0,1,1,1,0,1,0,0,1,0,0,0,1,0
6609,1,0,1,0,0,1,0,1,0,0,1,1,0,1,0,0,0,1
6610,1,0,1,0,0,1,0,1,0,0,1,1,0,1,1,0,0,0
6611,1,0,1,0,0,1,0,1,0,1,1,1,0,1,0,0,0,0
6612,1,0,1,0,0,1,0,1,0,0,1,1,1,1,0,0,0,0
6613,1,0,1,0,0,1,0,1,0,0,1,1,0,1,0,0,1,0
6614,1,0,1,0,0,1,0,1,0,0,0,1,0,1,1,0,0,1
6615,1,0,1,0,0,1,0,1,0,1,0,1,0,1,0,0,0,1
6616,1,0,1,0,0,1,0,1,0,0,0,1,1,1,0,0,0,1
6617,1,0,1,0,0,1,0,1,0,0,0,1,0,1,0,0,1,1
6618,1,0,1,0,0,1,0,1,0,1,0,1,0,1,1,0,0,0
6619,1,0,1,0,0,1,0,1,0,0,0,1,1,1,1,0,0,0
6620,1,0,1,0,0,1,0,1,0,0,0,1,0,1,1,0,1,0
6621,1,0,1,0,0,1,0,1,0,1,0,1,1,1,0,0,0,0
6622,1,0,1,0,0,1,0,1,0,1,0,1,0,1,0,0,1,0
6623,1,0,1,0,0,1,0,1,0,0,0,1,1,1,0,0,1,0
6624,1,0,1,0,0,1,0,1,0,0,1,1,0,0,1,0,0,1
6625,1,0,1,0,0,1,0,1,0,1,1,1,0,0,0,0,0,1
6626,1,0,1,0,0,1,0,1,0,0,1,1,1,0,0,0,0,1
6627,1,0,1,0,0,1,0,1,0,0,1,1,0,0,0,0,1,1
6628,1,0,1,0,0,1,0,1,0,1,1,1,0,0,1,0,0,0
6629,1,0,1,0,0,1,0,1,0,0,1,1,1,0,1,0,0,0
6630,1,0,1,0,0,1,0,1,0,0,1,1,0,0,1,0,1,0
6631,1,0,1,0,0,1,0,1,0,1,1,1,1,0,0,0,0,0
6632,1,0,1,0,0,1,0,1,0,1,1,1,0,0,0,0,1,0
6633,1,0,1,0,0,1,0,1,0,0,1,1,1,0,0,0,1,0
6634,1,0,1,0,0,1,0,1,0,1,0,1,0,0,1,0,0,1
6635,1,0,1,0,0,1,0,1,0,0,0,1,1,0,1,0,0,1
6636,1,0,1,0,0,1,0,1,0,0,0,1,0,0,1,0,1,1
6637,1,0,1,0,0,1,0,1,0,1,0,1,1,0,0,0,0,1
6638,1,0,1,0,0,1,0,1,0,1,0,1,0,0,0,0,1,1
6639,1,0,1,0,0,1,0,1,0,0,0,1,1,0,0,0,1,1
6640,1,0,1,0,0,1,0,1,0,1,0,1,1,0,1,0,0,0
6641,1,0,1,0,0,1,0,1,0,1,0,1,0,0,1,0,1,0
6642,1,0,1,0,0,1,0,1,0,0,0,1,1,0,1,0,1,0
6643,1,0,1,0,0,1,0,1,0,1,0,1,1,0,0,0,1,0
6644,1,0,1,0,0,1,0,1,0,0,1,0,0,1,1,0,0,1
6645,1,0,1,0,0,1,0,1,0,1,1,0,0,1,0,0,0,1
6646,1,0,1,0,0,1,0,1,0,0,1,0,1,1,0,0,0,1
6647,1,0,1,0,0,1,0,1,0,0,1,0,0,1,0,0,1,1
6648,1,0,1,0,0,1,0,1,0,1,1,0,0,1,1,0,0,0
6649,1,0,1,0,0,1,0,1,0,0,1,0,1,1,1,0,0,0
6650,1,0,1,0,0,1,0,1,0,0,1,0,0,1,1,0,1,0
6651,1,0,1,0,0,1,0,1,0,1,1,0,1,1,0,0,0,0
6652,1,0,1,0,0,1,0,1,0,1,1,0,0,1,0,0,1,0
6653,1,0,1,0,0,1,0,1,0,0,1,0,1,1,0,0,1,0
6654,1,0,1,0,0,1,0,1,0,1,0,0,0,1,1,0,0,1
6655,1,0,1,0,0,1,0,1,0,0,0,0,1,1,1,0,0,1
6656,1,0,1,0,0,1,0,1,0,0,0,0,0,1,1,0,1,1
6657,1,0,1,0,0,1,0,1,0,1,0,0,1,1,0,0,0,1
6658,1,0,1,0,0,1,0,1,0,1,0,0,0,1,0,0,1,1
6659,1,0,1,0,0,1,0,1,0,0,0,0,1,1,0,0,1,1
6660,1,0,1,0,0,1,0,1,0,1,0,0,1,1,1,0,0,0
6661,1,0,1,0,0,1,0,1,0,1,0,0,0,1,1,0,1,0
6662,1,0,1,0,0,1,0,1,0,0,0,0,1,1,1,0,1,0
6663,1,0,1,0,0,1,0,1,0,1,0,0,1,1,0,0,1,0
6664,1,0,1,0,0,1,0,1,0,1,1,0,0,0,1,0,0,1
6665,1,0,1,0,0,1,0,1,0,0,1,0,1,0,1,0,0,1
6666,1,0,1,0,0,1,0,1,0,0,1,0,0,0,1,0,1,1
6667,1,0,1,0,0,1,0,1,0,1,1,0,1,0,0,0,0,1
6668,1,0,1,0,0,1,0,1,0,1,1,0,0,0,0,0,1,1
6669,1,0,1,0,0,1,0,1,0,0,1,0,1,0,0,0,1,1
6670,1,0,1,0,0,1,0,1,0,1,1,0,1,0,1,0,0,0
6671,1,0,1,0,0,1,0,1,0,1,1,0,0,0,1,0,1,0
6672,1,0,1,0,0,1,0,1,0,0,1,0,1,0,1,0,1,0
6673,1,0,1,0,0,1,0,1,0,1,1,0,1,0,0,0,1,0
6674,1,0,1,0,0,1,0,1,0,1,0,0,1,0,1,0,0,1
6675,1,0,1,0,0,1,0,1,0,1,0,0,0,0,1,0,1,1
6676,1,0,1,0,0,1,0,1,0,0,0,0,1,0,1,0,1,1
6677,1,0,1,0,0,1,0,1,0,1,0,0,1,0,0,0,1,1
6678,1,0,1,0,0,1,0,1,0,1,0,0,1,0,1,0,1,0
6679,1,0,0,1,0,1,1,1,0,0,1,1,0,1,0,0,0,0
6680,1,0,0,1,0,1,1,1,0,0,0,1,0,1,0,0,0,1
6681,1,0,0,1,0,1,1,1,0,0,0,1,0,1,1,0,0,0
6682,1,0,0,1,0,1,1,1,0,1,0,1,0,1,0,0,0,0
6683,1,0,0,1,0,1,1,1,0,0,0,1,1,1,0,0,0,0
6684,1,0,0,1,0,1,1,1,0,0,0,1,0,1,0,0,1,0
6685,1,0,0,1,0,1,1,1,0,0,1,1,0,0,0,0,0,1
6686,1,0,0,1,0,1,1,1,0,0,1,1,0,0,1,0,0,0
6687,1,0,0,1,0,1,1,1,0,1,1,1,0,0,0,0,0,0
6688,1,0,0,1,0,1,1,1,0,0,1,1,1,0,0,0,0,0
6689,1,0,0,1,0,1,1,1,0,0,1,1,0,0,0,0,1,0
6690,1,0,0,1,0,1,1,1,0,0,0,1,0,0,1,0,0,1
6691,1,0,0,1,0,1,1,1,0,1,0,1,0,0,0,0,0,1
6692,1,0,0,1,0,1,1,1,0,0,0,1,1,0,0,0,0,1
6693,1,0,0,1,0,1,1,1,0,0,0,1,0,0,0,0,1,1
6694,1,0,0,1,0,1,1,1,0,1,0,1,0,0,1,0,0,0
6695,1,0,0,1,0,1,1,1,0,0,0,1,1,0,1,0,0,0
6696,1,0,0,1,0,1,1,1,0,0,0,1,0,0,1,0,1,0
6697,1,0,0,1,0,1,1,1,0,1,0,1,1,0,0,0,0,0
6698,1,0,0,1,0,1,1,1,0,1,0,1,0,0,0,0,1,0
6699,1,0,0,1,0,1,1,1,0,0,0,1,1,0,0,0,1,0
6700,1,0,0,1,0,1,1,1,0,0,1,0,0,1,0,0,0,1
6701,1,0,0,1,0,1,1,1,0,0,1,0,0,1,1,0,0,0
6702,1,0,0,1,0,1,1,1,0,1,1,0,0,1,0,0,0,0
6703,1,0,0,1,0,1,1,1,0,0,1,0,1,1,0,0,0,0
6704,1,0,0,1,0,1,1,1,0,0,1,0,0,1,0,0,1,0
6705,1,0,0,1,0,1,1,1,0,0,0,0,0,1,1,0,0,1
6706,1,0,0,1,0,1,1,1,0,1,0,0,0,1,0,0,0,1
6707,1,0,0,1,0,1,1,1,0,0,0,0,1,1,0,0,0,1
6708,1,0,0,1,0,1,1,1,0,0,0,0,0,1,0,0,1,1
6709,1,0,0,1,0,1,1,1,0,1,0,0,0,1,1,0,0,0
6710,1,0,0,1,0,1,1,1,0,0,0,0,1,1,1,0,0,0
6711,1,0,0,1,0,1,1,1,0,0,0,0,0,1,1,0,1,0
6712,1,0,0,1,0,1,1,1,0,1,0,0,1,1,0,0,0,0
6713,1,0,0,1,0,1,1,1,0,1,0,0,0,1,0,0,1,0
6714,1,0,0,1,0,1,1,1,0,0,0,0,1,1,0,0,1,0
6715,1,0,0,1,0,1,1,1,0,0,1,0,0,0,1,0,0,1
6716,1,0,0,1,0,1,1,1,0,1,1,0,0,0,0,0,0,1
6717,1,0,0,1,0,1,1,1,0,0,1,0,1,0,0,0,0,1
6718,1,0,0,1,0,1,1,1,0,0,1,0,0,0,0,0,1,1
6719,1,0,0,1,0,1,1,1,0,1,1,0,0,0,1,0,0,0
6720,1,0,0,1,0,1,1,1,0,0,1,0,1,0,1,0,0,0
6721,1,0,0,1,0,1,1,1,0,0,1,0,0,0,1,0,1,0
6722,1,0,0,1,0,1,1,1,0,1,1,0,1,0,0,0,0,0
6723,1,0,0,1,0,1,1,1,0,1,1,0,0,0,0,0,1,0
6724,1,0,0,1,0,1,1,1,0,0,1,0,1,0,0,0,1,0
6725,1,0,0,1,0,1,1,1,0,1,0,0,0,0,1,0,0,1
6726,1,0,0,1,0,1,1,1,0,0,0,0,1,0,1,0,0,1
6727,1,0,0,1,0,1,1,1,0,0,0,0,0,0,1,0,1,1
6728,1,0,0,1,0,1,1,1,0,1,0,0,1,0,0,0,0,1
6729,1,0,0,1,0,1,1,1,0,1,0,0,0,0,0,0,1,1
6730,1,0,0,1,0,1,1,1,0,0,0,0,1,0,0,0,1,1
6731,1,0,0,1,0,1,1,1,0,1,0,0,1,0,1,0,0,0
6732,1,0,0,1,0,1,1,1,0,1,0,0,0,0,1,0,1,0
6733,1,0,0,1,0,1,1,1,0,0,0,0,1,0,1,0,1,0
6734,1,0,0,1,0,1,1,1,0,1,0,0,1,0,0,0,1,0
6735,1,0,0,1,0,1,0,1,0,0,1,1,0,1,0,0,0,1
6736,1,0,0,1,0,1,0,1,0,0,1,1,0,1,1,0,0,0
6737,1,0,0,1,0,1,0,1,0,1,1,1,0,1,0,0,0,0
6738,1,0,0,1,0,1,0,1,0,0,1,1,1,1,0,0,0,0
6739,1,0,0,1,0,1,0,1,0,0,1,1,0,1,0,0,1,0
6740,1,0,0,1,0,1,0,1,0,0,0,1,0,1,1,0,0,1
6741,1,0,0,1,0,1,0,1,0,1,0,1,0,1,0,0,0,1
6742,1,0,0,1,0,1,0,1,0,0,0,1,1,1,0,0,0,1
6743,1,0,0,1,0,1,0,1,0,0,0,1,0,1,0,0,1,1
6744,1,0,0,1,0,1,0,1,0,1,0,1,0,1,1,0,0,0
6745,1,0,0,1,0,1,0,1,0,0,0,1,1,1,1,0,0,0
6746,1,0,0,1,0,1,0,1,0,0,0,1,0,1,1,0,1,0
6747,1,0,0,1,0,1,0,1,0,1,0,1,1,1,0,0,0,0
6748,1,0,0,1,0,1,0,1,0,1,0,1,0,1,0,0,1,0
6749,1,0,0,1,0,1,0,1,0,0,0,1,1,1,0,0,1,0
6750,1,0,0,1,0,1,0,1,0,0,1,1,0,0,1,0,0,1
6751,1,0,0,1,0,1,0,1,0,1,1,1,0,0,0,0,0,1
6752,1,0,0,1,0,1,0,1,0,0,1,1,1,0,0,0,0,1
6753,1,0,0,1,0,1,0,1,0,0,1,1,0,0,0,0,1,1
6754,1,0,0,1,0,1,0,1,0,1,1,1,0,0,1,0,0,0
6755,1,0,0,1,0,1,0,1,0,0,1,1,1,0,1,0,0,0
6756,1,0,0,1,0,1,0,1,0,0,1,1,0,0,1,0,1,0
6757,1,0,0,1,0,1,0,1,0,1,1,1,1,0,0,0,0,0
6758,1,0,0,1,0,1,0,1,0,1,1,1,0,0,0,0,1,0
6759,1,0,0,1,0,1,0,1,0,0,1,1,1,0,0,0,1,0
6760,1,0,0,1,0,1,0,1,0,1,0,1,0,0,1,0,0,1
6761,1,0,0,1,0,1,0,1,0,0,0,1,1,0,1,0,0,1
6762,1,0,0,1,0,1,0,1,0,0,0,1,0,0,1,0,1,1
6763,1,0,0,1,0,1,0,1,0,1,0,1,1,0,0,0,0,1
6764,1,0,0,1,0,1,0,1,0,1,0,1,0,0,0,0,1,1
6765,1,0,0,1,0,1,0,1,0,0,0,1,1,0,0,0,1,1
6766,1,0,0,1,0,1,0,1,0,1,0,1,1,0,1,0,0,0
6767,1,0,0,1,0,1,0,1,0,1,0,1,0,0,1,0,1,0
6768,1,0,0,1,0,1,0,1,0,0,0,1,1,0,1,0,1,0
6769,1,0,0,1,0,1,0,1,0,1,0,1,1,0,0,0,1,0
6770,1,0,0,1,0,1,0,1,0,0,1,0,0,1,1,0,0,1
6771,1,0,0,1,0,1,0,1,0,1,1,0,0,1,0,0,0,1
6772,1,0,0,1,0,1,0,1,0,0,1,0,1,1,0,0,0,1
6773,1,0,0,1,0,1,0,1,0,0,1,0,0,1,0,0,1,1
6774,1,0,0,1,0,1,0,1,0,1,1,0,0,1,1,0,0,0
6775,1,0,0,1,0,1,0,1,0,0,1,0,1,1,1,0,0,0
6776,1,0,0,1,0,1,0,1,0,0,1,0,0,1,1,0,1,0
6777,1,0,0,1,0,1,0,1,0,1,1,0,1,1,0,0,0,0
6778,1,0,0,1,0,1,0,1,0,1,1,0,0,1,0,0,1,0
6779,1,0,0,1,0,1,0,1,0,0,1,0,1,1,0,0,1,0
6780,1,0,0,1,0,1,0,1,0,1,0,0,0,1,1,0,0,1
6781,1,0,0,1,0,1,0,1,0,0,0,0,1,1,1,0,0,1
6782,1,0,0,1,0,1,0,1,0,0,0,0,0,1,1,0,1,1
6783,1,0,0,1,0,1,0,1,0,1,0,0,1,1,0,0,0,1
6784,1,0,0,1,0,1,0,1,0,1,0,0,0,1,0,0,1,1
6785,1,0,0,1,0,1,0,1,0,0,0,0,1,1,0,0,1,1
6786,1,0,0,1,0,1,0,1,0,1,0,0,1,1,1,0,0,0
6787,1,0,0,1,0,1,0,1,0,1,0,0,0,1,1,0,1,0
6788,1,0,0,1,0,1,0,1,0,0,0,0,1,1,1,0,1,0
6789,1,0,0,1,0,1,0,1,0,1,0,0,1,1,0,0,1,0
6790,1,0,0,1,0,1,0,1,0,1,1,0,0,0,1,0,0,1
6791,1,0,0,1,0,1,0,1,0,0,1,0,1,0,1,0,0,1
6792,1,0,0,1,0,1,0,1,0,0,1,0,0,0,1,0,1,1
6793,1,0,0,1,0,1,0,1,0,1,1,0,1,0,0,0,0,1
6794,1,0,0,1,0,1,0,1,0,1,1,0,0,0,0,0,1,1
6795,1,0,0,1,0,1,0,1,0,0,1,0,1,0,0,0,1,1
6796,1,0,0,1,0,1,0,1,0,1,1,0,1,0,1,0,0,0
6797,1,0,0,1,0,1,0,1,0,1,1,0,0,0,1,0,1,0
6798,1,0,0,1,0,1,0,1,0,0,1,0,1,0,1,0,1,0
6799,1,0,0,1,0,1,0,1,0,1,1,0,1,0,0,0,1,0
6800,1,0,0,1,0,1,0,1,0,1,0,0,1,0,1,0,0,1
6801,1,0,0,1,0,1,0,1,0,1,0,0,0,0,1,0,1,1
6802,1,0,0,1,0,1,0,1,0,0,0,0,1,0,1,0,1,1
6803,1,0,0,1,0,1,0,1,0,1,0,0,1,0,0,0,1,1
6804,1,0,0,1,0,1,0,1,0,1,0,0,1,0,1,0,1,0
6805,0,0,1,1,0,1,1,1,0,0,1,1,0,1,0,0,0,0
6806,0,0,1,1,0,1,1,1,0,0,0,1,0,1,0,0,0,1
6807,0,0,1,1,0,1,1,1,0,0,0,1,0,1,1,0,0,0
6808,0,0,1,1,0,1,1,1,0,1,0,1,0,1,0,0,0,0
6809,0,0,1,1,0,1,1,1,0,0,0,1,1,1,0,0,0,0
6810,0,0,1,1,0,1,1,1,0,0,0,1,0,1,0,0,1,0
6811,0,0,1,1,0,1,1,1,0,0,1,1,0,0,0,0,0,1
6812,0,0,1,1,0,1,1,1,0,0,1,1,0,0,1,0,0,0
6813,0,0,1,1,0,1,1,1,0,1,1,1,0,0,0,0,0,0
6814,0,0,1,1,0,1,1,1,0,0,1,1,1,0,0,0,0,0
6815,0,0,1,1,0,1,1,1,0,0,1,1,0,0,0,0,1,0
6816,0,0,1,1,0,1,1,1,0,0,0,1,0,0,1,0,0,1
6817,0,0,1,1,0,1,1,1,0,1,0,1,0,0,0,0,0,1
6818,0,0,1,1,0,1,1,1,0,0,0,1,1,0,0,0,0,1
6819,0,0,1,1,0,1,1,1,0,0,0,1,0,0,0,0,1,1
6820,0,0,1,1,0,1,1,1,0,1,0,1,0,0,1,0,0,0
6821,0,0,1,1,0,1,1,1,0,0,0,1,1,0,1,0,0,0
6822,0,0,1,1,0,1,1,1,0,0,0,1,0,0,1,0,1,0
6823,0,0,1,1,0,1,1,1,0,1,0,1,1,0,0,0,0,0
6824,0,0,1,1,0,1,1,1,0,1,0,1,0,0,0,0,1,0
6825,0,0,1,1,0,1,1,1,0,0,0,1,1,0,0,0,1,0
6826,0,0,1,1,0,1,1,1,0,0,1,0,0,1,0,0,0,1
6827,0,0,1,1,0,1,1,1,0,0,1,0,0,1,1,0,0,0
6828,0,0,1,1,0,1,1,1,0,1,1,0,0,1,0,0,0,0
6829,0,0,1,1,0,1,1,1,0,0,1,0,1,1,0,0,0,0
6830,0,0,1,1,0,1,1,1,0,0,1,0,0,1,0,0,1,0
6831,0,0,1,1,0,1,1,1,0,0,0,0,0,1,1,0,0,1
6832,0,0,1,1,0,1,1,1,0,1,0,0,0,1,0,0,0,1
6833,0,0,1,1,0,1,1,1,0,0,0,0,1,1,0,0,0,1
6834,0,0,1,1,0,1,1,1,0,0,0,0,0,1,0,0,1,1
6835,0,0,1,1,0,1,1,1,0,1,0,0,0,1,1,0,0,0
6836,0,0,1,1,0,1,1,1,0,0,0,0,1,1,1,0,0,0
6837,0,0,1,1,0,1,1,1,0,0,0,0,0,1,1,0,1,0
6838,0,0,1,1,0,1,1,1,0,1,0,0,1,1,0,0,0,0
6839,0,0,1,1,0,1,1,1,0,1,0,0,0,1,0,0,1,0
6840,0,0,1,1,0,1,1,1,0,0,0,0,1,1,0,0,1,0
6841,0,0,1,1,0,1,1,1,0,0,1,0,0,0,1,0,0,1
6842,0,0,1,1,0,1,1,1,0,1,1,0,0,0,0,0,0,1
6843,0,0,1,1,0,1,1,1,0,0,1,0,1,0,0,0,0,1
6844,0,0,1,1,0,1,1,1,0,0,1,0,0,0,0,0,1,1
6845,0,0,1,1,0,1,1,1,0,1,1,0,0,0,1,0,0,0
6846,0,0,1,1,0,1,1,1,0,0,1,0,1,0,1,0,0,0
6847,0,0,1,1,0,1,1,1,0,0,1,0,0,0,1,0,1,0
6848,0,0,1,1,0,1,1,1,0,1,1,0,1,0,0,0,0,0
6849,0,0,1,1,0,1,1,1,0,1,1,0,0,0,0,0,1,0
6850,0,0,1,1,0,1,1,1,0,0,1,0,1,0,0,0,1,0
6851,0,0,1,1,0,1,1,1,0,1,0,0,0,0,1,0,0,1
6852,0,0,1,1,0,1,1,1,0,0,0,0,1,0,1,0,0,1
6853,0,0,1,1,0,1,1,1,0,0,0,0,0,0,1,0,1,1
6854,0,0,1,1,0,1,1,1,0,1,0,0,1,0,0,0,0,1
6855,0,0,1,1,0,1,1,1,0,1,0,0,0,0,0,0,1,1
6856,0,0,1,1,0,1,1,1,0,0,0,0,1,0,0,0,1,1
6857,0,0,1,1,0,1,1,1,0,1,0,0,1,0,1,0,0,0
6858,0,0,1,1,0,1,1,1,0,1,0,0,0,0,1,0,1,0
6859,0,0,1,1,0,1,1,1,0,0,0,0,1,0,1,0,1,0
6860,0,0,1,1,0,1,1,1,0,1,0,0,1,0,0,0,1,0
6861,0,0,1,1,0,1,0,1,0,0,1,1,0,1,0,0,0,1
6862,0,0,1,1,0,1,0,1,0,0,1,1,0,1,1,0,0,0
6863,0,0,1,1,0,1,0,1,0,1,1,1,0,1,0,0,0,0
6864,0,0,1,1,0,1,0,1,0,0,1,1,1,1,0,0,0,0
6865,0,0,1,1,0,1,0,1,0,0,1,1,0,1,0,0,1,0
6866,0,0,1,1,0,1,0,1,0,0,0,1,0,1,1,0,0,1
6867,0,0,1,1,0,1,0,1,0,1,0,1,0,1,0,0,0,1
6868,0,0,1,1,0,1,0,1,0,0,0,1,1,1,0,0,0,1
6869,0,0,1,1,0,1,0,1,0,0,0,1,0,1,0,0,1,1
6870,0,0,1,1,0,1,0,1,0,1,0,1,0,1,1,0,0,0
6871,0,0,1,1,0,1,0,1,0,0,0,1,1,1,1,0,0,0
6872,0,0,1,1,0,1,0,1,0,0,0,1,0,1,1,0,1,0
6873,0,0,1,1,0,1,0,1,0,1,0,1,1,1,0,0,0,0
6874,0,0,1,1,0,1,0,1,0,1,0,1,0,1,0,0,1,0
6875,0,0,1,1,0,1,0,1,0,0,0,1,1,1,0,0,1,0
6876,0,0,1,1,0,1,0,1,0,0,1,1,0,0,1,0,0,1
6877,0,0,1,1,0,1,0,1,0,1,1,1,0,0,0,0,0,1
6878,0,0,1,1,0,1,0,1,0,0,1,1,1,0,0,0,0,1
6879,0,0,1,1,0,1,0,1,0,0,1,1,0,0,0,0,1,1
6880,0,0,1,1,0,1,0,1,0,1,1,1,0,0,1,0,0,0
6881,0,0,1,1,0,1,0,1,0,0,1,1,1,0,1,0,0,0
6882,0,0,1,1,0,1,0,1,0,0,1,1,0,0,1,0,1,0
6883,0,0,1,1,0,1,0,1,0,1,1,1,1,0,0,0,0,0
6884,0,0,1,1,0,1,0,1,0,1,1,1,0,0,0,0,1,0
6885,0,0,1,1,0,1,0,1,0,0,1,1,1,0,0,0,1,0
6886,0,0,1,1,0,1,0,1,0,1,0,1,0,0,1,0,0,1
6887,0,0,1,1,0,1,0,1,0,0,0,1,1,0,1,0,0,1
6888,0,0,1,1,0,1,0,1,0,0,0,1,0,0,1,0,1,1
6889,0,0,1,1,0,1,0,1,0,1,0,1,1,0,0,0,0,1
6890,0,0,1,1,0,1,0,1,0,1,0,1,0,0,0,0,1,1
6891,0,0,1,1,0,1,0,1,0,0,0,1,1,0,0,0,1,1
6892,0,0,1,1,0,1,0,1,0,1,0,1,1,0,1,0,0,0
6893,0,0,1,1,0,1,0,1,0,1,0,1,0,0,1,0,1,0
6894,0,0,1,1,0,1,0,1,0,0,0,1,1,0,1,0,1,0
6895,0,0,1,1,0,1,0,1,0,1,0,1,1,0,0,0,1,0
6896,0,0,1,1,0,1,0,1,0,0,1,0,0,1,1,0,0,1
6897,0,0,1,1,0,1,0,1,0,1,1,0,0,1,0,0,0,1
6898,0,0,1,1,0,1,0,1,0,0,1,0,1,1,0,0,0,1
6899,0,0,1,1,0,1,0,1,0,0,1,0,0,1,0,0,1,1
6900,0,0,1,1,0,1,0,1,0,1,1,0,0,1,1,0,0,0
6901,0,0,1,1,0,1,0,1,0,0,1,0,1,1,1,0,0,0
6902,0,0,1,1,0,1,0,1,0,0,1,0,0,1,1,0,1,0
6903,0,0,1,1,0,1,0,1,0,1,1,0,1,1,0,0,0,0
6904,0,0,1,1,0,1,0,1,0,1,1,0,0,1,0,0,1,0
6905,0,0,1,1,0,1,0,1,0,0,1,0,1,1,0,0,1,0
6906,0,0,1,1,0,1,0,1,0,1,0,0,0,1,1,0,0,1
6907,0,0,1,1,0,1,0,1,0,0,0,0,1,1,1,0,0,1
6908,0,0,1,1,0,1,0,1,0,0,0,0,0,1,1,0,1,1
6909,0,0,1,1,0,1,0,1,0,1,0,0,1,1,0,0,0,1
6910,0,0,1,1,0,1,0,1,0,1,0,0,0,1,0,0,1,1
6911,0,0,1,1,0,1,0,1,0,0,0,0,1,1,0,0,1,1
6912,0,0,1,1,0,1,0,1,0,1,0,0,1,1,1,0,0,0
6913,0,0,1,1,0,1,0,1,0,1,0,0,0,1,1,0,1,0
6914,0,0,1,1,0,1,0,1,0,0,0,0,1,1,1,0,1,0
6915,0,0,1,1,0,1,0,1,0,1,0,0,1,1,0,0,1,0
6916,0,0,1,1,0,1,0,1,0,1,1,0,0,0,1,0,0,1
6917,0,0,1,1,0,1,0,1,0,0,1,0,1,0,1,0,0,1
6918,0,0,1,1,0,1,0,1,0,0,1,0,0,0,1,0,1,1
6919,0,0,1,1,0,1,0,1,0,1,1,0,1,0,0,0,0,1
6920,0,0,1,1,0,1,0,1,0,1,1,0,0,0,0,0,1,1
6921,0,0,1,1,0,1,0,1,0,0,1,0,1,0,0,0,1,1
6922,0,0,1,1,0,1,0,1,0,1,1,0,1,0,1,0,0,0
6923,0,0,1,1,0,1,0,1,0,1,1,0,0,0,1,0,1,0
6924,0,0,1,1,0,1,0,1,0,0,1,0,1,0,1,0,1,0
6925,0,0,1,1,0,1,0,1,0,1,1,0,1,0,0,0,1,0
6926,0,0,1,1,0,1,0,1,0,1,0,0,1,0,1,0,0,1
6927,0,0,1,1,0,1,0,1,0,1,0,0,0,0,1,0,1,1
6928,0,0,1,1,0,1,0,1,0,0,0,0,1,0,1,0,1,1
6929,0,0,1,1,0,1,0,1,0,1,0,0,1,0,0,0,1,1
6930,0,0,1,1,0,1,0,1,0,1,0,0,1,0,1,0,1,0
6931,1,0,1,1,0,0,1,1,0,0,1,1,0,1,0,0,0,0
6932,1,0,1,1,0,0,1,1,0,0,0,1,0,1,0,0,0,1
6933,1,0,1,1,0,0,1,1,0,0,0,1,0,1,1,0,0,0
6934,1,0,1,1,0,0,1,1,0,1,0,1,0,1,0,0,0,0
6935,1,0,1,1,0,0,1,1,0,0,0,1,1,1,0,0,0,0
6936,1,0,1,1,0,0,1,1,0,0,0,1,0,1,0,0,1,0
6937,1,0,1,1,0,0,1,1,0,0,1,1,0,0,0,0,0,1
6938,1,0,1,1,0,0,1,1,0,0,1,1,0,0,1,0,0,0
6939,1,0,1,1,0,0,1,1,0,1,1,1,0,0,0,0,0,0
6940,1,0,1,1,0,0,1,1,0,0,1,1,1,0,0,0,0,0
6941,1,0,1,1,0,0,1,1,0,0,1,1,0,0,0,0,1,0
6942,1,0,1,1,0,0,1,1,0,0,0,1,0,0,1,0,0,1
6943,1,0,1,1,0,0,1,1,0,1,0,1,0,0,0,0,0,1
6944,1,0,1,1,0,0,1,1,0,0,0,1,1,0,0,0,0,1
6945,1,0,1,1,0,0,1,1,0,0,0,1,0,0,0,0,1,1
6946,1,0,1,1,0,0,1,1,0,1,0,1,0,0,1,0,0,0
6947,1,0,1,1,0,0,1,1,0,0,0,1,1,0,1,0,0,0
6948,1,0,1,1,0,0,1,1,0,0,0,1,0,0,1,0,1,0
6949,1,0,1,1,0,0,1,1,0,1,0,1,1,0,0,0,0,0
6950,1,0,1,1,0,0,1,1,0,1,0,1,0,0,0,0,1,0
6951,1,0,1,1,0,0,1,1,0,0,0,1,1,0,0,0,1,0
6952,1,0,1,1,0,0,1,1,0,0,1,0,0,1,0,0,0,1
6953,1,0,1,1,0,0,1,1,0,0,1,0,0,1,1,0,0,0
6954,1,0,1,1,0,0,1,1,0,1,1,0,0,1,0,0,0,0
6955,1,0,1,1,0,0,1,1,0,0,1,0,1,1,0,0,0,0
6956,1,0,1,1,0,0,1,1,0,0,1,0,0,1,0,0,1,0
6957,1,0,1,1,0,0,1,1,0,0,0,0,0,1,1,0,0,1
6958,1,0,1,1,0,0,1,1,0,1,0,0,0,1,0,0,0,1
6959,1,0,1,1,0,0,1,1,0,0,0,0,1,1,0,0,0,1
6960,1,0,1,1,0,0,1,1,0,0,0,0,0,1,0,0,1,1
6961,1,0,1,1,0,0,1,1,0,1,0,0,0,1,1,0,0,0
6962,1,0,1,1,0,0,1,1,0,0,0,0,1,1,1,0,0,0
6963,1,0,1,1,0,0,1,1,0,0,0,0,0,1,1,0,1,0
6964,1,0,1,1,0,0,1,1,0,1,0,0,1,1,0,0,0,0
6965,1,0,1,1,0,0,1,1,0,1,0,0,0,1,0,0,1,0
6966,1,0,1,1,0,0,1,1,0,0,0,0,1,1,0,0,1,0
6967,1,0,1,1,0,0,1,1,0,0,1,0,0,0,1,0,0,1
6968,1,0,1,1,0,0,1,1,0,1,1,0,0,0,0,0,0,1
6969,1,0,1,1,0,0,1,1,0,0,1,0,1,0,0,0,0,1
6970,1,0,1,1,0,0,1,1,0,0,1,0,0,0,0,0,1,1
6971,1,0,1,1,0,0,1,1,0,1,1,0,0,0,1,0,0,0
6972,1,0,1,1,0,0,1,1,0,0,1,0,1,0,1,0,0,0
6973,1,0,1,1,0,0,1,1,0,0,1,0,0,0,1,0,1,0
6974,1,0,1,1,0,0,1,1,0,1,1,0,1,0,0,0,0,0
6975,1,0,1,1,0,0,1,1,0,1,1,0,0,0,0,0,1,0
6976,1,0,1,1,0,0,1,1,0,0,1,0,1,0,0,0,1,0
6977,1,0,1,1,0,0,1,1,0,1,0,0,0,0,1,0,0,1
6978,1,0,1,1,0,0,1,1,0,0,0,0,1,0,1,0,0,1
6979,1,0,1,1,0,0,1,1,0,0,0,0,0,0,1,0,1,1
6980,1,0,1,1,0,0,1,1,0,1,0,0,1,0,0,0,0,1
6981,1,0,1,1,0,0,1,1,0,1,0,0,0,0,0,0,1,1
6982,1,0,1,1,0,0,1,1,0,0,0,0,1,0,0,0,1,1
6983,1,0,1,1,0,0,1,1,0,1,0,0,1,0,1,0,0,0
6984,1,0,1,1,0,0,1,1,0,1,0,0,0,0,1,0,1,0
6985,1,0,1,1,0,0,1,1,0,0,0,0,1,0,1,0,1,0
6986,1,0,1,1,0,0,1,1,0,1,0,0,1,0,0,0,1,0
6987,1,0,1,1,0,0,0,1,0,0,1,1,0,1,0,0,0,1
6988,1,0,1,1,0,0,0,1,0,0,1,1,0,1,1,0,0,0
6989,1,0,1,1,0,0,0,1,0,1,1,1,0,1,0,0,0,0
6990,1,0,1,1,0,0,0,1,0,0,1,1,1,1,0,0,0,0
6991,1,0,1,1,0,0,0,1,0,0,1,1,0,1,0,0,1,0
6992,1,0,1,1,0,0,0,1,0,0,0,1,0,1,1,0,0,1
6993,1,0,1,1,0,0,0,1,0,1,0,1,0,1,0,0,0,1
6994,1,0,1,1,0,0,0,1,0,0,0,1,1,1,0,0,0,1
6995,1,0,1,1,0,0,0,1,0,0,0,1,0,1,0,0,1,1
6996,1,0,1,1,0,0,0,1,0,1,0,1,0,1,1,0,0,0
6997,1,0,1,1,0,0,0,1,0,0,0,1,1,1,1,0,0,0
6998,1,0,1,1,0,0,0,1,0,0,0,1,0,1,1,0,1,0
6999,1,0,1,1,0,0,0,1,0,1,0,1,1,1,0,0,0,0
7000,1,0,1,1,0,0,0,1,0,1,0,1,0,1,0,0,1,0
7001,1,0,1,1,0,0,0,1,0,0,0,1,1,1,0,0,1,0
7002,1,0,1,1,0,0,0,1,0,0,1,1,0,0,1,0,0,1
7003,1,0,1,1,0,0,0,1,0,1,1,1,0,0,0,0,0,1
7004,1,0,1,1,0,0,0,1,0,0,1,1,1,0,0,0,0,1
7005,1,0,1,1,0,0,0,1,0,0,1,1,0,0,0,0,1,1
7006,1,0,1,1,0,0,0,1,0,1,1,1,0,0,1,0,0,0
7007,1,0,1,1,0,0,0,1,0,0,1,1,1,0,1,0,0,0
7008,1,0,1,1,0,0,0,1,0,0,1,1,0,0,1,0,1,0
7009,1,0,1,1,0,0,0,1,0,1,1,1,1,0,0,0,0,0
7010,1,0,1,1,0,0,0,1,0,1,1,1,0,0,0,0,1,0
7011,1,0,1,1,0,0,0,1,0,0,1,1,1,0,0,0,1,0
7012,1,0,1,1,0,0,0,1,0,1,0,1,0,0,1,0,0,1
7013,1,0,1,1,0,0,0,1,0,0,0,1,1,0,1,0,0,1
7014,1,0,1,1,0,0,0,1,0,0,0,1,0,0,1,0,1,1
7015,1,0,1,1,0,0,0,1,0,1,0,1,1,0,0,0,0,1
7016,1,0,1,1,0,0,0,1,0,1,0,1,0,0,0,0,1,1
7017,1,0,1,1,0,0,0,1,0,0,0,1,1,0,0,0,1,1
7018,1,0,1,1,0,0,0,1,0,1,0,1,1,0,1,0,0,0
7019,1,0,1,1,0,0,0,1,0,1,0,1,0,0,1,0,1,0
7020,1,0,1,1,0,0,0,1,0,0,0,1,1,0,1,0,1,0
7021,1,0,1,1,0,0,0,1,0,1,0,1,1,0,0,0,1,0
7022,1,0,1,1,0,0,0,1,0,0,1,0,0,1,1,0,0,1
7023,1,0,1,1,0,0,0,1,0,1,1,0,0,1,0,0,0,1
7024,1,0,1,1,0,0,0,1,0,0,1,0,1,1,0,0,0,1
7025,1,0,1,1,0,0,0,1,0,0,1,0,0,1,0,0,1,1
7026,1,0,1,1,0,0,0,1,0,1,1,0,0,1,1,0,0,0
7027,1,0,1,1,0,0,0,1,0,0,1,0,1,1,1,0,0,0
7028,1,0,1,1,0,0,0,1,0,0,1,0,0,1,1,0,1,0
7029,1,0,1,1,0,0,0,1,0,1,1,0,1,1,0,0,0,0
7030,1,0,1,1,0,0,0,1,0,1,1,0,0,1,0,0,1,0
7031,1,0,1,1,0,0,0,1,0,0,1,0,1,1,0,0,1,0
7032,1,0,1,1,0,0,0,1,0,1,0,0,0,1,1,0,0,1
7033,1,0,1,1,0,0,0,1,0,0,0,0,1,1,1,0,0,1
7034,1,0,1,1,0,0,0,1,0,0,0,0,0,1,1,0,1,1
7035,1,0,1,1,0,0,0,1,0,1,0,0,1,1,0,0,0,1
7036,1,0,1,1,0,0,0,1,0,1,0,0,0,1,0,0,1,1
7037,1,0,1,1,0,0,0,1,0,0,0,0,1,1,0,0,1,1
7038,1,0,1,1,0,0,0,1,0,1,0,0,1,1,1,0,0,0
7039,1,0,1,1,0,0,0,1,0,1,0,0,0,1,1,0,1,0
7040,1,0,1,1,0,0,0,1,0,0,0,0,1,1,1,0,1,0
7041,1,0,1,1,0,0,0,1,0,1,0,0,1,1,0,0,1,0
7042,1,0,1,1,0,0,0,1,0,1,1,0,0,0,1,0,0,1
7043,1,0,1,1,0,0,0,1,0,0,1,0,1,0,1,0,0,1
7044,1,0,1,1,0,0,0,1,0,0,1,0,0,0,1,0,1,1
7045,1,0,1,1,0,0,0,1,0,1,1,0,1,0,0,0,0,1
7046,1,0,1,1,0,0,0,1,0,1,1,0,0,0,0,0,1,1
7047,1,0,1,1,0,0,0,1,0,0,1,0,1,0,0,0,1,1
7048,1,0,1,1,0,0,0,1,0,1,1,0,1,0,1,0,0,0
7049,1,0,1,1,0,0,0,1,0,1,1,0,0,0,1,0,1,0
7050,1,0,1,1,0,0,0,1,0,0,1,0,1,0,1,0,1,0
7051,1,0,1,1,0,0,0,1,0,1,1,0,1,0,0,0,1,0
7052,1,0,1,1,0,0,0,1,0,1,0,0,1,0,1,0,0,1
7053,1,0,1,1,0,0,0,1,0,1,0,0,0,0,1,0,1,1
7054,1,0,1,1,0,0,0,1,0,0,0,0,1,0,1,0,1,1
7055,1,0,1,1,0,0,0,1,0,1,0,0,1,0,0,0,1,1
7056,1,0,1,1,0,0,0,1,0,1,0,0,1,0,1,0,1,0
7057,0,1,0,0,1,0,1,0,1,0,1,1,0,1,0,1,0,0
7058,0,1,0,0,1,0,1,0,1,0,0,1,0,1,0,1,0,1
7059,0,1,0,0,1,0,1,0,1,0,0,1,0,1,1,1,0,0
7060,0,1,0,0,1,0,1,0,1,1,0,1,0,1,0,1,0,0
7061,0,1,0,0,1,0,1,0,1,0,0,1,1,1,0,1,0,0
7062,0,1,0,0,1,0,1,0,1,0,0,1,0,1,0,1,1,0
7063,0,1,0,0,1,0,1,0,1,0,1,1,0,0,0,1,0,1
7064,0,1,0,0,1,0,1,0,1,0,1,1,0,0,1,1,0,0
7065,0,1,0,0,1,0,1,0,1,1,1,1,0,0,0,1,0,0
7066,0,1,0,0,1,0,1,0,1,0,1,1,1,0,0,1,0,0
7067,0,1,0,0,1,0,1,0,1,0,1,1,0,0,0,1,1,0
7068,0,1,0,0,1,0,1,0,1,0,0,1,0,0,1,1,0,1
7069,0,1,0,0,1,0,1,0,1,1,0,1,0,0,0,1,0,1
7070,0,1,0,0,1,0,1,0,1,0,0,1,1,0,0,1,0,1
7071,0,1,0,0,1,0,1,0,1,0,0,1,0,0,0,1,1,1
7072,0,1,0,0,1,0,1,0,1,1,0,1,0,0,1,1,0,0
7073,0,1,0,0,1,0,1,0,1,0,0,1,1,0,1,1,0,0
7074,0,1,0,0,1,0,1,0,1,0,0,1,0,0,1,1,1,0
7075,0,1,0,0,1,0,1,0,1,1,0,1,1,0,0,1,0,0
7076,0,1,0,0,1,0,1,0,1,1,0,1,0,0,0,1,1,0
7077,0,1,0,0,1,0,1,0,1,0,0,1,1,0,0,1,1,0
7078,0,1,0,0,1,0,1,0,1,0,1,0,0,1,0,1,0,1
7079,0,1,0,0,1,0,1,0,1,0,1,0,0,1,1,1,0,0
7080,0,1,0,0,1,0,1,0,1,1,1,0,0,1,0,1,0,0
7081,0,1,0,0,1,0,1,0,1,0,1,0,1,1,0,1,0,0
7082,0,1,0,0,1,0,1,0,1,0,1,0,0,1,0,1,1,0
7083,0,1,0,0,1,0,1,0,1,0,0,0,0,1,1,1,0,1
7084,0,1,0,0,1,0,1,0,1,1,0,0,0,1,0,1,0,1
7085,0,1,0,0,1,0,1,0,1,0,0,0,1,1,0,1,0,1
7086,0,1,0,0,1,0,1,0,1,0,0,0,0,1,0,1,1,1
7087,0,1,0,0,1,0,1,0,1,1,0,0,0,1,1,1,0,0
7088,0,1,0,0,1,0,1,0,1,0,0,0,1,1,1,1,0,0
7089,0,1,0,0,1,0,1,0,1,0,0,0,0,1,1,1,1,0
7090,0,1,0,0,1,0,1,0,1,1,0,0,1,1,0,1,0,0
7091,0,1,0,0,1,0,1,0,1,1,0,0,0,1,0,1,1,0
7092,0,1,0,0,1,0,1,0,1,0,0,0,1,1,0,1,1,0
7093,0,1,0,0,1,0,1,0,1,0,1,0,0,0,1,1,0,1
7094,0,1,0,0,1,0,1,0,1,1,1,0,0,0,0,1,0,1
7095,0,1,0,0,1,0,1,0,1,0,1,0,1,0,0,1,0,1
7096,0,1,0,0,1,0,1,0,1,0,1,0,0,0,0,1,1,1
7097,0,1,0,0,1,0,1,0,1,1,1,0,0,0,1,1,0,0
7098,0,1,0,0,1,0,1,0,1,0,1,0,1,0,1,1,0,0
7099,0,1,0,0,1,0,1,0,1,0,1,0,0,0,1,1,1,0
7100,0,1,0,0,1,0,1,0,1,1,1,0,1,0,0,1,0,0
7101,0,1,0,0,1,0,1,0,1,1,1,0,0,0,0,1,1,0
7102,0,1,0,0,1,0,1,0,1,0,1,0,1,0,0,1,1,0
7103,0,1,0,0,1,0,1,0,1,1,0,0,0,0,1,1,0,1
7104,0,1,0,0,1,0,1,0,1,0,0,0,1,0,1,1,0,1
7105,0,1,0,0,1,0,1,0,1,0,0,0,0,0,1,1,1,1
7106,0,1,0,0,1,0,1,0,1,1,0,0,1,0,0,1,0,1
7107,0,1,0,0,1,0,1,0,1,1,0,0,0,0,0,1,1,1
7108,0,1,0,0,1,0,1,0,1,0,0,0,1,0,0,1,1,1
7109,0,1,0,0,1,0,1,0,1,1,0,0,1,0,1,1,0,0
7110,0,1,0,0,1,0,1,0,1,1,0,0,0,0,1,1,1,0
7111,0,1,0,0,1,0,1,0,1,0,0,0,1,0,1,1,1,0
7112,0,1,0,0,1,0,1,0,1,1,0,0,1,0,0,1,1,0
7113,0,1,0,0,1,0,0,0,1,0,1,1,0,1,0,1,0,1
7114,0,1,0,0,1,0,0,0,1,0,1,1,0,1,1,1,0,0
7115,0,1,0,0,1,0,0,0,1,1,1,1,0,1,0,1,0,0
7116,0,1,0,0,1,0,0,0,1,0,1,1,1,1,0,1,0,0
7117,0,1,0,0,1,0,0,0,1,0,1,1,0,1,0,1,1,0
7118,0,1,0,0,1,0,0,0,1,0,0,1,0,1,1,1,0,1
7119,0,1,0,0,1,0,0,0,1,1,0,1,0,1,0,1,0,1
7120,0,1,0,0,1,0,0,0,1,0,0,1,1,1,0,1,0,1
7121,0,1,0,0,1,0,0,0,1,0,0,1,0,1,0,1,1,1
7122,0,1,0,0,1,0,0,0,1,1,0,1,0,1,1,1,0,0
7123,0,1,0,0,1,0,0,0,1,0,0,1,1,1,1,1,0,0
7124,0,1,0,0,1,0,0,0,1,0,0,1,0,1,1,1,1,0
7125,0,1,0,0,1,0,0,0,1,1,0,1,1,1,0,1,0,0
7126,0,1,0,0,1,0,0,0,1,1,0,1,0,1,0,1,1,0
7127,0,1,0,0,1,0,0,0,1,0,0,1,1,1,0,1,1,0
7128,0,1,0,0,1,0,0,0,1,0,1,1,0,0,1,1,0,1
7129,0,1,0,0,1,0,0,0,1,1,1,1,0,0,0,1,0,1
7130,0,1,0,0,1,0,0,0,1,0,1,1,1,0,0,1,0,1
7131,0,1,0,0,1,0,0,0,1,0,1,1,0,0,0,1,1,1
7132,0,1,0,0,1,0,0,0,1,1,1,1,0,0,1,1,0,0
7133,0,1,0,0,1,0,0,0,1,0,1,1,1,0,1,1,0,0
7134,0,1,0,0,1,0,0,0,1,0,1,1,0,0,1,1,1,0
7135,0,1,0,0,1,0,0,0,1,1,1,1,1,0,0,1,0,0
7136,0,1,0,0,1,0,0,0,1,1,1,1,0,0,0,1,1,0
7137,0,1,0,0,1,0,0,0,1,0,1,1,1,0,0,1,1,0
7138,0,1,0,0,1,0,0,0,1,1,0,1,0,0,1,1,0,1
7139,0,1,0,0,1,0,0,0,1,0,0,1,1,0,1,1,0,1
7140,0,1,0,0,1,0,0,0,1,0,0,1,0,0,1,1,1,1
7141,0,1,0,0,1,0,0,0,1,1,0,1,1,0,0,1,0,1
7142,0,1,0,0,1,0,0,0,1,1,0,1,0,0,0,1,1,1
7143,0,1,0,0,1,0,0,0,1,0,0,1,1,0,0,1,1,1
7144,0,1,0,0,1,0,0,0,1,1,0,1,1,0,1,1,0,0
7145,0,1,0,0,1,0,0,0,1,1,0,1,0,0,1,1,1,0
7146,0,1,0,0,1,0,0,0,1,0,0,1,1,0,1,1,1,0
7147,0,1,0,0,1,0,0,0,1,1,0,1,1,0,0,1,1,0
7148,0,1,0,0,1,0,0,0,1,0,1,0,0,1,1,1,0,1
7149,0,1,0,0,1,0,0,0,1,1,1,0,0,1,0,1,0,1
7150,0,1,0,0,1,0,0,0,1,0,1,0,1,1,0,1,0,1
7151,0,1,0,0,1,0,0,0,1,0,1,0,0,1,0,1,1,1
7152,0,1,0,0,1,0,0,0,1,1,1,0,0,1,1,1,0,0
7153,0,1,0,0,1,0,0,0,1,0,1,0,1,1,1,1,0,0
7154,0,1,0,0,1,0,0,0,1,0,1,0,0,1,1,1,1,0
7155,0,1,0,0,1,0,0,0,1,1,1,0,1,1,0,1,0,0
7156,0,1,0,0,1,0,0,0,1,1,1,0,0,1,0,1,1,0
7157,0,1,0,0,1,0,0,0,1,0,1,0,1,1,0,1,1,0
7158,0,1,0,0,1,0,0,0,1,1,0,0,0,1,1,1,0,1
7159,0,1,0,0,1,0,0,0,1,0,0,0,1,1,1,1,0,1
7160,0,1,0,0,1,0,0,0,1,0,0,0,0,1,1,1,1,1
7161,0,1,0,0,1,0,0,0,1,1,0,0,1,1,0,1,0,1
7162,0,1,0,0,1,0,0,0,1,1,0,0,0,1,0,1,1,1
7163,0,1,0,0,1,0,0,0,1,0,0,0,1,1,0,1,1,1
7164,0,1,0,0,1,0,0,0,1,1,0,0,1,1,1,1,0,0
7165,0,1,0,0,1,0,0,0,1,1,0,0,0,1,1,1,1,0
7166,0,1,0,0,1,0,0,0,1,0,0,0,1,1,1,1,1,0
7167,0,1,0,0,1,0,0,0,1,1,0,0,1,1,0,1,1,0
7168,0,1,0,0,1,0,0,0,1,1,1,0,0,0,1,1,0,1
7169,0,1,0,0,1,0,0,0,1,0,1,0,1,0,1,1,0,1
7170,0,1,0,0,1,0,0,0,1,0,1,0,0,0,1,1,1,1
7171,0,1,0,0,1,0,0,0,1,1,1,0,1,0,0,1,0,1
7172,0,1,0,0,1,0,0,0,1,1,1,0,0,0,0,1,1,1
7173,0,1,0,0,1,0,0,0,1,0,1,0,1,0,0,1,1,1
7174,0,1,0,0,1,0,0,0,1,1,1,0,1,0,1,1,0,0
7175,0,1,0,0,1,0,0,0,1,1,1,0,0,0,1,1,1,0
7176,0,1,0,0,1,0,0,0,1,0,1,0,1,0,1,1,1,0
7177,0,1,0,0,1,0,0,0,1,1,1,0,1,0,0,1,1,0
7178,0,1,0,0,1,0,0,0,1,1,0,0,1,0,1,1,0,1
7179,0,1,0,0,1,0,0,0,1,1,0,0,0,0,1,1,1,1
7180,0,1,0,0,1,0,0,0,1,0,0,0,1,0,1,1,1,1
7181,0,1,0,0,1,0,0,0,1,1,0,0,1,0,0,1,1,1
7182,0,1,0,0,1,0,0,0,1,1,0,0,1,0,1,1,1,0
7183,0,0,0,0,1,1,1,0,1,0,1,1,0,1,0,1,0,0
7184,0,0,0,0,1,1,1,0,1,0,0,1,0,1,0,1,0,1
7185,0,0,0,0,1,1,1,0,1,0,0,1,0,1,1,1,0,0
7186,0,0,0,0,1,1,1,0,1,1,0,1,0,1,0,1,0,0
7187,0,0,0,0,1,1,1,0,1,0,0,1,1,1,0,1,0,0
7188,0,0,0,0,1,1,1,0,1,0,0,1,0,1,0,1,1,0
7189,0,0,0,0,1,1,1,0,1,0,1,1,0,0,0,1,0,1
7190,0,0,0,0,1,1,1,0,1,0,1,1,0,0,1,1,0,0
7191,0,0,0,0,1,1,1,0,1,1,1,1,0,0,0,1,0,0
7192,0,0,0,0,1,1,1,0,1,0,1,1,1,0,0,1,0,0
7193,0,0,0,0,1,1,1,0,1,0,1,1,0,0,0,1,1,0
7194,0,0,0,0,1,1,1,0,1,0,0,1,0,0,1,1,0,1
7195,0,0,0,0,1,1,1,0,1,1,0,1,0,0,0,1,0,1
7196,0,0,0,0,1,1,1,0,1,0,0,1,1,0,0,1,0,1
7197,0,0,0,0,1,1,1,0,1,0,0,1,0,0,0,1,1,1
7198,0,0,0,0,1,1,1,0,1,1,0,1,0,0,1,1,0,0
7199,0,0,0,0,1,1,1,0,1,0,0,1,1,0,1,1,0,0
7200,0,0,0,0,1,1,1,0,1,0,0,1,0,0,1,1,1,0
7201,0,0,0,0,1,1,1,0,1,1,0,1,1,0,0,1,0,0
7202,0,0,0,0,1,1,1,0,1,1,0,1,0,0,0,1,1,0
7203,0,0,0,0,1,1,1,0,1,0,0,1,1,0,0,1,1,0
7204,0,0,0,0,1,1,1,0,1,0,1,0,0,1,0,1,0,1
7205,0,0,0,0,1,1,1,0,1,0,1,0,0,1,1,1,0,0
7206,0,0,0,0,1,1,1,0,1,1,1,0,0,1,0,1,0,0
7207,0,0,0,0,1,1,1,0,1,0,1,0,1,1,0,1,0,0
7208,0,0,0,0,1,1,1,0,1,0,1,0,0,1,0,1,1,0
7209,0,0,0,0,1,1,1,0,1,0,0,0,0,1,1,1,0,1
7210,0,0,0,0,1,1,1,0,1,1,0,0,0,1,0,1,0,1
7211,0,0,0,0,1,1,1,0,1,0,0,0,1,1,0,1,0,1
7212,0,0,0,0,1,1,1,0,1,0,0,0,0,1,0,1,1,1
7213,0,0,0,0,1,1,1,0,1,1,0,0,0,1,1,1,0,0
7214,0,0,0,0,1,1,1,0,1,0,0,0,1,1,1,1,0,0
7215,0,0,0,0,1,1,1,0,1,0,0,0,0,1,1,1,1,0
7216,0,0,0,0,1,1,1,0,1,1,0,0,1,1,0,1,0,0
7217,0,0,0,0,1,1,1,0,1,1,0,0,0,1,0,1,1,0
7218,0,0,0,0,1,1,1,0,1,0,0,0,1,1,0,1,1,0
7219,0,0,0,0,1,1,1,0,1,0,1,0,0,0,1,1,0,1
7220,0,0,0,0,1,1,1,0,1,1,1,0,0,0,0,1,0,1
7221,0,0,0,0,1,1,1,0,1,0,1,0,1,0,0,1,0,1
7222,0,0,0,0,1,1,1,0,1,0,1,0,0,0,0,1,1,1
7223,0,0,0,0,1,1,1,0,1,1,1,0,0,0,1,1,0,0
7224,0,0,0,0,1,1,1,0,1,0,1,0,1,0,1,1,0,0
7225,0,0,0,0,1,1,1,0,1,0,1,0,0,0,1,1,1,0
7226,0,0,0,0,1,1,1,0,1,1,1,0,1,0,0,1,0,0
7227,0,0,0,0,1,1,1,0,1,1,1,0,0,0,0,1,1,0
7228,0,0,0,0,1,1,1,0,1,0,1,0,1,0,0,1,1,0
7229,0,0,0,0,1,1,1,0,1,1,0,0,0,0,1,1,0,1
7230,0,0,0,0,1,1,1,0,1,0,0,0,1,0,1,1,0,1
7231,0,0,0,0,1,1,1,0,1,0,0,0,0,0,1,1,1,1
7232,0,0,0,0,1,1,1,0,1,1,0,0,1,0,0,1,0,1
7233,0,0,0,0,1,1,1,0,1,1,0,0,0,0,0,1,1,1
7234,0,0,0,0,1,1,1,0,1,0,0,0,1,0,0,1,1,1
7235,0,0,0,0,1,1,1,0,1,1,0,0,1,0,1,1,0,0
7236,0,0,0,0,1,1,1,0,1,1,0,0,0,0,1,1,1,0
7237,0,0,0,0,1,1,1,0,1,0,0,0,1,0,1,1,1,0
7238,0,0,0,0,1,1,1,0,1,1,0,0,1,0,0,1,1,0
7239,0,0,0,0,1,1,0,0,1,0,1,1,0,1,0,1,0,1
7240,0,0,0,0,1,1,0,0,1,0,1,1,0,1,1,1,0,0
7241,0,0,0,0,1,1,0,0,1,1,1,1,0,1,0,1,0,0
7242,0,0,0,0,1,1,0,0,1,0,1,1,1,1,0,1,0,0
7243,0,0,0,0,1,1,0,0,1,0,1,1,0,1,0,1,1,0
7244,0,0,0,0,1,1,0,0,1,0,0,1,0,1,1,1,0,1
7245,0,0,0,0,1,1,0,0,1,1,0,1,0,1,0,1,0,1
7246,0,0,0,0,1,1,0,0,1,0,0,1,1,1,0,1,0,1
7247,0,0,0,0,1,1,0,0,1,0,0,1,0,1,0,1,1,1
7248,0,0,0,0,1,1,0,0,1,1,0,1,0,1,1,1,0,0
7249,0,0,0,0,1,1,0,0,1,0,0,1,1,1,1,1,0,0
7250,0,0,0,0,1,1,0,0,1,0,0,1,0,1,1,1,1,0
7251,0,0,0,0,1,1,0,0,1,1,0,1,1,1,0,1,0,0
7252,0,0,0,0,1,1,0,0,1,1,0,1,0,1,0,1,1,0
7253,0,0,0,0,1,1,0,0,1,0,0,1,1,1,0,1,1,0
7254,0,0,0,0,1,1,0,0,1,0,1,1,0,0,1,1,0,1
7255,0,0,0,0,1,1,0,0,1,1,1,1,0,0,0,1,0,1
7256,0,0,0,0,1,1,0,0,1,0,1,1,1,0,0,1,0,1
7257,0,0,0,0,1,1,0,0,1,0,1,1,0,0,0,1,1,1
7258,0,0,0,0,1,1,0,0,1,1,1,1,0,0,1,1,0,0
7259,0,0,0,0,1,1,0,0,1,0,1,1,1,0,1,1,0,0
7260,0,0,0,0,1,1,0,0,1,0,1,1,0,0,1,1,1,0
7261,0,0,0,0,1,1,0,0,1,1,1,1,1,0,0,1,0,0
7262,0,0,0,0,1,1,0,0,1,1,1,1,0,0,0,1,1,0
7263,0,0,0,0,1,1,0,0,1,0,1,1,1,0,0,1,1,0
7264,0,0,0,0,1,1,0,0,1,1,0,1,0,0,1,1,0,1
7265,0,0,0,0,1,1,0,0,1,0,0,1,1,0,1,1,0,1
7266,0,0,0,0,1,1,0,0,1,0,0,1,0,0,1,1,1,1
7267,0,0,0,0,1,1,0,0,1,1,0,1,1,0,0,1,0,1
7268,0,0,0,0,1,1,0,0,1,1,0,1,0,0,0,1,1,1
7269,0,0,0,0,1,1,0,0,1,0,0,1,1,0,0,1,1,1
7270,0,0,0,0,1,1,0,0,1,1,0,1,1,0,1,1,0,0
7271,0,0,0,0,1,1,0,0,1,1,0,1,0,0,1,1,1,0
7272,0,0,0,0,1,1,0,0,1,0,0,1,1,0,1,1,1,0
7273,0,0,0,0,1,1,0,0,1,1,0,1,1,0,0,1,1,0
7274,0,0,0,0,1,1,0,0,1,0,1,0,0,1,1,1,0,1
7275,0,0,0,0,1,1,0,0,1,1,1,0,0,1,0,1,0,1
7276,0,0,0,0,1,1,0,0,1,0,1,0,1,1,0,1,0,1
7277,0,0,0,0,1,1,0,0,1,0,1,0,0,1,0,1,1,1
7278,0,0,0,0,1,1,0,0,1,1,1,0,0,1,1,1,0,0
7279,0,0,0,0,1,1,0,0,1,0,1,0,1,1,1,1,0,0
7280,0,0,0,0,1,1,0,0,1,0,1,0,0,1,1,1,1,0
7281,0,0,0,0,1,1,0,0,1,1,1,0,1,1,0,1,0,0
7282,0,0,0,0,1,1,0,0,1,1,1,0,0,1,0,1,1,0
7283,0,0,0,0,1,1,0,0,1,0,1,0,1,1,0,1,1,0
7284,0,0,0,0,1,1,0,0,1,1,0,0,0,1,1,1,0,1
7285,0,0,0,0,1,1,0,0,1,0,0,0,1,1,1,1,0,1
7286,0,0,0,0,1,1,0,0,1,0,0,0,0,1,1,1,1,1
7287,0,0,0,0,1,1,0,0,1,1,0,0,1,1,0,1,0,1
7288,0,0,0,0,1,1,0,0,1,1,0,0,0,1,0,1,1,1
7289,0,0,0,0,1,1,0,0,1,0,0,0,1,1,0,1,1,1
7290,0,0,0,0,1,1,0,0,1,1,0,0,1,1,1,1,0,0
7291,0,0,0,0,1,1,0,0,1,1,0,0,0,1,1,1,1,0
7292,0,0,0,0,1,1,0,0,1,0,0,0,1,1,1,1,1,0
7293,0,0,0,0,1,1,0,0,1,1,0,0,1,1,0,1,1,0
7294,0,0,0,0,1,1,0,0,1,1,1,0,0,0,1,1,0,1
7295,0,0,0,0,1,1,0,0,1,0,1,0,1,0,1,1,0,1
7296,0,0,0,0,1,1,0,0,1,0,1,0,0,0,1,1,1,1
7297,0,0,0,0,1,1,0,0,1,1,1,0,1,0,0,1,0,1
7298,0,0,0,0,1,1,0,0,1,1,1,0,0,0,0,1,1,1
7299,0,0,0,0,1,1,0,0,1,0,1,0,1,0,0,1,1,1
7300,0,0,0,0,1,1,0,0,1,1,1,0,1,0,1,1,0,0
7301,0,0,0,0,1,1,0,0,1,1,1,0,0,0,1,1,1,0
7302,0,0,0,0,1,1,0,0,1,0,1,0,1,0,1,1,1,0
7303,0,0,0,0,1,1,0,0,1,1,1,0,1,0,0,1,1,0
7304,0,0,0,0,1,1,0,0,1,1,0,0,1,0,1,1,0,1
7305,0,0,0,0,1,1,0,0,1,1,0,0,0,0,1,1,1,1
7306,0,0,0,0,1,1,0,0,1,0,0,0,1,0,1,1,1,1
7307,0,0,0,0,1,1,0,0,1,1,0,0,1,0,0,1,1,1
7308,0,0,0,0,1,1,0,0,1,1,0,0,1,0,1,1,1,0
7309,1,0,0,0,1,0,1,0,1,0,1,1,0,1,0,1,0,0
7310,1,0,0,0,1,0,1,0,1,0,0,1,0,1,0,1,0,1
7311,1,0,0,0,1,0,1,0,1,0,0,1,0,1,1,1,0,0
7312,1,0,0,0,1,0,1,0,1,1,0,1,0,1,0,1,0,0
7313,1,0,0,0,1,0,1,0,1,0,0,1,1,1,0,1,0,0
7314,1,0,0,0,1,0,1,0,1,0,0,1,0,1,0,1,1,0
7315,1,0,0,0,1,0,1,0,1,0,1,1,0,0,0,1,0,1
7316,1,0,0,0,1,0,1,0,1,0,1,1,0,0,1,1,0,0
7317,1,0,0,0,1,0,1,0,1,1,1,1,0,0,0,1,0,0
7318,1,0,0,0,1,0,1,0,1,0,1,1,1,0,0,1,0,0
7319,1,0,0,0,1,0,1,0,1,0,1,1,0,0,0,1,1,0
7320,1,0,0,0,1,0,1,0,1,0,0,1,0,0,1,1,0,1
7321,1,0,0,0,1,0,1,0,1,1,0,1,0,0,0,1,0,1
7322,1,0,0,0,1,0,1,0,1,0,0,1,1,0,0,1,0,1
7323,1,0,0,0,1,0,1,0,1,0,0,1,0,0,0,1,1,1
7324,1,0,0,0,1,0,1,0,1,1,0,1,0,0,1,1,0,0
7325,1,0,0,0,1,0,1,0,1,0,0,1,1,0,1,1,0,0
7326,1,0,0,0,1,0,1,0,1,0,0,1,0,0,1,1,1,0
7327,1,0,0,0,1,0,1,0,1,1,0,1,1,0,0,1,0,0
7328,1,0,0,0,1,0,1,0,1,1,0,1,0,0,0,1,1,0
7329,1,0,0,0,1,0,1,0,1,0,0,1,1,0,0,1,1,0
7330,1,0,0,0,1,0,1,0,1,0,1,0,0,1,0,1,0,1
7331,1,0,0,0,1,0,1,0,1,0,1,0,0,1,1,1,0,0
7332,1,0,0,0,1,0,1,0,1,1,1,0,0,1,0,1,0,0
7333,1,0,0,0,1,0,1,0,1,0,1,0,1,1,0,1,0,0
7334,1,0,0,0,1,0,1,0,1,0,1,0,0,1,0,1,1,0
7335,1,0,0,0,1,0,1,0,1,0,0,0,0,1,1,1,0,1
7336,1,0,0,0,1,0,1,0,1,1,0,0,0,1,0,1,0,1
7337,1,0,0,0,1,0,1,0,1,0,0,0,1,1,0,1,0,1
7338,1,0,0,0,1,0,1,0,1,0,0,0,0,1,0,1,1,1
7339,1,0,0,0,1,0,1,0,1,1,0,0,0,1,1,1,0,0
7340,1,0,0,0,1,0,1,0,1,0,0,0,1,1,1,1,0,0
7341,1,0,0,0,1,0,1,0,1,0,0,0,0,1,1,1,1,0
7342,1,0,0,0,1,0,1,0,1,1,0,0,1,1,0,1,0,0
7343,1,0,0,0,1,0,1,0,1,1,0,0,0,1,0,1,1,0
7344,1,0,0,0,1,0,1,0,1,0,0,0,1,1,0,1,1,0
7345,1,0,0,0,1,0,1,0,1,0,1,0,0,0,1,1,0,1
7346,1,0,0,0,1,0,1,0,1,1,1,0,0,0,0,1,0,1
7347,1,0,0,0,1,0,1,0,1,0,1,0,1,0,0,1,0,1
7348,1,0,0,0,1,0,1,0,1,0,1,0,0,0,0,1,1,1
7349,1,0,0,0,1,0,1,0,1,1,1,0,0,0,1,1,0,0
7350,1,0,0,0,1,0,1,0,1,0,1,0,1,0,1,1,0,0
7351,1,0,0,0,1,0,1,0,1,0,1,0,0,0,1,1,1,0
7352,1,0,0,0,1,0,1,0,1,1,1,0,1,0,0,1,0,0
7353,1,0,0,0,1,0,1,0,1,1,1,0,0,0,0,1,1,0
7354,1,0,0,0,1,0,1,0,1,0,1,0,1,0,0,1,1,0
7355,1,0,0,0,1,0,1,0,1,1,0,0,0,0,1,1,0,1
7356,1,0,0,0,1,0,1,0,1,0,0,0,1,0,1,1,0,1
7357,1,0,0,0,1,0,1,0,1,0,0,0,0,0,1,1,1,1
7358,1,0,0,0,1,0,1,0,1,1,0,0,1,0,0,1,0,1
7359,1,0,0,0,1,0,1,0,1,1,0,0,0,0,0,1,1,1
7360,1,0,0,0,1,0,1,0,1,0,0,0,1,0,0,1,1,1
7361,1,0,0,0,1,0,1,0,1,1,0,0,1,0,1,1,0,0
7362,1,0,0,0,1,0,1,0,1,1,0,0,0,0,1,1,1,0
7363,1,0,0,0,1,0,1,0,1,0,0,0,1,0,1,1,1,0
7364,1,0,0,0,1,0,1,0,1,1,0,0,1,0,0,1,1,0
7365,1,0,0,0,1,0,0,0,1,0,1,1,0,1,0,1,0,1
7366,1,0,0,0,1,0,0,0,1,0,1,1,0,1,1,1,0,0
7367,1,0,0,0,1,0,0,0,1,1,1,1,0,1,0,1,0,0
7368,1,0,0,0,1,0,0,0,1,0,1,1,1,1,0,1,0,0
7369,1,0,0,0,1,0,0,0,1,0,1,1,0,1,0,1,1,0
7370,1,0,0,0,1,0,0,0,1,0,0,1,0,1,1,1,0,1
7371,1,0,0,0,1,0,0,0,1,1,0,1,0,1,0,1,0,1
7372,1,0,0,0,1,0,0,0,1,0,0,1,1,1,0,1,0,1
7373,1,0,0,0,1,0,0,0,1,0,0,1,0,1,0,1,1,1
7374,1,0,0,0,1,0,0,0,1,1,0,1,0,1,1,1,0,0
7375,1,0,0,0,1,0,0,0,1,0,0,1,1,1,1,1,0,0
7376,1,0,0,0,1,0,0,0,1,0,0,1,0,1,1,1,1,0
7377,1,0,0,0,1,0,0,0,1,1,0,1,1,1,0,1,0,0
7378,1,0,0,0,1,0,0,0,1,1,0,1,0,1,0,1,1,0
7379,1,0,0,0,1,0,0,0,1,0,0,1,1,1,0,1,1,0
7380,1,0,0,0,1,0,0,0,1,0,1,1,0,0,1,1,0,1
7381,1,0,0,0,1,0,0,0,1,1,1,1,0,0,0,1,0,1
7382,1,0,0,0,1,0,0,0,1,0,1,1,1,0,0,1,0,1
7383,1,0,0,0,1,0,0,0,1,0,1,1,0,0,0,1,1,1
7384,1,0,0,0,1,0,0,0,1,1,1,1,0,0,1,1,0,0
7385,1,0,0,0,1,0,0,0,1,0,1,1,1,0,1,1,0,0
7386,1,0,0,0,1,0,0,0,1,0,1,1,0,0,1,1,1,0
7387,1,0,0,0,1,0,0,0,1,1,1,1,1,0,0,1,0,0
7388,1,0,0,0,1,0,0,0,1,1,1,1,0,0,0,1,1,0
7389,1,0,0,0,1,0,0,0,1,0,1,1,1,0,0,1,1,0
7390,1,0,0,0,1,0,0,0,1,1,0,1,0,0,1,1,0,1
7391,1,0,0,0,1,0,0,0,1,0,0,1,1,0,1,1,0,1
7392,1,0,0,0,1,0,0,0,1,0,0,1,0,0,1,1,1,1
7393,1,0,0,0,1,0,0,0,1,1,0,1,1,0,0,1,0,1
7394,1,0,0,0,1,0,0,0,1,1,0,1,0,0,0,1,1,1
7395,1,0,0,0,1,0,0,0,1,0,0,1,1,0,0,1,1,1
7396,1,0,0,0,1,0,0,0,1,1,0,1,1,0,1,1,0,0
7397,1,0,0,0,1,0,0,0,1,1,0,1,0,0,1,1,1,0
7398,1,0,0,0,1,0,0,0,1,0,0,1,1,0,1,1,1,0
7399,1,0,0,0,1,0,0,0,1,1,0,1,1,0,0,1,1,0
7400,1,0,0,0,1,0,0,0,1,0,1,0,0,1,1,1,0,1
7401,1,0,0,0,1,0,0,0,1,1,1,0,0,1,0,1,0,1
7402,1,0,0,0,1,0,0,0,1,0,1,0,1,1,0,1,0,1
7403,1,0,0,0,1,0,0,0,1,0,1,0,0,1,0,1,1,1
7404,1,0,0,0,1,0,0,0,1,1,1,0,0,1,1,1,0,0
7405,1,0,0,0,1,0,0,0,1,0,1,0,1,1,1,1,0,0
7406,1,0,0,0,1,0,0,0,1,0,1,0,0,1,1,1,1,0
7407,1,0,0,0,1,0,0,0,1,1,1,0,1,1,0,1,0,0
7408,1,0,0,0,1,0,0,0,1,1,1,0,0,1,0,1,1,0
7409,1,0,0,0,1,0,0,0,1,0,1,0,1,1,0,1,1,0
7410,1,0,0,0,1,0,0,0,1,1,0,0,0,1,1,1,0,1
7411,1,0,0,0,1,0,0,0,1,0,0,0,1,1,1,1,0,1
7412,1,0,0,0,1,0,0,0,1,0,0,0,0,1,1,1,1,1
7413,1,0,0,0,1,0,0,0,1,1,0,0,1,1,0,1,0,1
7414,1,0,0,0,1,0,0,0,1,1,0,0,0,1,0,1,1,1
7415,1,0,0,0,1,0,0,0,1,0,0,0,1,1,0,1,1,1
7416,1,0,0,0,1,0,0,0,1,1,0,0,1,1,1,1,0,0
7417,1,0,0,0,1,0,0,0,1,1,0,0,0,1,1,1,1,0
7418,1,0,0,0,1,0,0,0,1,0,0,0,1,1,1,1,1,0
7419,1,0,0,0,1,0,0,0,1,1,0,0,1,1,0,1,1,0
7420,1,0,0,0,1,0,0,0,1,1,1,0,0,0,1,1,0,1
7421,1,0,0,0,1,0,0,0,1,0,1,0,1,0,1,1,0,1
7422,1,0,0,0,1,0,0,0,1,0,1,0,0,0,1,1,1,1
7423,1,0,0,0,1,0,0,0,1,1,1,0,1,0,0,1,0,1
7424,1,0,0,0,1,0,0,0,1,1,1,0,0,0,0,1,1,1
7425,1,0,0,0,1,0,0,0,1,0,1,0,1,0,0,1,1,1
7426,1,0,0,0,1,0,0,0,1,1,1,0,1,0,1,1,0,0
7427,1,0,0,0,1,0,0,0,1,1,1,0,0,0,1,1,1,0
7428,1,0,0,0,1,0,0,0,1,0,1,0,1,0,1,1,1,0
7429,1,0,0,0,1,0,0,0,1,1,1,0,1,0,0,1,1,0
7430,1,0,0,0,1,0,0,0,1,1,0,0,1,0,1,1,0,1
7431,1,0,0,0,1,0,0,0,1,1,0,0,0,0,1,1,1,1
7432,1,0,0,0,1,0,0,0,1,0,0,0,1,0,1,1,1,1
7433,1,0,0,0,1,0,0,0,1,1,0,0,1,0,0,1,1,1
7434,1,0,0,0,1,0,0,0,1,1,0,0,1,0,1,1,1,0
7435,0,0,1,0,1,0,1,0,1,0,1,1,0,1,0,1,0,0
7436,0,0,1,0,1,0,1,0,1,0,0,1,0,1,0,1,0,1
7437,0,0,1,0,1,0,1,0,1,0,0,1,0,1,1,1,0,0
7438,0,0,1,0,1,0,1,0,1,1,0,1,0,1,0,1,0,0
7439,0,0,1,0,1,0,1,0,1,0,0,1,1,1,0,1,0,0
7440,0,0,1,0,1,0,1,0,1,0,0,1,0,1,0,1,1,0
7441,0,0,1,0,1,0,1,0,1,0,1,1,0,0,0,1,0,1
7442,0,0,1,0,1,0,1,0,1,0,1,1,0,0,1,1,0,0
7443,0,0,1,0,1,0,1,0,1,1,1,1,0,0,0,1,0,0
7444,0,0,1,0,1,0,1,0,1,0,1,1,1,0,0,1,0,0
7445,0,0,1,0,1,0,1,0,1,0,1,1,0,0,0,1,1,0
7446,0,0,1,0,1,0,1,0,1,0,0,1,0,0,1,1,0,1
7447,0,0,1,0,1,0,1,0,1,1,0,1,0,0,0,1,0,1
7448,0,0,1,0,1,0,1,0,1,0,0,1,1,0,0,1,0,1
7449,0,0,1,0,1,0,1,0,1,0,0,1,0,0,0,1,1,1
7450,0,0,1,0,1,0,1,0,1,1,0,1,0,0,1,1,0,0
7451,0,0,1,0,1,0,1,0,1,0,0,1,1,0,1,1,0,0
7452,0,0,1,0,1,0,1,0,1,0,0,1,0,0,1,1,1,0
7453,0,0,1,0,1,0,1,0,1,1,0,1,1,0,0,1,0,0
7454,0,0,1,0,1,0,1,0,1,1,0,1,0,0,0,1,1,0
7455,0,0,1,0,1,0,1,0,1,0,0,1,1,0,0,1,1,0
7456,0,0,1,0,1,0,1,0,1,0,1,0,0,1,0,1,0,1
7457,0,0,1,0,1,0,1,0,1,0,1,0,0,1,1,1,0,0
7458,0,0,1,0,1,0,1,0,1,1,1,0,0,1,0,1,0,0
7459,0,0,1,0,1,0,1,0,1,0,1,0,1,1,0,1,0,0
7460,0,0,1,0,1,0,1,0,1,0,1,0,0,1,0,1,1,0
7461,0,0,1,0,1,0,1,0,1,0,0,0,0,1,1,1,0,1
7462,0,0,1,0,1,0,1,0,1,1,0,0,0,1,0,1,0,1
7463,0,0,1,0,1,0,1,0,1,0,0,0,1,1,0,1,0,1
7464,0,0,1,0,1,0,1,0,1,0,0,0,0,1,0,1,1,1
7465,0,0,1,0,1,0,1,0,1,1,0,0,0,1,1,1,0,0
7466,0,0,1,0,1,0,1,0,1,0,0,0,1,1,1,1,0,0
7467,0,0,1,0,1,0,1,0,1,0,0,0,0,1,1,1,1,0
7468,0,0,1,0,1,0,1,0,1,1,0,0,1,1,0,1,0,0
7469,0,0,1,0,1,0,1,0,1,1,0,0,0,1,0,1,1,0
7470,0,0,1,0,1,0,1,0,1,0,0,0,1,1,0,1,1,0
7471,0,0,1,0,1,0,1,0,1,0,1,0,0,0,1,1,0,1
7472,0,0,1,0,1,0,1,0,1,1,1,0,0,0,0,1,0,1
7473,0,0,1,0,1,0,1,0,1,0,1,0,1,0,0,1,0,1
7474,0,0,1,0,1,0,1,0,1,0,1,0,0,0,0,1,1,1
7475,0,0,1,0,1,0,1,0,1,1,1,0,0,0,1,1,0,0
7476,0,0,1,0,1,0,1,0,1,0,1,0,1,0,1,1,0,0
7477,0,0,1,0,1,0,1,0,1,0,1,0,0,0,1,1,1,0
7478,0,0,1,0,1,0,1,0,1,1,1,0,1,0,0,1,0,0
7479,0,0,1,0,1,0,1,0,1,1,1,0,0,0,0,1,1,0
7480,0,0,1,0,1,0,1,0,1,0,1,0,1,0,0,1,1,0
7481,0,0,1,0,1,0,1,0,1,1,0,0,0,0,1,1,0,1
7482,0,0,1,0,1,0,1,0,1,0,0,0,1,0,1,1,0,1
7483,0,0,1,0,1,0,1,0,1,0,0,0,0,0,1,1,1,1
7484,0,0,1,0,1,0,1,0,1,1,0,0,1,0,0,1,0,1
7485,0,0,1,0,1,0,1,0,1,1,0,0,0,0,0,1,1,1
7486,0,0,1,0,1,0,1,0,1,0,0,0,1,0,0,1,1,1
7487,0,0,1,0,1,0,1,0,1,1,0,0,1,0,1,1,0,0
7488,0,0,1,0,1,0,1,0,1,1,0,0,0,0,1,1,1,0
7489,0,0,1,0,1,0,1,0,1,0,0,0,1,0,1,1,1,0
7490,0,0,1,0,1,0,1,0,1,1,0,0,1,0,0,1,1,0
7491,0,0,1,0,1,0,0,0,1,0,1,1,0,1,0,1,0,1
7492,0,0,1,0,1,0,0,0,1,0,1,1,0,1,1,1,0,0
7493,0,0,1,0,1,0,0,0,1,1,1,1,0,1,0,1,0,0
7494,0,0,1,0,1,0,0,0,1,0,1,1,1,1,0,1,0,0
7495,0,0,1,0,1,0,0,0,1,0,1,1,0,1,0,1,1,0
7496,0,0,1,0,1,0,0,0,1,0,0,1,0,1,1,1,0,1
7497,0,0,1,0,1,0,0,0,1,1,0,1,0,1,0,1,0,1
7498,0,0,1,0,1,0,0,0,1,0,0,1,1,1,0,1,0,1
7499,0,0,1,0,1,0,0,0,1,0,0,1,0,1,0,1,1,1
7500,0,0,1,0,1,0,0,0,1,1,0,1,0,1,1,1,0,0
7501,0,0,1,0,1,0,0,0,1,0,0,1,1,1,1,1,0,0
7502,0,0,1,0,1,0,0,0,1,0,0,1,0,1,1,1,1,0
7503,0,0,1,0,1,0,0,0,1,1,0,1,1,1,0,1,0,0
7504,0,0,1,0,1,0,0,0,1,1,0,1,0,1,0,1,1,0
7505,0,0,1,0,1,0,0,0,1,0,0,1,1,1,0,1,1,0
7506,0,0,1,0,1,0,0,0,1,0,1,1,0,0,1,1,0,1
7507,0,0,1,0,1,0,0,0,1,1,1,1,0,0,0,1,0,1
7508,0,0,1,0,1,0,0,0,1,0,1,1,1,0,0,1,0,1
7509,0,0,1,0,1,0,0,0,1,0,1,1,0,0,0,1,1,1
7510,0,0,1,0,1,0,0,0,1,1,1,1,0,0,1,1,0,0
7511,0,0,1,0,1,0,0,0,1,0,1,1,1,0,1,1,0,0
7512,0,0,1,0,1,0,0,0,1,0,1,1,0,0,1,1,1,0
7513,0,0,1,0,1,0,0,0,1,1,1,1,1,0,0,1,0,0
7514,0,0,1,0,1,0,0,0,1,1,1,1,0,0,0,1,1,0
7515,0,0,1,0,1,0,0,0,1,0,1,1,1,0,0,1,1,0
7516,0,0,1,0,1,0,0,0,1,1,0,1,0,0,1,1,0,1
7517,0,0,1,0,1,0,0,0,1,0,0,1,1,0,1,1,0,1
7518,0,0,1,0,1,0,0,0,1,0,0,1,0,0,1,1,1,1
7519,0,0,1,0,1,0,0,0,1,1,0,1,1,0,0,1,0,1
7520,0,0,1,0,1,0,0,0,1,1,0,1,0,0,0,1,1,1
7521,0,0,1,0,1,0,0,0,1,0,0,1,1,0,0,1,1,1
7522,0,0,1,0,1,0,0,0,1,1,0,1,1,0,1,1,0,0
7523,0,0,1,0,1,0,0,0,1,1,0,1,0,0,1,1,1,0
7524,0,0,1,0,1,0,0,0,1,0,0,1,1,0,1,1,1,0
7525,0,0,1,0,1,0,0,0,1,1,0,1,1,0,0,1,1,0
7526,0,0,1,0,1,0,0,0,1,0,1,0,0,1,1,1,0,1
7527,0,0,1,0,1,0,0,0,1,1,1,0,0,1,0,1,0,1
7528,0,0,1,0,1,0,0,0,1,0,1,0,1,1,0,1,0,1
7529,0,0,1,0,1,0,0,0,1,0,1,0,0,1,0,1,1,1
7530,0,0,1,0,1,0,0,0,1,1,1,0,0,1,1,1,0,0
7531,0,0,1,0,1,0,0,0,1,0,1,0,1,1,1,1,0,0
7532,0,0,1,0,1,0,0,0,1,0,1,0,0,1,1,1,1,0
7533,0,0,1,0,1,0,0,0,1,1,1,0,1,1,0,1,0,0
7534,0,0,1,0,1,0,0,0,1,1,1,0,0,1,0,1,1,0
7535,0,0,1,0,1,0,0,0,1,0,1,0,1,1,0,1,1,0
7536,0,0,1,0,1,0,0,0,1,1,0,0,0,1,1,1,0,1
7537,0,0,1,0,1,0,0,0,1,0,0,0,1,1,1,1,0,1
7538,0,0,1,0,1,0,0,0,1,0,0,0,0,1,1,1,1,1
7539,0,0,1,0,1,0,0,0,1,1,0,0,1,1,0,1,0,1
7540,0,0,1,0,1,0,0,0,1,1,0,0,0,1,0,1,1,1
7541,0,0,1,0,1,0,0,0,1,0,0,0,1,1,0,1,1,1
7542,0,0,1,0,1,0,0,0,1,1,0,0,1,1,1,1,0,0
7543,0,0,1,0,1,0,0,0,1,1,0,0,0,1,1,1,1,0
7544,0,0,1,0,1,0,0,0,1,0,0,0,1,1,1,1,1,0
7545,0,0,1,0,1,0,0,0,1,1,0,0,1,1,0,1,1,0
7546,0,0,1,0,1,0,0,0,1,1,1,0,0,0,1,1,0,1
7547,0,0,1,0,1,0,0,0,1,0,1,0,1,0,1,1,0,1
7548,0,0,1,0,1,0,0,0,1,0,1,0,0,0,1,1,1,1
7549,0,0,1,0,1,0,0,0,1,1,1,0,1,0,0,1,0,1
7550,0,0,1,0,1,0,0,0,1,1,1,0,0,0,0,1,1,1
7551,0,0,1,0,1,0,0,0,1,0,1,0,1,0,0,1,1,1
7552,0,0,1,0,1,0,0,0,1,1,1,0,1,0,1,1,0,0
7553,0,0,1,0,1,0,0,0,1,1,1,0,0,0,1,1,1,0
7554,0,0,1,0,1,0,0,0,1,0,1,0,1,0,1,1,1,0
7555,0,0,1,0,1,0,0,0,1,1,1,0,1,0,0,1,1,0
7556,0,0,1,0,1,0,0,0,1,1,0,0,1,0,1,1,0,1
7557,0,0,1,0,1,0,0,0,1,1,0,0,0,0,1,1,1,1
7558,0,0,1,0,1,0,0,0,1,0,0,0,1,0,1,1,1,1
7559,0,0,1,0,1,0,0,0,1,1,0,0,1,0,0,1,1,1
7560,0,0,1,0,1,0,0,0,1,1,0,0,1,0,1,1,1,0
7561,0,0,0,1,1,0,1,0,1,0,1,1,0,1,0,1,0,0
7562,0,0,0,1,1,0,1,0,1,0,0,1,0,1,0,1,0,1
7563,0,0,0,1,1,0,1,0,1,0,0,1,0,1,1,1,0,0
7564,0,0,0,1,1,0,1,0,1,1,0,1,0,1,0,1,0,0
7565,0,0,0,1,1,0,1,0,1,0,0,1,1,1,0,1,0,0
7566,0,0,0,1,1,0,1,0,1,0,0,1,0,1,0,1,1,0
7567,0,0,0,1,1,0,1,0,1,0,1,1,0,0,0,1,0,1
7568,0,0,0,1,1,0,1,0,1,0,1,1,0,0,1,1,0,0
7569,0,0,0,1,1,0,1,0,1,1,1,1,0,0,0,1,0,0
7570,0,0,0,1,1,0,1,0,1,0,1,1,1,0,0,1,0,0
7571,0,0,0,1,1,0,1,0,1,0,1,1,0,0,0,1,1,0
7572,0,0,0,1,1,0,1,0,1,0,0,1,0,0,1,1,0,1
7573,0,0,0,1,1,0,1,0,1,1,0,1,0,0,0,1,0,1
7574,0,0,0,1,1,0,1,0,1,0,0,1,1,0,0,1,0,1
7575,0,0,0,1,1,0,1,0,1,0,0,1,0,0,0,1,1,1
7576,0,0,0,1,1,0,1,0,1,1,0,1,0,0,1,1,0,0
7577,0,0,0,1,1,0,1,0,1,0,0,1,1,0,1,1,0,0
7578,0,0,0,1,1,0,1,0,1,0,0,1,0,0,1,1,1,0
7579,0,0,0,1,1,0,1,0,1,1,0,1,1,0,0,1,0,0
7580,0,0,0,1,1,0,1,0,1,1,0,1,0,0,0,1,1,0
7581,0,0,0,1,1,0,1,0,1,0,0,1,1,0,0,1,1,0
7582,0,0,0,1,1,0,1,0,1,0,1,0,0,1,0,1,0,1
7583,0,0,0,1,1,0,1,0,1,0,1,0,0,1,1,1,0,0
7584,0,0,0,1,1,0,1,0,1,1,1,0,0,1,0,1,0,0
7585,0,0,0,1,1,0,1,0,1,0,1,0,1,1,0,1,0,0
7586,0,0,0,1,1,0,1,0,1,0,1,0,0,1,0,1,1,0
7587,0,0,0,1,1,0,1,0,1,0,0,0,0,1,1,1,0,1
7588,0,0,0,1,1,0,1,0,1,1,0,0,0,1,0,1,0,1
7589,0,0,0,1,1,0,1,0,1,0,0,0,1,1,0,1,0,1
7590,0,0,0,1,1,0,1,0,1,0,0,0,0,1,0,1,1,1
7591,0,0,0,1,1,0,1,0,1,1,0,0,0,1,1,1,0,0
7592,0,0,0,1,1,0,1,0,1,0,0,0,1,1,1,1,0,0
7593,0,0,0,1,1,0,1,0,1,0,0,0,0,1,1,1,1,0
7594,0,0,0,1,1,0,1,0,1,1,0,0,1,1,0,1,0,0
7595,0,0,0,1,1,0,1,0,1,1,0,0,0,1,0,1,1,0
7596,0,0,0,1,1,0,1,0,1,0,0,0,1,1,0,1,1,0
7597,0,0,0,1,1,0,1,0,1,0,1,0,0,0,1,1,0,1
7598,0,0,0,1,1,0,1,0,1,1,1,0,0,0,0,1,0,1
7599,0,0,0,1,1,0,1,0,1,0,1,0,1,0,0,1,0,1
7600,0,0,0,1,1,0,1,0,1,0,1,0,0,0,0,1,1,1
7601,0,0,0,1,1,0,1,0,1,1,1,0,0,0,1,1,0,0
7602,0,0,0,1,1,0,1,0,1,0,1,0,1,0,1,1,0,0
7603,0,0,0,1,1,0,1,0,1,0,1,0,0,0,1,1,1,0
7604,0,0,0,1,1,0,1,0,1,1,1,0,1,0,0,1,0,0
7605,0,0,0,1,1,0,1,0,1,1,1,0,0,0,0,1,1,0
7606,0,0,0,1,1,0,1,0,1,0,1,0,1,0,0,1,1,0
7607,0,0,0,1,1,0,1,0,1,1,0,0,0,0,1,1,0,1
7608,0,0,0,1,1,0,1,0,1,0,0,0,1,0,1,1,0,1
7609,0,0,0,1,1,0,1,0,1,0,0,0,0,0,1,1,1,1
7610,0,0,0,1,1,0,1,0,1,1,0,0,1,0,0,1,0,1
7611,0,0,0,1,1,0,1,0,1,1,0,0,0,0,0,1,1,1
7612,0,0,0,1,1,0,1,0,1,0,0,0,1,0,0,1,1,1
7613,0,0,0,1,1,0,1,0,1,1,0,0,1,0,1,1,0,0
7614,0,0,0,1,1,0,1,0,1,1,0,0,0,0,1,1,1,0
7615,0,0,0,1,1,0,1,0,1,0,0,0,1,0,1,1,1,0
7616,0,0,0,1,1,0,1,0,1,1,0,0,1,0,0,1,1,0
7617,0,0,0,1,1,0,0,0,1,0,1,1,0,1,0,1,0,1
7618,0,0,0,1,1,0,0,0,1,0,1,1,0,1,1,1,0,0
7619,0,0,0,1,1,0,0,0,1,1,1,1,0,1,0,1,0,0
7620,0,0,0,1,1,0,0,0,1,0,1,1,1,1,0,1,0,0
7621,0,0,0,1,1,0,0,0,1,0,1,1,0,1,0,1,1,0
7622,0,0,0,1,1,0,0,0,1,0,0,1,0,1,1,1,0,1
7623,0,0,0,1,1,0,0,0,1,1,0,1,0,1,0,1,0,1
7624,0,0,0,1,1,0,0,0,1,0,0,1,1,1,0,1,0,1
7625,0,0,0,1,1,0,0,0,1,0,0,1,0,1,0,1,1,1
7626,0,0,0,1,1,0,0,0,1,1,0,1,0,1,1,1,0,0
7627,0,0,0,1,1,0,0,0,1,0,0,1,1,1,1,1,0,0
7628,0,0,0,1,1,0,0,0,1,0,0,1,0,1,1,1,1,0
7629,0,0,0,1,1,0,0,0,1,1,0,1,1,1,0,1,0,0
7630,0,0,0,1,1,0,0,0,1,1,0,1,0,1,0,1,1,0
7631,0,0,0,1,1,0,0,0,1,0,0,1,1,1,0,1,1,0
7632,0,0,0,1,1,0,0,0,1,0,1,1,0,0,1,1,0,1
7633,0,0,0,1,1,0,0,0,1,1,1,1,0,0,0,1,0,1
7634,0,0,0,1,1,0,0,0,1,0,1,1,1,0,0,1,0,1
7635,0,0,0,1,1,0,0,0,1,0,1,1,0,0,0,1,1,1
7636,0,0,0,1,1,0,0,0,1,1,1,1,0,0,1,1,0,0
7637,0,0,0,1,1,0,0,0,1,0,1,1,1,0,1,1,0,0
7638,0,0,0,1,1,0,0,0,1,0,1,1,0,0,1,1,1,0
7639,0,0,0,1,1,0,0,0,1,1,1,1,1,0,0,1,0,0
7640,0,0,0,1,1,0,0,0,1,1,1,1,0,0,0,1,1,0
7641,0,0,0,1,1,0,0,0,1,0,1,1,1,0,0,1,1,0
7642,0,0,0,1,1,0,0,0,1,1,0,1,0,0,1,1,0,1
7643,0,0,0,1,1,0,0,0,1,0,0,1,1,0,1,1,0,1
7644,0,0,0,1,1,0,0,0,1,0,0,1,0,0,1,1,1,1
7645,0,0,0,1,1,0,0,0,1,1,0,1,1,0,0,1,0,1
7646,0,0,0,1,1,0,0,0,1,1,0,1,0,0,0,1,1,1
7647,0,0,0,1,1,0,0,0,1,0,0,1,1,0,0,1,1,1
7648,0,0,0,1,1,0,0,0,1,1,0,1,1,0,1,1,0,0
7649,0,0,0,1,1,0,0,0,1,1,0,1,0,0,1,1,1,0
7650,0,0,0,1,1,0,0,0,1,0,0,1,1,0,1,1,1,0
7651,0,0,0,1,1,0,0,0,1,1,0,1,1,0,0,1,1,0
7652,0,0,0,1,1,0,0,0,1,0,1,0,0,1,1,1,0,1
7653,0,0,0,1,1,0,0,0,1,1,1,0,0,1,0,1,0,1
7654,0,0,0,1,1,0,0,0,1,0,1,0,1,1,0,1,0,1
7655,0,0,0,1,1,0,0,0,1,0,1,0,0,1,0,1,1,1
7656,0,0,0,1,1,0,0,0,1,1,1,0,0,1,1,1,0,0
7657,0,0,0,1,1,0,0,0,1,0,1,0,1,1,1,1,0,0
7658,0,0,0,1,1,0,0,0,1,0,1,0,0,1,1,1,1,0
7659,0,0,0,1,1,0,0,0,1,1,1,0,1,1,0,1,0,0
7660,0,0,0,1,1,0,0,0,1,1,1,0,0,1,0,1,1,0
7661,0,0,0,1,1,0,0,0,1,0,1,0,1,1,0,1,1,0
7662,0,0,0,1,1,0,0,0,1,1,0,0,0,1,1,1,0,1
7663,0,0,0,1,1,0,0,0,1,0,0,0,1,1,1,1,0,1
7664,0,0,0,1,1,0,0,0,1,0,0,0,0,1,1,1,1,1
7665,0,0,0,1,1,0,0,0,1,1,0,0,1,1,0,1,0,1
7666,0,0,0,1,1,0,0,0,1,1,0,0,0,1,0,1,1,1
7667,0,0,0,1,1,0,0,0,1,0,0,0,1,1,0,1,1,1
7668,0,0,0,1,1,0,0,0,1,1,0,0,1,1,1,1,0,0
7669,0,0,0,1,1,0,0,0,1,1,0,0,0,1,1,1,1,0
7670,0,0,0,1,1,0,0,0,1,0,0,0,1,1,1,1,1,0
7671,0,0,0,1,1,0,0,0,1,1,0,0,1,1,0,1,1,0
7672,0,0,0,1,1,0,0,0,1,1,1,0,0,0,1,1,0,1
7673,0,0,0,1,1,0,0,0,1,0,1,0,1,0,1,1,0,1
7674,0,0,0,1,1,0,0,0,1,0,1,0,0,0,1,1,1,1
7675,0,0,0,1,1,0,0,0,1,1,1,0,1,0,0,1,0,1
7676,0,0,0,1,1,0,0,0,1,1,1,0,0,0,0,1,1,1
7677,0,0,0,1,1,0,0,0,1,0,1,0,1,0,0,1,1,1
7678,0,0,0,1,1,0,0,0,1,1,1,0,1,0,1,1,0,0
7679,0,0,0,1,1,0,0,0,1,1,1,0,0,0,1,1,1,0
7680,0,0,0,1,1,0,0,0,1,0,1,0,1,0,1,1,1,0
7681,0,0,0,1,1,0,0,0,1,1,1,0,1,0,0,1,1,0
7682,0,0,0,1,1,0,0,0,1,1,0,0,1,0,1,1,0,1
7683,0,0,0,1,1,0,0,0,1,1,0,0,0,0,1,1,1,1
7684,0,0,0,1,1,0,0,0,1,0,0,0,1,0,1,1,1,1
7685,0,0,0,1,1,0,0,0,1,1,0,0,1,0,0,1,1,1
7686,0,0,0,1,1,0,0,0,1,1,0,0,1,0,1,1,1,0
7687,0,1,0,0,1,1,1,0,1,0,1,1,0,1,0,0,0,0
7688,0,1,0,0,1,1,1,0,1,0,0,1,0,1,0,0,0,1
7689,0,1,0,0,1,1,1,0,1,0,0,1,0,1,1,0,0,0
7690,0,1,0,0,1,1,1,0,1,1,0,1,0,1,0,0,0,0
7691,0,1,0,0,1,1,1,0,1,0,0,1,1,1,0,0,0,0
7692,0,1,0,0,1,1,1,0,1,0,0,1,0,1,0,0,1,0
7693,0,1,0,0,1,1,1,0,1,0,1,1,0,0,0,0,0,1
7694,0,1,0,0,1,1,1,0,1,0,1,1,0,0,1,0,0,0
7695,0,1,0,0,1,1,1,0,1,1,1,1,0,0,0,0,0,0
7696,0,1,0,0,1,1,1,0,1,0,1,1,1,0,0,0,0,0
7697,0,1,0,0,1,1,1,0,1,0,1,1,0,0,0,0,1,0
7698,0,1,0,0,1,1,1,0,1,0,0,1,0,0,1,0,0,1
7699,0,1,0,0,1,1,1,0,1,1,0,1,0,0,0,0,0,1
7700,0,1,0,0,1,1,1,0,1,0,0,1,1,0,0,0,0,1
7701,0,1,0,0,1,1,1,0,1,0,0,1,0,0,0,0,1,1
7702,0,1,0,0,1,1,1,0,1,1,0,1,0,0,1,0,0,0
7703,0,1,0,0,1,1,1,0,1,0,0,1,1,0,1,0,0,0
7704,0,1,0,0,1,1,1,0,1,0,0,1,0,0,1,0,1,0
7705,0,1,0,0,1,1,1,0,1,1,0,1,1,0,0,0,0,0
7706,0,1,0,0,1,1,1,0,1,1,0,1,0,0,0,0,1,0
7707,0,1,0,0,1,1,1,0,1,0,0,1,1,0,0,0,1,0
7708,0,1,0,0,1,1,1,0,1,0,1,0,0,1,0,0,0,1
7709,0,1,0,0,1,1,1,0,1,0,1,0,0,1,1,0,0,0
7710,0,1,0,0,1,1,1,0,1,1,1,0,0,1,0,0,0,0
7711,0,1,0,0,1,1,1,0,1,0,1,0,1,1,0,0,0,0
7712,0,1,0,0,1,1,1,0,1,0,1,0,0,1,0,0,1,0
7713,0,1,0,0,1,1,1,0,1,0,0,0,0,1,1,0,0,1
7714,0,1,0,0,1,1,1,0,1,1,0,0,0,1,0,0,0,1
7715,0,1,0,0,1,1,1,0,1,0,0,0,1,1,0,0,0,1
7716,0,1,0,0,1,1,1,0,1,0,0,0,0,1,0,0,1,1
7717,0,1,0,0,1,1,1,0,1,1,0,0,0,1,1,0,0,0
7718,0,1,0,0,1,1,1,0,1,0,0,0,1,1,1,0,0,0
7719,0,1,0,0,1,1,1,0,1,0,0,0,0,1,1,0,1,0
7720,0,1,0,0,1,1,1,0,1,1,0,0,1,1,0,0,0,0
7721,0,1,0,0,1,1,1,0,1,1,0,0,0,1,0,0,1,0
7722,0,1,0,0,1,1,1,0,1,0,0,0,1,1,0,0,1,0
7723,0,1,0,0,1,1,1,0,1,0,1,0,0,0,1,0,0,1
7724,0,1,0,0,1,1,1,0,1,1,1,0,0,0,0,0,0,1
7725,0,1,0,0,1,1,1,0,1,0,1,0,1,0,0,0,0,1
7726,0,1,0,0,1,1,1,0,1,0,1,0,0,0,0,0,1,1
7727,0,1,0,0,1,1,1,0,1,1,1,0,0,0,1,0,0,0
7728,0,1,0,0,1,1,1,0,1,0,1,0,1,0,1,0,0,0
7729,0,1,0,0,1,1,1,0,1,0,1,0,0,0,1,0,1,0
7730,0,1,0,0,1,1,1,0,1,1,1,0,1,0,0,0,0,0
7731,0,1,0,0,1,1,1,0,1,1,1,0,0,0,0,0,1,0
7732,0,1,0,0,1,1,1,0,1,0,1,0,1,0,0,0,1,0
7733,0,1,0,0,1,1,1,0,1,1,0,0,0,0,1,0,0,1
7734,0,1,0,0,1,1,1,0,1,0,0,0,1,0,1,0,0,1
7735,0,1,0,0,1,1,1,0,1,0,0,0,0,0,1,0,1,1
7736,0,1,0,0,1,1,1,0,1,1,0,0,1,0,0,0,0,1
7737,0,1,0,0,1,1,1,0,1,1,0,0,0,0,0,0,1,1
7738,0,1,0,0,1,1,1,0,1,0,0,0,1,0,0,0,1,1
7739,0,1,0,0,1,1,1,0,1,1,0,0,1,0,1,0,0,0
7740,0,1,0,0,1,1,1,0,1,1,0,0,0,0,1,0,1,0
7741,0,1,0,0,1,1,1,0,1,0,0,0,1,0,1,0,1,0
7742,0,1,0,0,1,1,1,0,1,1,0,0,1,0,0,0,1,0
7743,0,1,0,0,1,1,0,0,1,0,1,1,0,1,0,0,0,1
7744,0,1,0,0,1,1,0,0,1,0,1,1,0,1,1,0,0,0
7745,0,1,0,0,1,1,0,0,1,1,1,1,0,1,0,0,0,0
7746,0,1,0,0,1,1,0,0,1,0,1,1,1,1,0,0,0,0
7747,0,1,0,0,1,1,0,0,1,0,1,1,0,1,0,0,1,0
7748,0,1,0,0,1,1,0,0,1,0,0,1,0,1,1,0,0,1
7749,0,1,0,0,1,1,0,0,1,1,0,1,0,1,0,0,0,1
7750,0,1,0,0,1,1,0,0,1,0,0,1,1,1,0,0,0,1
7751,0,1,0,0,1,1,0,0,1,0,0,1,0,1,0,0,1,1
7752,0,1,0,0,1,1,0,0,1,1,0,1,0,1,1,0,0,0
7753,0,1,0,0,1,1,0,0,1,0,0,1,1,1,1,0,0,0
7754,0,1,0,0,1,1,0,0,1,0,0,1,0,1,1,0,1,0
7755,0,1,0,0,1,1,0,0,1,1,0,1,1,1,0,0,0,0
7756,0,1,0,0,1,1,0,0,1,1,0,1,0,1,0,0,1,0
7757,0,1,0,0,1,1,0,0,1,0,0,1,1,1,0,0,1,0
7758,0,1,0,0,1,1,0,0,1,0,1,1,0,0,1,0,0,1
7759,0,1,0,0,1,1,0,0,1,1,1,1,0,0,0,0,0,1
7760,0,1,0,0,1,1,0,0,1,0,1,1,1,0,0,0,0,1
7761,0,1,0,0,1,1,0,0,1,0,1,1,0,0,0,0,1,1
7762,0,1,0,0,1,1,0,0,1,1,1,1,0,0,1,0,0,0
7763,0,1,0,0,1,1,0,0,1,0,1,1,1,0,1,0,0,0
7764,0,1,0,0,1,1,0,0,1,0,1,1,0,0,1,0,1,0
7765,0,1,0,0,1,1,0,0,1,1,1,1,1,0,0,0,0,0
7766,0,1,0,0,1,1,0,0,1,1,1,1,0,0,0,0,1,0
7767,0,1,0,0,1,1,0,0,1,0,1,1,1,0,0,0,1,0
7768,0,1,0,0,1,1,0,0,1,1,0,1,0,0,1,0,0,1
7769,0,1,0,0,1,1,0,0,1,0,0,1,1,0,1,0,0,1
7770,0,1,0,0,1,1,0,0,1,0,0,1,0,0,1,0,1,1
7771,0,1,0,0,1,1,0,0,1,1,0,1,1,0,0,0,0,1
7772,0,1,0,0,1,1,0,0,1,1,0,1,0,0,0,0,1,1
7773,0,1,0,0,1,1,0,0,1,0,0,1,1,0,0,0,1,1
7774,0,1,0,0,1,1,0,0,1,1,0,1,1,0,1,0,0,0
7775,0,1,0,0,1,1,0,0,1,1,0,1,0,0,1,0,1,0
7776,0,1,0,0,1,1,0,0,1,0,0,1,1,0,1,0,1,0
7777,0,1,0,0,1,1,0,0,1,1,0,1,1,0,0,0,1,0
7778,0,1,0,0,1,1,0,0,1,0,1,0,0,1,1,0,0,1
7779,0,1,0,0,1,1,0,0,1,1,1,0,0,1,0,0,0,1
7780,0,1,0,0,1,1,0,0,1,0,1,0,1,1,0,0,0,1
7781,0,1,0,0,1,1,0,0,1,0,1,0,0,1,0,0,1,1
7782,0,1,0,0,1,1,0,0,1,1,1,0,0,1,1,0,0,0
7783,0,1,0,0,1,1,0,0,1,0,1,0,1,1,1,0,0,0
7784,0,1,0,0,1,1,0,0,1,0,1,0,0,1,1,0,1,0
7785,0,1,0,0,1,1,0,0,1,1,1,0,1,1,0,0,0,0
7786,0,1,0,0,1,1,0,0,1,1,1,0,0,1,0,0,1,0
7787,0,1,0,0,1,1,0,0,1,0,1,0,1,1,0,0,1,0
7788,0,1,0,0,1,1,0,0,1,1,0,0,0,1,1,0,0,1
7789,0,1,0,0,1,1,0,0,1,0,0,0,1,1,1,0,0,1
7790,0,1,0,0,1,1,0,0,1,0,0,0,0,1,1,0,1,1
7791,0,1,0,0,1,1,0,0,1,1,0,0,1,1,0,0,0,1
7792,0,1,0,0,1,1,0,0,1,1,0,0,0,1,0,0,1,1
7793,0,1,0,0,1,1,0,0,1,0,0,0,1,1,0,0,1,1
7794,0,1,0,0,1,1,0,0,1,1,0,0,1,1,1,0,0,0
7795,0,1,0,0,1,1,0,0,1,1,0,0,0,1,1,0,1,0
7796,0,1,0,0,1,1,0,0,1,0,0,0,1,1,1,0,1,0
7797,0,1,0,0,1,1,0,0,1,1,0,0,1,1,0,0,1,0
7798,0,1,0,0,1,1,0,0,1,1,1,0,0,0,1,0,0,1
7799,0,1,0,0,1,1,0,0,1,0,1,0,1,0,1,0,0,1
7800,0,1,0,0,1,1,0,0,1,0,1,0,0,0,1,0,1,1
7801,0,1,0,0,1,1,0,0,1,1,1,0,1,0,0,0,0,1
7802,0,1,0,0,1,1,0,0,1,1,1,0,0,0,0,0,1,1
7803,0,1,0,0,1,1,0,0,1,0,1,0,1,0,0,0,1,1
7804,0,1,0,0,1,1,0,0,1,1,1,0,1,0,1,0,0,0
7805,0,1,0,0,1,1,0,0,1,1,1,0,0,0,1,0,1,0
7806,0,1,0,0,1,1,0,0,1,0,1,0,1,0,1,0,1,0
7807,0,1,0,0,1,1,0,0,1,1,1,0,1,0,0,0,1,0
7808,0,1,0,0,1,1,0,0,1,1,0,0,1,0,1,0,0,1
7809,0,1,0,0,1,1,0,0,1,1,0,0,0,0,1,0,1,1
7810,0,1,0,0,1,1,0,0,1,0,0,0,1,0,1,0,1,1
7811,0,1,0,0,1,1,0,0,1,1,0,0,1,0,0,0,1,1
7812,0,1,0,0,1,1,0,0,1,1,0,0,1,0,1,0,1,0
7813,1,1,0,0,1,0,1,0,1,0,1,1,0,1,0,0,0,0
7814,1,1,0,0,1,0,1,0,1,0,0,1,0,1,0,0,0,1
7815,1,1,0,0,1,0,1,0,1,0,0,1,0,1,1,0,0,0
7816,1,1,0,0,1,0,1,0,1,1,0,1,0,1,0,0,0,0
7817,1,1,0,0,1,0,1,0,1,0,0,1,1,1,0,0,0,0
7818,1,1,0,0,1,0,1,0,1,0,0,1,0,1,0,0,1,0
7819,1,1,0,0,1,0,1,0,1,0,1,1,0,0,0,0,0,1
7820,1,1,0,0,1,0,1,0,1,0,1,1,0,0,1,0,0,0
7821,1,1,0,0,1,0,1,0,1,1,1,1,0,0,0,0,0,0
7822,1,1,0,0,1,0,1,0,1,0,1,1,1,0,0,0,0,0
7823,1,1,0,0,1,0,1,0,1,0,1,1,0,0,0,0,1,0
7824,1,1,0,0,1,0,1,0,1,0,0,1,0,0,1,0,0,1
7825,1,1,0,0,1,0,1,0,1,1,0,1,0,0,0,0,0,1
7826,1,1,0,0,1,0,1,0,1,0,0,1,1,0,0,0,0,1
7827,1,1,0,0,1,0,1,0,1,0,0,1,0,0,0,0,1,1
7828,1,1,0,0,1,0,1,0,1,1,0,1,0,0,1,0,0,0
7829,1,1,0,0,1,0,1,0,1,0,0,1,1,0,1,0,0,0
7830,1,1,0,0,1,0,1,0,1,0,0,1,0,0,1,0,1,0
7831,1,1,0,0,1,0,1,0,1,1,0,1,1,0,0,0,0,0
7832,1,1,0,0,1,0,1,0,1,1,0,1,0,0,0,0,1,0
7833,1,1,0,0,1,0,1,0,1,0,0,1,1,0,0,0,1,0
7834,1,1,0,0,1,0,1,0,1,0,1,0,0,1,0,0,0,1
7835,1,1,0,0,1,0,1,0,1,0,1,0,0,1,1,0,0,0
7836,1,1,0,0,1,0,1,0,1,1,1,0,0,1,0,0,0,0
7837,1,1,0,0,1,0,1,0,1,0,1,0,1,1,0,0,0,0
7838,1,1,0,0,1,0,1,0,1,0,1,0,0,1,0,0,1,0
7839,1,1,0,0,1,0,1,0,1,0,0,0,0,1,1,0,0,1
7840,1,1,0,0,1,0,1,0,1,1,0,0,0,1,0,0,0,1
7841,1,1,0,0,1,0,1,0,1,0,0,0,1,1,0,0,0,1
7842,1,1,0,0,1,0,1,0,1,0,0,0,0,1,0,0,1,1
7843,1,1,0,0,1,0,1,0,1,1,0,0,0,1,1,0,0,0
7844,1,1,0,0,1,0,1,0,1,0,0,0,1,1,1,0,0,0
7845,1,1,0,0,1,0,1,0,1,0,0,0,0,1,1,0,1,0
7846,1,1,0,0,1,0,1,0,1,1,0,0,1,1,0,0,0,0
7847,1,1,0,0,1,0,1,0,1,1,0,0,0,1,0,0,1,0
7848,1,1,0,0,1,0,1,0,1,0,0,0,1,1,0,0,1,0
7849,1,1,0,0,1,0,1,0,1,0,1,0,0,0,1,0,0,1
7850,1,1,0,0,1,0,1,0,1,1,1,0,0,0,0,0,0,1
7851,1,1,0,0,1,0,1,0,1,0,1,0,1,0,0,0,0,1
7852,1,1,0,0,1,0,1,0,1,0,1,0,0,0,0,0,1,1
7853,1,1,0,0,1,0,1,0,1,1,1,0,0,0,1,0,0,0
7854,1,1,0,0,1,0,1,0,1,0,1,0,1,0,1,0,0,0
7855,1,1,0,0,1,0,1,0,1,0,1,0,0,0,1,0,1,0
7856,1,1,0,0,1,0,1,0,1,1,1,0,1,0,0,0,0,0
7857,1,1,0,0,1,0,1,0,1,1,1,0,0,0,0,0,1,0
7858,1,1,0,0,1,0,1,0,1,0,1,0,1,0,0,0,1,0
7859,1,1,0,0,1,0,1,0,1,1,0,0,0,0,1,0,0,1
7860,1,1,0,0,1,0,1,0,1,0,0,0,1,0,1,0,0,1
7861,1,1,0,0,1,0,1,0,1,0,0,0,0,0,1,0,1,1
7862,1,1,0,0,1,0,1,0,1,1,0,0,1,0,0,0,0,1
7863,1,1,0,0,1,0,1,0,1,1,0,0,0,0,0,0,1,1
7864,1,1,0,0,1,0,1,0,1,0,0,0,1,0,0,0,1,1
7865,1,1,0,0,1,0,1,0,1,1,0,0,1,0,1,0,0,0
7866,1,1,0,0,1,0,1,0,1,1,0,0,0,0,1,0,1,0
7867,1,1,0,0,1,0,1,0,1,0,0,0,1,0,1,0,1,0
7868,1,1,0,0,1,0,1,0,1,1,0,0,1,0,0,0,1,0
7869,1,1,0,0,1,0,0,0,1,0,1,1,0,1,0,0,0,1
7870,1,1,0,0,1,0,0,0,1,0,1,1,0,1,1,0,0,0
7871,1,1,0,0,1,0,0,0,1,1,1,1,0,1,0,0,0,0
7872,1,1,0,0,1,0,0,0,1,0,1,1,1,1,0,0,0,0
7873,1,1,0,0,1,0,0,0,1,0,1,1,0,1,0,0,1,0
7874,1,1,0,0,1,0,0,0,1,0,0,1,0,1,1,0,0,1
7875,1,1,0,0,1,0,0,0,1,1,0,1,0,1,0,0,0,1
7876,1,1,0,0,1,0,0,0,1,0,0,1,1,1,0,0,0,1
7877,1,1,0,0,1,0,0,0,1,0,0,1,0,1,0,0,1,1
7878,1,1,0,0,1,0,0,0,1,1,0,1,0,1,1,0,0,0
7879,1,1,0,0,1,0,0,0,1,0,0,1,1,1,1,0,0,0
7880,1,1,0,0,1,0,0,0,1,0,0,1,0,1,1,0,1,0
7881,1,1,0,0,1,0,0,0,1,1,0,1,1,1,0,0,0,0
7882,1,1,0,0,1,0,0,0,1,1,0,1,0,1,0,0,1,0
7883,1,1,0,0,1,0,0,0,1,0,0,1,1,1,0,0,1,0
7884,1,1,0,0,1,0,0,0,1,0,1,1,0,0,1,0,0,1
7885,1,1,0,0,1,0,0,0,1,1,1,1,0,0,0,0,0,1
7886,1,1,0,0,1,0,0,0,1,0,1,1,1,0,0,0,0,1
7887,1,1,0,0,1,0,0,0,1,0,1,1,0,0,0,0,1,1
7888,1,1,0,0,1,0,0,0,1,1,1,1,0,0,1,0,0,0
7889,1,1,0,0,1,0,0,0,1,0,1,1,1,0,1,0,0,0
7890,1,1,0,0,1,0,0,0,1,0,1,1,0,0,1,0,1,0
7891,1,1,0,0,1,0,0,0,1,1,1,1,1,0,0,0,0,0
7892,1,1,0,0,1,0,0,0,1,1,1,1,0,0,0,0,1,0
7893,1,1,0,0,1,0,0,0,1,0,1,1,1,0,0,0,1,0
7894,1,1,0,0,1,0,0,0,1,1,0,1,0,0,1,0,0,1
7895,1,1,0,0,1,0,0,0,1,0,0,1,1,0,1,0,0,1
7896,1,1,0,0,1,0,0,0,1,0,0,1,0,0,1,0,1,1
7897,1,1,0,0,1,0,0,0,1,1,0,1,1,0,0,0,0,1
7898,1,1,0,0,1,0,0,0,1,1,0,1,0,0,0,0,1,1
7899,1,1,0,0,1,0,0,0,1,0,0,1,1,0,0,0,1,1
7900,1,1,0,0,1,0,0,0,1,1,0,1,1,0,1,0,0,0
7901,1,1,0,0,1,0,0,0,1,1,0,1,0,0,1,0,1,0
7902,1,1,0,0,1,0,0,0,1,0,0,1,1,0,1,0,1,0
7903,1,1,0,0,1,0,0,0,1,1,0,1,1,0,0,0,1,0
7904,1,1,0,0,1,0,0,0,1,0,1,0,0,1,1,0,0,1
7905,1,1,0,0,1,0,0,0,1,1,1,0,0,1,0,0,0,1
7906,1,1,0,0,1,0,0,0,1,0,1,0,1,1,0,0,0,1
7907,1,1,0,0,1,0,0,0,1,0,1,0,0,1,0,0,1,1
7908,1,1,0,0,1,0,0,0,1,1,1,0,0,1,1,0,0,0
7909,1,1,0,0,1,0,0,0,1,0,1,0,1,1,1,0,0,0
7910,1,1,0,0,1,0,0,0,1,0,1,0,0,1,1,0,1,0
7911,1,1,0,0,1,0,0,0,1,1,1,0,1,1,0,0,0,0
7912,1,1,0,0,1,0,0,0,1,1,1,0,0,1,0,0,1,0
7913,1,1,0,0,1,0,0,0,1,0,1,0,1,1,0,0,1,0
7914,1,1,0,0,1,0,0,0,1,1,0,0,0,1,1,0,0,1
7915,1,1,0,0,1,0,0,0,1,0,0,0,1,1,1,0,0,1
7916,1,1,0,0,1,0,0,0,1,0,0,0,0,1,1,0,1,1
7917,1,1,0,0,1,0,0,0,1,1,0,0,1,1,0,0,0,1
7918,1,1,0,0,1,0,0,0,1,1,0,0,0,1,0,0,1,1
7919,1,1,0,0,1,0,0,0,1,0,0,0,1,1,0,0,1,1
7920,1,1,0,0,1,0,0,0,1,1,0,0,1,1,1,0,0,0
7921,1,1,0,0,1,0,0,0,1,1,0,0,0,1,1,0,1,0
7922,1,1,0,0,1,0,0,0,1,0,0,0,1,1,1,0,1,0
7923,1,1,0,0,1,0,0,0,1,1,0,0,1,1,0,0,1,0
7924,1,1,0,0,1,0,0,0,1,1,1,0,0,0,1,0,0,1
7925,1,1,0,0,1,0,0,0,1,0,1,0,1,0,1,0,0,1
7926,1,1,0,0,1,0,0,0,1,0,1,0,0,0,1,0,1,1
7927,1,1,0,0,1,0,0,0,1,1,1,0,1,0,0,0,0,1
7928,1,1,0,0,1,0,0,0,1,1,1,0,0,0,0,0,1,1
7929,1,1,0,0,1,0,0,0,1,0,1,0,1,0,0,0,1,1
7930,1,1,0,0,1,0,0,0,1,1,1,0,1,0,1,0,0,0
7931,1,1,0,0,1,0,0,0,1,1,1,0,0,0,1,0,1,0
7932,1,1,0,0,1,0,0,0,1,0,1,0,1,0,1,0,1,0
7933,1,1,0,0,1,0,0,0,1,1,1,0,1,0,0,0,1,0
7934,1,1,0,0,1,0,0,0,1,1,0,0,1,0,1,0,0,1
7935,1,1,0,0,1,0,0,0,1,1,0,0,0,0,1,0,1,1
7936,1,1,0,0,1,0,0,0,1,0,0,0,1,0,1,0,1,1
7937,1,1,0,0,1,0,0,0,1,1,0,0,1,0,0,0,1,1
7938,1,1,0,0,1,0,0,0,1,1,0,0,1,0,1,0,1,0
7939,0,1,1,0,1,0,1,0,1,0,1,1,0,1,0,0,0,0
7940,0,1,1,0,1,0,1,0,1,0,0,1,0,1,0,0,0,1
7941,0,1,1,0,1,0,1,0,1,0,0,1,0,1,1,0,0,0
7942,0,1,1,0,1,0,1,0,1,1,0,1,0,1,0,0,0,0
7943,0,1,1,0,1,0,1,0,1,0,0,1,1,1,0,0,0,0
7944,0,1,1,0,1,0,1,0,1,0,0,1,0,1,0,0,1,0
7945,0,1,1,0,1,0,1,0,1,0,1,1,0,0,0,0,0,1
7946,0,1,1,0,1,0,1,0,1,0,1,1,0,0,1,0,0,0
7947,0,1,1,0,1,0,1,0,1,1,1,1,0,0,0,0,0,0
7948,0,1,1,0,1,0,1,0,1,0,1,1,1,0,0,0,0,0
7949,0,1,1,0,1,0,1,0,1,0,1,1,0,0,0,0,1,0
7950,0,1,1,0,1,0,1,0,1,0,0,1,0,0,1,0,0,1
7951,0,1,1,0,1,0,1,0,1,1,0,1,0,0,0,0,0,1
7952,0,1,1,0,1,0,1,0,1,0,0,1,1,0,0,0,0,1
7953,0,1,1,0,1,0,1,0,1,0,0,1,0,0,0,0,1,1
7954,0,1,1,0,1,0,1,0,1,1,0,1,0,0,1,0,0,0
7955,0,1,1,0,1,0,1,0,1,0,0,1,1,0,1,0,0,0
7956,0,1,1,0,1,0,1,0,1,0,0,1,0,0,1,0,1,0
7957,0,1,1,0,1,0,1,0,1,1,0,1,1,0,0,0,0,0
7958,0,1,1,0,1,0,1,0,1,1,0,1,0,0,0,0,1,0
7959,0,1,1,0,1,0,1,0,1,0,0,1,1,0,0,0,1,0
7960,0,1,1,0,1,0,1,0,1,0,1,0,0,1,0,0,0,1
7961,0,1,1,0,1,0,1,0,1,0,1,0,0,1,1,0,0,0
7962,0,1,1,0,1,0,1,0,1,1,1,0,0,1,0,0,0,0
7963,0,1,1,0,1,0,1,0,1,0,1,0,1,1,0,0,0,0
7964,0,1,1,0,1,0,1,0,1,0,1,0,0,1,0,0,1,0
7965,0,1,1,0,1,0,1,0,1,0,0,0,0,1,1,0,0,1
7966,0,1,1,0,1,0,1,0,1,1,0,0,0,1,0,0,0,1
7967,0,1,1,0,1,0,1,0,1,0,0,0,1,1,0,0,0,1
7968,0,1,1,0,1,0,1,0,1,0,0,0,0,1,0,0,1,1
7969,0,1,1,0,1,0,1,0,1,1,0,0,0,1,1,0,0,0
7970,0,1,1,0,1,0,1,0,1,0,0,0,1,1,1,0,0,0
7971,0,1,1,0,1,0,1,0,1,0,0,0,0,1,1,0,1,0
7972,0,1,1,0,1,0,1,0,1,1,0,0,1,1,0,0,0,0
7973,0,1,1,0,1,0,1,0,1,1,0,0,0,1,0,0,1,0
7974,0,1,1,0,1,0,1,0,1,0,0,0,1,1,0,0,1,0
7975,0,1,1,0,1,0,1,0,1,0,1,0,0,0,1,0,0,1
7976,0,1,1,0,1,0,1,0,1,1,1,0,0,0,0,0,0,1
7977,0,1,1,0,1,0,1,0,1,0,1,0,1,0,0,0,0,1
7978,0,1,1,0,1,0,1,0,1,0,1,0,0,0,0,0,1,1
7979,0,1,1,0,1,0,1,0,1,1,1,0,0,0,1,0,0,0
7980,0,1,1,0,1,0,1,0,1,0,1,0,1,0,1,0,0,0
7981,0,1,1,0,1,0,1,0,1,0,1,0,0,0,1,0,1,0
7982,0,1,1,0,1,0,1,0,1,1,1,0,1,0,0,0,0,0
7983,0,1,1,0,1,0,1,0,1,1,1,0,0,0,0,0,1,0
7984,0,1,1,0,1,0,1,0,1,0,1,0,1,0,0,0,1,0
7985,0,1,1,0,1,0,1,0,1,1,0,0,0,0,1,0,0,1
7986,0,1,1,0,1,0,1,0,1,0,0,0,1,0,1,0,0,1
7987,0,1,1,0,1,0,1,0,1,0,0,0,0,0,1,0,1,1
7988,0,1,1,0,1,0,1,0,1,1,0,0,1,0,0,0,0,1
7989,0,1,1,0,1,0,1,0,1,1,0,0,0,0,0,0,1,1
7990,0,1,1,0,1,0,1,0,1,0,0,0,1,0,0,0,1,1
7991,0,1,1,0,1,0,1,0,1,1,0,0,1,0,1,0,0,0
7992,0,1,1,0,1,0,1,0,1,1,0,0,0,0,1,0,1,0
7993,0,1,1,0,1,0,1,0,1,0,0,0,1,0,1,0,1,0
7994,0,1,1,0,1,0,1,0,1,1,0,0,1,0,0,0,1,0
7995,0,1,1,0,1,0,0,0,1,0,1,1,0,1,0,0,0,1
7996,0,1,1,0,1,0,0,0,1,0,1,1,0,1,1,0,0,0
7997,0,1,1,0,1,0,0,0,1,1,1,1,0,1,0,0,0,0
7998,0,1,1,0,1,0,0,0,1,0,1,1,1,1,0,0,0,0
7999,0,1,1,0,1,0,0,0,1,0,1,1,0,1,0,0,1,0
8000,0,1,1,0,1,0,0,0,1,0,0,1,0,1,1,0,0,1
8001,0,1,1,0,1,0,0,0,1,1,0,1,0,1,0,0,0,1
8002,0,1,1,0,1,0,0,0,1,0,0,1,1,1,0,0,0,1
8003,0,1,1,0,1,0,0,0,1,0,0,1,0,1,0,0,1,1
8004,0,1,1,0,1,0,0,0,1,1,0,1,0,1,1,0,0,0
8005,0,1,1,0,1,0,0,0,1,0,0,1,1,1,1,0,0,0
8006,0,1,1,0,1,0,0,0,1,0,0,1,0,1,1,0,1,0
8007,0,1,1,0,1,0,0,0,1,1,0,1,1,1,0,0,0,0
8008,0,1,1,0,1,0,0,0,1,1,0,1,0,1,0,0,1,0
8009,0,1,1,0,1,0,0,0,1,0,0,1,1,1,0,0,1,0
8010,0,1,1,0,1,0,0,0,1,0,1,1,0,0,1,0,0,1
8011,0,1,1,0,1,0,0,0,1,1,1,1,0,0,0,0,0,1
8012,0,1,1,0,1,0,0,0,1,0,1,1,1,0,0,0,0,1
8013,0,1,1,0,1,0,0,0,1,0,1,1,0,0,0,0,1,1
8014,0,1,1,0,1,0,0,0,1,1,1,1,0,0,1,0,0,0
8015,0,1,1,0,1,0,0,0,1,0,1,1,1,0,1,0,0,0
8016,0,1,1,0,1,0,0,0,1,0,1,1,0,0,1,0,1,0
8017,0,1,1,0,1,0,0,0,1,1,1,1,1,0,0,0,0,0
8018,0,1,1,0,1,0,0,0,1,1,1,1,0,0,0,0,1,0
8019,0,1,1,0,1,0,0,0,1,0,1,1,1,0,0,0,1,0
8020,0,1,1,0,1,0,0,0,1,1,0,1,0,0,1,0,0,1
8021,0,1,1,0,1,0,0,0,1,0,0,1,1,0,1,0,0,1
8022,0,1,1,0,1,0,0,0,1,0,0,1,0,0,1,0,1,1
8023,0,1,1,0,1,0,0,0,1,1,0,1,1,0,0,0,0,1
8024,0,1,1,0,1,0,0,0,1,1,0,1,0,0,0,0,1,1
8025,0,1,1,0,1,0,0,0,1,0,0,1,1,0,0,0,1,1
8026,0,1,1,0,1,0,0,0,1,1,0,1,1,0,1,0,0,0
8027,0,1,1,0,1,0,0,0,1,1,0,1,0,0,1,0,1,0
8028,0,1,1,0,1,0,0,0,1,0,0,1,1,0,1,0,1,0
8029,0,1,1,0,1,0,0,0,1,1,0,1,1,0,0,0,1,0
8030,0,1,1,0,1,0,0,0,1,0,1,0,0,1,1,0,0,1
8031,0,1,1,0,1,0,0,0,1,1,1,0,0,1,0,0,0,1
8032,0,1,1,0,1,0,0,0,1,0,1,0,1,1,0,0,0,1
8033,0,1,1,0,1,0,0,0,1,0,1,0,0,1,0,0,1,1
8034,0,1,1,0,1,0,0,0,1,1,1,0,0,1,1,0,0,0
8035,0,1,1,0,1,0,0,0,1,0,1,0,1,1,1,0,0,0
8036,0,1,1,0,1,0,0,0,1,0,1,0,0,1,1,0,1,0
8037,0,1,1,0,1,0,0,0,1,1,1,0,1,1,0,0,0,0
8038,0,1,1,0,1,0,0,0,1,1,1,0,0,1,0,0,1,0
8039,0,1,1,0,1,0,0,0,1,0,1,0,1,1,0,0,1,0
8040,0,1,1,0,1,0,0,0,1,1,0,0,0,1,1,0,0,1
8041,0,1,1,0,1,0,0,0,1,0,0,0,1,1,1,0,0,1
8042,0,1,1,0,1,0,0,0,1,0,0,0,0,1,1,0,1,1
8043,0,1,1,0,1,0,0,0,1,1,0,0,1,1,0,0,0,1
8044,0,1,1,0,1,0,0,0,1,1,0,0,0,1,0,0,1,1
8045,0,1,1,0,1,0,0,0,1,0,0,0,1,1,0,0,1,1
8046,0,1,1,0,1,0,0,0,1,1,0,0,1,1,1,0,0,0
8047,0,1,1,0,1,0,0,0,1,1,0,0,0,1,1,0,1,0
8048,0,1,1,0,1,0,0,0,1,0,0,0,1,1,1,0,1,0
8049,0,1,1,0,1,0,0,0,1,1,0,0,1,1,0,0,1,0
8050,0,1,1,0,1,0,0,0,1,1,1,0,0,0,1,0,0,1
8051,0,1,1,0,1,0,0,0,1,0,1,0,1,0,1,0,0,1
8052,0,1,1,0,1,0,0,0,1,0,1,0,0,0,1,0,1,1
8053,0,1,1,0,1,0,0,0,1,1,1,0,1,0,0,0,0,1
8054,0,1,1,0,1,0,0,0,1,1,1,0,0,0,0,0,1,1
8055,0,1,1,0,1,0,0,0,1,0,1,0,1,0,0,0,1,1
8056,0,1,1,0,1,0,0,0,1,1,1,0,1,0,1,0,0,0
8057,0,1,1,0,1,0,0,0,1,1,1,0,0,0,1,0,1,0
8058,0,1,1,0,1,0,0,0,1,0,1,0,1,0,1,0,1,0
8059,0,1,1,0,1,0,0,0,1,1,1,0,1,0,0,0,1,0
8060,0,1,1,0,1,0,0,0,1,1,0,0,1,0,1,0,0,1
8061,0,1,1,0,1,0,0,0,1,1,0,0,0,0,1,0,1,1
8062,0,1,1,0,1,0,0,0,1,0,0,0,1,0,1,0,1,1
8063,0,1,1,0,1,0,0,0,1,1,0,0,1,0,0,0,1,1
8064,0,1,1,0,1,0,0,0,1,1,0,0,1,0,1,0,1,0
8065,0,1,0,1,1,0,1,0,1,0,1,1,0,1,0,0,0,0
8066,0,1,0,1,1,0,1,0,1,0,0,1,0,1,0,0,0,1
8067,0,1,0,1,1,0,1,0,1,0,0,1,0,1,1,0,0,0
8068,0,1,0,1,1,0,1,0,1,1,0,1,0,1,0,0,0,0
8069,0,1,0,1,1,0,1,0,1,0,0,1,1,1,0,0,0,0
8070,0,1,0,1,1,0,1,0,1,0,0,1,0,1,0,0,1,0
8071,0,1,0,1,1,0,1,0,1,0,1,1,0,0,0,0,0,1
8072,0,1,0,1,1,0,1,0,1,0,1,1,0,0,1,0,0,0
8073,0,1,0,1,1,0,1,0,1,1,1,1,0,0,0,0,0,0
8074,0,1,0,1,1,0,1,0,1,0,1,1,1,0,0,0,0,0
8075,0,1,0,1,1,0,1,0,1,0,1,1,0,0,0,0,1,0
8076,0,1,0,1,1,0,1,0,1,0,0,1,0,0,1,0,0,1
8077,0,1,0,1,1,0,1,0,1,1,0,1,0,0,0,0,0,1
8078,0,1,0,1,1,0,1,0,1,0,0,1,1,0,0,0,0,1
8079,0,1,0,1,1,0,1,0,1,0,0,1,0,0,0,0,1,1
8080,0,1,0,1,1,0,1,0,1,1,0,1,0,0,1,0,0,0
8081,0,1,0,1,1,0,1,0,1,0,0,1,1,0,1,0,0,0
8082,0,1,0,1,1,0,1,0,1,0,0,1,0,0,1,0,1,0
8083,0,1,0,1,1,0,1,0,1,1,0,1,1,0,0,0,0,0
8084,0,1,0,1,1,0,1,0,1,1,0,1,0,0,0,0,1,0
8085,0,1,0,1,1,0,1,0,1,0,0,1,1,0,0,0,1,0
8086,0,1,0,1,1,0,1,0,1,0,1,0,0,1,0,0,0,1
8087,0,1,0,1,1,0,1,0,1,0,1,0,0,1,1,0,0,0
8088,0,1,0,1,1,0,1,0,1,1,1,0,0,1,0,0,0,0
8089,0,1,0,1,1,0,1,0,1,0,1,0,1,1,0,0,0,0
8090,0,1,0,1,1,0,1,0,1,0,1,0,0,1,0,0,1,0
8091,0,1,0,1,1,0,1,0,1,0,0,0,0,1,1,0,0,1
8092,0,1,0,1,1,0,1,0,1,1,0,0,0,1,0,0,0,1
8093,0,1,0,1,1,0,1,0,1,0,0,0,1,1,0,0,0,1
8094,0,1,0,1,1,0,1,0,1,0,0,0,0,1,0,0,1,1
8095,0,1,0,1,1,0,1,0,1,1,0,0,0,1,1,0,0,0
8096,0,1,0,1,1,0,1,0,1,0,0,0,1,1,1,0,0,0
8097,0,1,0,1,1,0,1,0,1,0,0,0,0,1,1,0,1,0
8098,0,1,0,1,1,0,1,0,1,1,0,0,1,1,0,0,0,0
8099,0,1,0,1,1,0,1,0,1,1,0,0,0,1,0,0,1,0
8100,0,1,0,1,1,0,1,0,1,0,0,0,1,1,0,0,1,0
8101,0,1,0,1,1,0,1,0,1,0,1,0,0,0,1,0,0,1
8102,0,1,0,1,1,0,1,0,1,1,1,0,0,0,0,0,0,1
8103,0,1,0,1,1,0,1,0,1,0,1,0,1,0,0,0,0,1
8104,0,1,0,1,1,0,1,0,1,0,1,0,0,0,0,0,1,1
8105,0,1,0,1,1,0,1,0,1,1,1,0,0,0,1,0,0,0
8106,0,1,0,1,1,0,1,0,1,0,1,0,1,0,1,0,0,0
8107,0,1,0,1,1,0,1,0,1,0,1,0,0,0,1,0,1,0
8108,0,1,0,1,1,0,1,0,1,1,1,0,1,0,0,0,0,0
8109,0,1,0,1,1,0,1,0,1,1,1,0,0,0,0,0,1,0
8110,0,1,0,1,1,0,1,0,1,0,1,0,1,0,0,0,1,0
8111,0,1,0,1,1,0,1,0,1,1,0,0,0,0,1,0,0,1
8112,0,1,0,1,1,0,1,0,1,0,0,0,1,0,1,0,0,1
8113,0,1,0,1,1,0,1,0,1,0,0,0,0,0,1,0,1,1
8114,0,1,0,1,1,0,1,0,1,1,0,0,1,0,0,0,0,1
8115,0,1,0,1,1,0,1,0,1,1,0,0,0,0,0,0,1,1
8116,0,1,0,1,1,0,1,0,1,0,0,0,1,0,0,0,1,1
8117,0,1,0,1,1,0,1,0,1,1,0,0,1,0,1,0,0,0
8118,0,1,0,1,1,0,1,0,1,1,0,0,0,0,1,0,1,0
8119,0,1,0,1,1,0,1,0,1,0,0,0,1,0,1,0,1,0
8120,0,1,0,1,1,0,1,0,1,1,0,0,1,0,0,0,1,0
8121,0,1,0,1,1,0,0,0,1,0,1,1,0,1,0,0,0,1
8122,0,1,0,1,1,0,0,0,1,0,1,1,0,1,1,0,0,0
8123,0,1,0,1,1,0,0,0,1,1,1,1,0,1,0,0,0,0
8124,0,1,0,1,1,0,0,0,1,0,1,1,1,1,0,0,0,0
8125,0,1,0,1,1,0,0,0,1,0,1,1,0,1,0,0,1,0
8126,0,1,0,1,1,0,0,0,1,0,0,1,0,1,1,0,0,1
8127,0,1,0,1,1,0,0,0,1,1,0,1,0,1,0,0,0,1
8128,0,1,0,1,1,0,0,0,1,0,0,1,1,1,0,0,0,1
8129,0,1,0,1,1,0,0,0,1,0,0,1,0,1,0,0,1,1
8130,0,1,0,1,1,0,0,0,1,1,0,1,0,1,1,0,0,0
8131,0,1,0,1,1,0,0,0,1,0,0,1,1,1,1,0,0,0
8132,0,1,0,1,1,0,0,0,1,0,0,1,0,1,1,0,1,0
8133,0,1,0,1,1,0,0,0,1,1,0,1,1,1,0,0,0,0
8134,0,1,0,1,1,0,0,0,1,1,0,1,0,1,0,0,1,0
8135,0,1,0,1,1,0,0,0,1,0,0,1,1,1,0,0,1,0
8136,0,1,0,1,1,0,0,0,1,0,1,1,0,0,1,0,0,1
8137,0,1,0,1,1,0,0,0,1,1,1,1,0,0,0,0,0,1
8138,0,1,0,1,1,0,0,0,1,0,1,1,1,0,0,0,0,1
8139,0,1,0,1,1,0,0,0,1,0,1,1,0,0,0,0,1,1
8140,0,1,0,1,1,0,0,0,1,1,1,1,0,0,1,0,0,0
8141,0,1,0,1,1,0,0,0,1,0,1,1,1,0,1,0,0,0
8142,0,1,0,1,1,0,0,0,1,0,1,1,0,0,1,0,1,0
8143,0,1,0,1,1,0,0,0,1,1,1,1,1,0,0,0,0,0
8144,0,1,0,1,1,0,0,0,1,1,1,1,0,0,0,0,1,0
8145,0,1,0,1,1,0,0,0,1,0,1,1,1,0,0,0,1,0
8146,0,1,0,1,1,0,0,0,1,1,0,1,0,0,1,0,0,1
8147,0,1,0,1,1,0,0,0,1,0,0,1,1,0,1,0,0,1
8148,0,1,0,1,1,0,0,0,1,0,0,1,0,0,1,0,1,1
8149,0,1,0,1,1,0,0,0,1,1,0,1,1,0,0,0,0,1
8150,0,1,0,1,1,0,0,0,1,1,0,1,0,0,0,0,1,1
8151,0,1,0,1,1,0,0,0,1,0,0,1,1,0,0,0,1,1
8152,0,1,0,1,1,0,0,0,1,1,0,1,1,0,1,0,0,0
8153,0,1,0,1,1,0,0,0,1,1,0,1,0,0,1,0,1,0
8154,0,1,0,1,1,0,0,0,1,0,0,1,1,0,1,0,1,0
8155,0,1,0,1,1,0,0,0,1,1,0,1,1,0,0,0,1,0
8156,0,1,0,1,1,0,0,0,1,0,1,0,0,1,1,0,0,1
8157,0,1,0,1,1,0,0,0,1,1,1,0,0,1,0,0,0,1
8158,0,1,0,1,1,0,0,0,1,0,1,0,1,1,0,0,0,1
8159,0,1,0,1,1,0,0,0,1,0,1,0,0,1,0,0,1,1
8160,0,1,0,1,1,0,0,0,1,1,1,0,0,1,1,0,0,0
8161,0,1,0,1,1,0,0,0,1,0,1,0,1,1,1,0,0,0
8162,0,1,0,1,1,0,0,0,1,0,1,0,0,1,1,0,1,0
8163,0,1,0,1,1,0,0,0,1,1,1,0,1,1,0,0,0,0
8164,0,1,0,1,1,0,0,0,1,1,1,0,0,1,0,0,1,0
8165,0,1,0,1,1,0,0,0,1,0,1,0,1,1,0,0,1,0
8166,0,1,0,1,1,0,0,0,1,1,0,0,0,1,1,0,0,1
8167,0,1,0,1,1,0,0,0,1,0,0,0,1,1,1,0,0,1
8168,0,1,0,1,1,0,0,0,1,0,0,0,0,1,1,0,1,1
8169,0,1,0,1,1,0,0,0,1,1,0,0,1,1,0,0,0,1
8170,0,1,0,1,1,0,0,0,1,1,0,0,0,1,0,0,1,1
8171,0,1,0,1,1,0,0,0,1,0,0,0,1,1,0,0,1,1
8172,0,1,0,1,1,0,0,0,1,1,0,0,1,1,1,0,0,0
8173,0,1,0,1,1,0,0,0,1,1,0,0,0,1,1,0,1,0
8174,0,1,0,1,1,0,0,0,1,0,0,0,1,1,1,0,1,0
8175,0,1,0,1,1,0,0,0,1,1,0,0,1,1,0,0,1,0
8176,0,1,0,1,1,0,0,0,1,1,1,0,0,0,1,0,0,1
8177,0,1,0,1,1,0,0,0,1,0,1,0,1,0,1,0,0,1
8178,0,1,0,1,1,0,0,0,1,0,1,0,0,0,1,0,1,1
8179,0,1,0,1,1,0,0,0,1,1,1,0,1,0,0,0,0,1
8180,0,1,0,1,1,0,0,0,1,1,1,0,0,0,0,0,1,1
8181,0,1,0,1,1,0,0,0,1,0,1,0,1,0,0,0,1,1
8182,0,1,0,1,1,0,0,0,1,1,1,0,1,0,1,0,0,0
8183,0,1,0,1,1,0,0,0,1,1,1,0,0,0,1,0,1,0
8184,0,1,0,1,1,0,0,0,1,0,1,0,1,0,1,0,1,0
8185,0,1,0,1,1,0,0,0,1,1,1,0,1,0,0,0,1,0
8186,0,1,0,1,1,0,0,0,1,1,0,0,1,0,1,0,0,1
8187,0,1,0,1,1,0,0,0,1,1,0,0,0,0,1,0,1,1
8188,0,1,0,1,1,0,0,0,1,0,0,0,1,0,1,0,1,1
8189,0,1,0,1,1,0,0,0,1,1,0,0,1,0,0,0,1,1
8190,0,1,0,1,1,0,0,0,1,1,0,0,1,0,1,0,1,0
8191,1,0,0,0,1,1,1,0,1,0,1,1,0,1,0,0,0,0
8192,1,0,0,0,1,1,1,0,1,0,0,1,0,1,0,0,0,1
8193,1,0,0,0,1,1,1,0,1,0,0,1,0,1,1,0,0,0
8194,1,0,0,0,1,1,1,0,1,1,0,1,0,1,0,0,0,0
8195,1,0,0,0,1,1,1,0,1,0,0,1,1,1,0,0,0,0
8196,1,0,0,0,1,1,1,0,1,0,0,1,0,1,0,0,1,0
8197,1,0,0,0,1,1,1,0,1,0,1,1,0,0,0,0,0,1
8198,1,0,0,0,1,1,1,0,1,0,1,1,0,0,1,0,0,0
8199,1,0,0,0,1,1,1,0,1,1,1,1,0,0,0,0,0,0
8200,1,0,0,0,1,1,1,0,1,0,1,1,1,0,0,0,0,0
8201,1,0,0,0,1,1,1,0,1,0,1,1,0,0,0,0,1,0
8202,1,0,0,0,1,1,1,0,1,0,0,1,0,0,1,0,0,1
8203,1,0,0,0,1,1,1,0,1,1,0,1,0,0,0,0,0,1
8204,1,0,0,0,1,1,1,0,1,0,0,1,1,0,0,0,0,1
8205,1,0,0,0,1,1,1,0,1,0,0,1,0,0,0,0,1,1
8206,1,0,0,0,1,1,1,0,1,1,0,1,0,0,1,0,0,0
8207,1,0,0,0,1,1,1,0,1,0,0,1,1,0,1,0,0,0
8208,1,0,0,0,1,1,1,0,1,0,0,1,0,0,1,0,1,0
8209,1,0,0,0,1,1,1,0,1,1,0,1,1,0,0,0,0,0
8210,1,0,0,0,1,1,1,0,1,1,0,1,0,0,0,0,1,0
8211,1,0,0,0,1,1,1,0,1,0,0,1,1,0,0,0,1,0
8212,1,0,0,0,1,1,1,0,1,0,1,0,0,1,0,0,0,1
8213,1,0,0,0,1,1,1,0,1,0,1,0,0,1,1,0,0,0
8214,1,0,0,0,1,1,1,0,1,1,1,0,0,1,0,0,0,0
8215,1,0,0,0,1,1,1,0,1,0,1,0,1,1,0,0,0,0
8216,1,0,0,0,1,1,1,0,1,0,1,0,0,1,0,0,1,0
8217,1,0,0,0,1,1,1,0,1,0,0,0,0,1,1,0,0,1
8218,1,0,0,0,1,1,1,0,1,1,0,0,0,1,0,0,0,1
8219,1,0,0,0,1,1,1,0,1,0,0,0,1,1,0,0,0,1
8220,1,0,0,0,1,1,1,0,1,0,0,0,0,1,0,0,1,1
8221,1,0,0,0,1,1,1,0,1,1,0,0,0,1,1,0,0,0
8222,1,0,0,0,1,1,1,0,1,0,0,0,1,1,1,0,0,0
8223,1,0,0,0,1,1,1,0,1,0,0,0,0,1,1,0,1,0
8224,1,0,0,0,1,1,1,0,1,1,0,0,1,1,0,0,0,0
8225,1,0,0,0,1,1,1,0,1,1,0,0,0,1,0,0,1,0
8226,1,0,0,0,1,1,1,0,1,0,0,0,1,1,0,0,1,0
8227,1,0,0,0,1,1,1,0,1,0,1,0,0,0,1,0,0,1
8228,1,0,0,0,1,1,1,0,1,1,1,0,0,0,0,0,0,1
8229,1,0,0,0,1,1,1,0,1,0,1,0,1,0,0,0,0,1
8230,1,0,0,0,1,1,1,0,1,0,1,0,0,0,0,0,1,1
8231,1,0,0,0,1,1,1,0,1,1,1,0,0,0,1,0,0,0
8232,1,0,0,0,1,1,1,0,1,0,1,0,1,0,1,0,0,0
8233,1,0,0,0,1,1,1,0,1,0,1,0,0,0,1,0,1,0
8234,1,0,0,0,1,1,1,0,1,1,1,0,1,0,0,0,0,0
8235,1,0,0,0,1,1,1,0,1,1,1,0,0,0,0,0,1,0
8236,1,0,0,0,1,1,1,0,1,0,1,0,1,0,0,0,1,0
8237,1,0,0,0,1,1,1,0,1,1,0,0,0,0,1,0,0,1
8238,1,0,0,0,1,1,1,0,1,0,0,0,1,0,1,0,0,1
8239,1,0,0,0,1,1,1,0,1,0,0,0,0,0,1,0,1,1
8240,1,0,0,0,1,1,1,0,1,1,0,0,1,0,0,0,0,1
8241,1,0,0,0,1,1,1,0,1,1,0,0,0,0,0,0,1,1
8242,1,0,0,0,1,1,1,0,1,0,0,0,1,0,0,0,1,1
8243,1,0,0,0,1,1,1,0,1,1,0,0,1,0,1,0,0,0
8244,1,0,0,0,1,1,1,0,1,1,0,0,0,0,1,0,1,0
8245,1,0,0,0,1,1,1,0,1,0,0,0,1,0,1,0,1,0
8246,1,0,0,0,1,1,1,0,1,1,0,0,1,0,0,0,1,0
8247,1,0,0,0,1,1,0,0,1,0,1,1,0,1,0,0,0,1
8248,1,0,0,0,1,1,0,0,1,0,1,1,0,1,1,0,0,0
8249,1,0,0,0,1,1,0,0,1,1,1,1,0,1,0,0,0,0
8250,1,0,0,0,1,1,0,0,1,0,1,1,1,1,0,0,0,0
8251,1,0,0,0,1,1,0,0,1,0,1,1,0,1,0,0,1,0
8252,1,0,0,0,1,1,0,0,1,0,0,1,0,1,1,0,0,1
8253,1,0,0,0,1,1,0,0,1,1,0,1,0,1,0,0,0,1
8254,1,0,0,0,1,1,0,0,1,0,0,1,1,1,0,0,0,1
8255,1,0,0,0,1,1,0,0,1,0,0,1,0,1,0,0,1,1
8256,1,0,0,0,1,1,0,0,1,1,0,1,0,1,1,0,0,0
8257,1,0,0,0,1,1,0,0,1,0,0,1,1,1,1,0,0,0
8258,1,0,0,0,1,1,0,0,1,0,0,1,0,1,1,0,1,0
8259,1,0,0,0,1,1,0,0,1,1,0,1,1,1,0,0,0,0
8260,1,0,0,0,1,1,0,0,1,1,0,1,0,1,0,0,1,0
8261,1,0,0,0,1,1,0,0,1,0,0,1,1,1,0,0,1,0
8262,1,0,0,0,1,1,0,0,1,0,1,1,0,0,1,0,0,1
8263,1,0,0,0,1,1,0,0,1,1,1,1,0,0,0,0,0,1
8264,1,0,0,0,1,1,0,0,1,0,1,1,1,0,0,0,0,1
8265,1,0,0,0,1,1,0,0,1,0,1,1,0,0,0,0,1,1
8266,1,0,0,0,1,1,0,0,1,1,1,1,0,0,1,0,0,0
8267,1,0,0,0,1,1,0,0,1,0,1,1,1,0,1,0,0,0
8268,1,0,0,0,1,1,0,0,1,0,1,1,0,0,1,0,1,0
8269,1,0,0,0,1,1,0,0,1,1,1,1,1,0,0,0,0,0
8270,1,0,0,0,1,1,0,0,1,1,1,1,0,0,0,0,1,0
8271,1,0,0,0,1,1,0,0,1,0,1,1,1,0,0,0,1,0
8272,1,0,0,0,1,1,0,0,1,1,0,1,0,0,1,0,0,1
8273,1,0,0,0,1,1,0,0,1,0,0,1,1,0,1,0,0,1
8274,1,0,0,0,1,1,0,0,1,0,0,1,0,0,1,0,1,1
8275,1,0,0,0,1,1,0,0,1,1,0,1,1,0,0,0,0,1
8276,1,0,0,0,1,1,0,0,1,1,0,1,0,0,0,0,1,1
8277,1,0,0,0,1,1,0,0,1,0,0,1,1,0,0,0,1,1
8278,1,0,0,0,1,1,0,0,1,1,0,1,1,0,1,0,0,0
8279,1,0,0,0,1,1,0,0,1,1,0,1,0,0,1,0,1,0
8280,1,0,0,0,1,1,0,0,1,0,0,1,1,0,1,0,1,0
8281,1,0,0,0,1,1,0,0,1,1,0,1,1,0,0,0,1,0
8282,1,0,0,0,1,1,0,0,1,0,1,0,0,1,1,0,0,1
8283,1,0,0,0,1,1,0,0,1,1,1,0,0,1,0,0,0,1
8284,1,0,0,0,1,1,0,0,1,0,1,0,1,1,0,0,0,1
8285,1,0,0,0,1,1,0,0,1,0,1,0,0,1,0,0,1,1
8286,1,0,0,0,1,1,0,0,1,1,1,0,0,1,1,0,0,0
8287,1,0,0,0,1,1,0,0,1,0,1,0,1,1,1,0,0,0
8288,1,0,0,0,1,1,0,0,1,0,1,0,0,1,1,0,1,0
8289,1,0,0,0,1,1,0,0,1,1,1,0,1,1,0,0,0,0
8290,1,0,0,0,1,1,0,0,1,1,1,0,0,1,0,0,1,0
8291,1,0,0,0,1,1,0,0,1,0,1,0,1,1,0,0,1,0
8292,1,0,0,0,1,1,0,0,1,1,0,0,0,1,1,0,0,1
8293,1,0,0,0,1,1,0,0,1,0,0,0,1,1,1,0,0,1
8294,1,0,0,0,1,1,0,0,1,0,0,0,0,1,1,0,1,1
8295,1,0,0,0,1,1,0,0,1,1,0,0,1,1,0,0,0,1
8296,1,0,0,0,1,1,0,0,1,1,0,0,0,1,0,0,1,1
8297,1,0,0,0,1,1,0,0,1,0,0,0,1,1,0,0,1,1
8298,1,0,0,0,1,1,0,0,1,1,0,0,1,1,1,0,0,0
8299,1,0,0,0,1,1,0,0,1,1,0,0,0,1,1,0,1,0
8300,1,0,0,0,1,1,0,0,1,0,0,0,1,1,1,0,1,0
8301,1,0,0,0,1,1,0,0,1,1,0,0,1,1,0,0,1,0
8302,1,0,0,0,1,1,0,0,1,1,1,0,0,0,1,0,0,1
8303,1,0,0,0,1,1,0,0,1,0,1,0,1,0,1,0,0,1
8304,1,0,0,0,1,1,0,0,1,0,1,0,0,0,1,0,1,1
8305,1,0,0,0,1,1,0,0,1,1,1,0,1,0,0,0,0,1
8306,1,0,0,0,1,1,0,0,1,1,1,0,0,0,0,0,1,1
8307,1,0,0,0,1,1,0,0,1,0,1,0,1,0,0,0,1,1
8308,1,0,0,0,1,1,0,0,1,1,1,0,1,0,1,0,0,0
8309,1,0,0,0,1,1,0,0,1,1,1,0,0,0,1,0,1,0
8310,1,0,0,0,1,1,0,0,1,0,1,0,1,0,1,0,1,0
8311,1,0,0,0,1,1,0,0,1,1,1,0,1,0,0,0,1,0
8312,1,0,0,0,1,1,0,0,1,1,0,0,1,0,1,0,0,1
8313,1,0,0,0,1,1,0,0,1,1,0,0,0,0,1,0,1,1
8314,1,0,0,0,1,1,0,0,1,0,0,0,1,0,1,0,1,1
8315,1,0,0,0,1,1,0,0,1,1,0,0,1,0,0,0,1,1
8316,1,0,0,0,1,1,0,0,1,1,0,0,1,0,1,0,1,0
8317,0,0,1,0,1,1,1,0,1,0,1,1,0,1,0,0,0,0
8318,0,0,1,0,1,1,1,0,1,0,0,1,0,1,0,0,0,1
8319,0,0,1,0,1,1,1,0,1,0,0,1,0,1,1,0,0,0
8320,0,0,1,0,1,1,1,0,1,1,0,1,0,1,0,0,0,0
8321,0,0,1,0,1,1,1,0,1,0,0,1,1,1,0,0,0,0
8322,0,0,1,0,1,1,1,0,1,0,0,1,0,1,0,0,1,0
8323,0,0,1,0,1,1,1,0,1,0,1,1,0,0,0,0,0,1
8324,0,0,1,0,1,1,1,0,1,0,1,1,0,0,1,0,0,0
8325,0,0,1,0,1,1,1,0,1,1,1,1,0,0,0,0,0,0
8326,0,0,1,0,1,1,1,0,1,0,1,1,1,0,0,0,0,0
8327,0,0,1,0,1,1,1,0,1,0,1,1,0,0,0,0,1,0
8328,0,0,1,0,1,1,1,0,1,0,0,1,0,0,1,0,0,1
8329,0,0,1,0,1,1,1,0,1,1,0,1,0,0,0,0,0,1
8330,0,0,1,0,1,1,1,0,1,0,0,1,1,0,0,0,0,1
8331,0,0,1,0,1,1,1,0,1,0,0,1,0,0,0,0,1,1
8332,0,0,1,0,1,1,1,0,1,1,0,1,0,0,1,0,0,0
8333,0,0,1,0,1,1,1,0,1,0,0,1,1,0,1,0,0,0
8334,0,0,1,0,1,1,1,0,1,0,0,1,0,0,1,0,1,0
8335,0,0,1,0,1,1,1,0,1,1,0,1,1,0,0,0,0,0
8336,0,0,1,0,1,1,1,0,1,1,0,1,0,0,0,0,1,0
8337,0,0,1,0,1,1,1,0,1,0,0,1,1,0,0,0,1,0
8338,0,0,1,0,1,1,1,0,1,0,1,0,0,1,0,0,0,1
8339,0,0,1,0,1,1,1,0,1,0,1,0,0,1,1,0,0,0
8340,0,0,1,0,1,1,1,0,1,1,1,0,0,1,0,0,0,0
8341,0,0,1,0,1,1,1,0,1,0,1,0,1,1,0,0,0,0
8342,0,0,1,0,1,1,1,0,1,0,1,0,0,1,0,0,1,0
8343,0,0,1,0,1,1,1,0,1,0,0,0,0,1,1,0,0,1
8344,0,0,1,0,1,1,1,0,1,1,0,0,0,1,0,0,0,1
8345,0,0,1,0,1,1,1,0,1,0,0,0,1,1,0,0,0,1
8346,0,0,1,0,1,1,1,0,1,0,0,0,0,1,0,0,1,1
8347,0,0,1,0,1,1,1,0,1,1,0,0,0,1,1,0,0,0
8348,0,0,1,0,1,1,1,0,1,0,0,0,1,1,1,0,0,0
8349,0,0,1,0,1,1,1,0,1,0,0,0,0,1,1,0,1,0
8350,0,0,1,0,1,1,1,0,1,1,0,0,1,1,0,0,0,0
8351,0,0,1,0,1,1,1,0,1,1,0,0,0,1,0,0,1,0
8352,0,0,1,0,1,1,1,0,1,0,0,0,1,1,0,0,1,0
8353,0,0,1,0,1,1,1,0,1,0,1,0,0,0,1,0,0,1
8354,0,0,1,0,1,1,1,0,1,1,1,0,0,0,0,0,0,1
8355,0,0,1,0,1,1,1,0,1,0,1,0,1,0,0,0,0,1
8356,0,0,1,0,1,1,1,0,1,0,1,0,0,0,0,0,1,1
8357,0,0,1,0,1,1,1,0,1,1,1,0,0,0,1,0,0,0
8358,0,0,1,0,1,1,1,0,1,0,1,0,1,0,1,0,0,0
8359,0,0,1,0,1,1,1,0,1,0,1,0,0,0,1,0,1,0
8360,0,0,1,0,1,1,1,0,1,1,1,0,1,0,0,0,0,0
8361,0,0,1,0,1,1,1,0,1,1,1,0,0,0,0,0,1,0
8362,0,0,1,0,1,1,1,0,1,0,1,0,1,0,0,0,1,0
8363,0,0,1,0,1,1,1,0,1,1,0,0,0,0,1,0,0,1
8364,0,0,1,0,1,1,1,0,1,0,0,0,1,0,1,0,0,1
8365,0,0,1,0,1,1,1,0,1,0,0,0,0,0,1,0,1,1
8366,0,0,1,0,1,1,1,0,1,1,0,0,1,0,0,0,0,1
8367,0,0,1,0,1,1,1,0,1,1,0,0,0,0,0,0,1,1
8368,0,0,1,0,1,1,1,0,1,0,0,0,1,0,0,0,1,1
8369,0,0,1,0,1,1,1,0,1,1,0,0,1,0,1,0,0,0
8370,0,0,1,0,1,1,1,0,1,1,0,0,0,0,1,0,1,0
8371,0,0,1,0,1,1,1,0,1,0,0,0,1,0,1,0,1,0
8372,0,0,1,0,1,1,1,0,1,1,0,0,1,0,0,0,1,0
8373,0,0,1,0,1,1,0,0,1,0,1,1,0,1,0,0,0,1
8374,0,0,1,0,1,1,0,0,1,0,1,1,0,1,1,0,0,0
8375,0,0,1,0,1,1,0,0,1,1,1,1,0,1,0,0,0,0
8376,0,0,1,0,1,1,0,0,1,0,1,1,1,1,0,0,0,0
8377,0,0,1,0,1,1,0,0,1,0,1,1,0,1,0,0,1,0
8378,0,0,1,0,1,1,0,0,1,0,0,1,0,1,1,0,0,1
8379,0,0,1,0,1,1,0,0,1,1,0,1,0,1,0,0,0,1
8380,0,0,1,0,1,1,0,0,1,0,0,1,1,1,0,0,0,1
8381,0,0,1,0,1,1,0,0,1,0,0,1,0,1,0,0,1,1
8382,0,0,1,0,1,1,0,0,1,1,0,1,0,1,1,0,0,0
8383,0,0,1,0,1,1,0,0,1,0,0,1,1,1,1,0,0,0
8384,0,0,1,0,1,1,0,0,1,0,0,1,0,1,1,0,1,0
8385,0,0,1,0,1,1,0,0,1,1,0,1,1,1,0,0,0,0
8386,0,0,1,0,1,1,0,0,1,1,0,1,0,1,0,0,1,0
8387,0,0,1,0,1,1,0,0,1,0,0,1,1,1,0,0,1,0
8388,0,0,1,0,1,1,0,0,1,0,1,1,0,0,1,0,0,1
8389,0,0,1,0,1,1,0,0,1,1,1,1,0,0,0,0,0,1
8390,0,0,1,0,1,1,0,0,1,0,1,1,1,0,0,0,0,1
8391,0,0,1,0,1,1,0,0,1,0,1,1,0,0,0,0,1,1
8392,0,0,1,0,1,1,0,0,1,1,1,1,0,0,1,0,0,0
8393,0,0,1,0,1,1,0,0,1,0,1,1,1,0,1,0,0,0
8394,0,0,1,0,1,1,0,0,1,0,1,1,0,0,1,0,1,0
8395,0,0,1,0,1,1,0,0,1,1,1,1,1,0,0,0,0,0
8396,0,0,1,0,1,1,0,0,1,1,1,1,0,0,0,0,1,0
8397,0,0,1,0,1,1,0,0,1,0,1,1,1,0,0,0,1,0
8398,0,0,1,0,1,1,0,0,1,1,0,1,0,0,1,0,0,1
8399,0,0,1,0,1,1,0,0,1,0,0,1,1,0,1,0,0,1
8400,0,0,1,0,1,1,0,0,1,0,0,1,0,0,1,0,1,1
8401,0,0,1,0,1,1,0,0,1,1,0,1,1,0,0,0,0,1
8402,0,0,1,0,1,1,0,0,1,1,0,1,0,0,0,0,1,1
8403,0,0,1,0,1,1,0,0,1,0,0,1,1,0,0,0,1,1
8404,0,0,1,0,1,1,0,0,1,1,0,1,1,0,1,0,0,0
8405,0,0,1,0,1,1,0,0,1,1,0,1,0,0,1,0,1,0
8406,0,0,1,0,1,1,0,0,1,0,0,1,1,0,1,0,1,0
8407,0,0,1,0,1,1,0,0,1,1,0,1,1,0,0,0,1,0
8408,0,0,1,0,1,1,0,0,1,0,1,0,0,1,1,0,0,1
8409,0,0,1,0,1,1,0,0,1,1,1,0,0,1,0,0,0,1
8410,0,0,1,0,1,1,0,0,1,0,1,0,1,1,0,0,0,1
8411,0,0,1,0,1,1,0,0,1,0,1,0,0,1,0,0,1,1
8412,0,0,1,0,1,1,0,0,1,1,1,0,0,1,1,0,0,0
8413,0,0,1,0,1,1,0,0,1,0,1,0,1,1,1,0,0,0
8414,0,0,1,0,1,1,0,0,1,0,1,0,0,1,1,0,1,0
8415,0,0,1,0,1,1,0,0,1,1,1,0,1,1,0,0,0,0
8416,0,0,1,0,1,1,0,0,1,1,1,0,0,1,0,0,1,0
8417,0,0,1,0,1,1,0,0,1,0,1,0,1,1,0,0,1,0
8418,0,0,1,0,1,1,0,0,1,1,0,0,0,1,1,0,0,1
8419,0,0,1,0,1,1,0,0,1,0,0,0,1,1,1,0,0,1
8420,0,0,1,0,1,1,0,0,1,0,0,0,0,1,1,0,1,1
8421,0,0,1,0,1,1,0,0,1,1,0,0,1,1,0,0,0,1
8422,0,0,1,0,1,1,0,0,1,1,0,0,0,1,0,0,1,1
8423,0,0,1,0,1,1,0,0,1,0,0,0,1,1,0,0,1,1
8424,0,0,1,0,1,1,0,0,1,1,0,0,1,1,1,0,0,0
8425,0,0,1,0,1,1,0,0,1,1,0,0,0,1,1,0,1,0
8426,0,0,1,0,1,1,0,0,1,0,0,0,1,1,1,0,1,0
8427,0,0,1,0,1,1,0,0,1,1,0,0,1,1,0,0,1,0
8428,0,0,1,0,1,1,0,0,1,1,1,0,0,0,1,0,0,1
8429,0,0,1,0,1,1,0,0,1,0,1,0,1,0,1,0,0,1
8430,0,0,1,0,1,1,0,0,1,0,1,0,0,0,1,0,1,1
8431,0,0,1,0,1,1,0,0,1,1,1,0,1,0,0,0,0,1
8432,0,0,1,0,1,1,0,0,1,1,1,0,0,0,0,0,1,1
8433,0,0,1,0,1,1,0,0,1,0,1,0,1,0,0,0,1,1
8434,0,0,1,0,1,1,0,0,1,1,1,0,1,0,1,0,0,0
8435,0,0,1,0,1,1,0,0,1,1,1,0,0,0,1,0,1,0
8436,0,0,1,0,1,1,0,0,1,0,1,0,1,0,1,0,1,0
8437,0,0,1,0,1,1,0,0,1,1,1,0,1,0,0,0,1,0
8438,0,0,1,0,1,1,0,0,1,1,0,0,1,0,1,0,0,1
8439,0,0,1,0,1,1,0,0,1,1,0,0,0,0,1,0,1,1
8440,0,0,1,0,1,1,0,0,1,0,0,0,1,0,1,0,1,1
8441,0,0,1,0,1,1,0,0,1,1,0,0,1,0,0,0,1,1
8442,0,0,1,0,1,1,0,0,1,1,0,0,1,0,1,0,1,0
8443,0,0,0,1,1,1,1,0,1,0,1,1,0,1,0,0,0,0
8444,0,0,0,1,1,1,1,0,1,0,0,1,0,1,0,0,0,1
8445,0,0,0,1,1,1,1,0,1,0,0,1,0,1,1,0,0,0
8446,0,0,0,1,1,1,1,0,1,1,0,1,0,1,0,0,0,0
8447,0,0,0,1,1,1,1,0,1,0,0,1,1,1,0,0,0,0
8448,0,0,0,1,1,1,1,0,1,0,0,1,0,1,0,0,1,0
8449,0,0,0,1,1,1,1,0,1,0,1,1,0,0,0,0,0,1
8450,0,0,0,1,1,1,1,0,1,0,1,1,0,0,1,0,0,0
8451,0,0,0,1,1,1,1,0,1,1,1,1,0,0,0,0,0,0
8452,0,0,0,1,1,1,1,0,1,0,1,1,1,0,0,0,0,0
8453,0,0,0,1,1,1,1,0,1,0,1,1,0,0,0,0,1,0
8454,0,0,0,1,1,1,1,0,1,0,0,1,0,0,1,0,0,1
8455,0,0,0,1,1,1,1,0,1,1,0,1,0,0,0,0,0,1
8456,0,0,0,1,1,1,1,0,1,0,0,1,1,0,0,0,0,1
8457,0,0,0,1,1,1,1,0,1,0,0,1,0,0,0,0,1,1
8458,0,0,0,1,1,1,1,0,1,1,0,1,0,0,1,0,0,0
8459,0,0,0,1,1,1,1,0,1,0,0,1,1,0,1,0,0,0
8460,0,0,0,1,1,1,1,0,1,0,0,1,0,0,1,0,1,0
8461,0,0,0,1,1,1,1,0,1,1,0,1,1,0,0,0,0,0
8462,0,0,0,1,1,1,1,0,1,1,0,1,0,0,0,0,1,0
8463,0,0,0,1,1,1,1,0,1,0,0,1,1,0,0,0,1,0
8464,0,0,0,1,1,1,1,0,1,0,1,0,0,1,0,0,0,1
8465,0,0,0,1,1,1,1,0,1,0,1,0,0,1,1,0,0,0
8466,0,0,0,1,1,1,1,0,1,1,1,0,0,1,0,0,0,0
8467,0,0,0,1,1,1,1,0,1,0,1,0,1,1,0,0,0,0
8468,0,0,0,1,1,1,1,0,1,0,1,0,0,1,0,0,1,0
8469,0,0,0,1,1,1,1,0,1,0,0,0,0,1,1,0,0,1
8470,0,0,0,1,1,1,1,0,1,1,0,0,0,1,0,0,0,1
8471,0,0,0,1,1,1,1,0,1,0,0,0,1,1,0,0,0,1
8472,0,0,0,1,1,1,1,0,1,0,0,0,0,1,0,0,1,1
8473,0,0,0,1,1,1,1,0,1,1,0,0,0,1,1,0,0,0
8474,0,0,0,1,1,1,1,0,1,0,0,0,1,1,1,0,0,0
8475,0,0,0,1,1,1,1,0,1,0,0,0,0,1,1,0,1,0
8476,0,0,0,1,1,1,1,0,1,1,0,0,1,1,0,0,0,0
8477,0,0,0,1,1,1,1,0,1,1,0,0,0,1,0,0,1,0
8478,0,0,0,1,1,1,1,0,1,0,0,0,1,1,0,0,1,0
8479,0,0,0,1,1,1,1,0,1,0,1,0,0,0,1,0,0,1
8480,0,0,0,1,1,1,1,0,1,1,1,0,0,0,0,0,0,1
8481,0,0,0,1,1,1,1,0,1,0,1,0,1,0,0,0,0,1
8482,0,0,0,1,1,1,1,0,1,0,1,0,0,0,0,0,1,1
8483,0,0,0,1,1,1,1,0,1,1,1,0,0,0,1,0,0,0
8484,0,0,0,1,1,1,1,0,1,0,1,0,1,0,1,0,0,0
8485,0,0,0,1,1,1,1,0,1,0,1,0,0,0,1,0,1,0
8486,0,0,0,1,1,1,1,0,1,1,1,0,1,0,0,0,0,0
8487,0,0,0,1,1,1,1,0,1,1,1,0,0,0,0,0,1,0
8488,0,0,0,1,1,1,1,0,1,0,1,0,1,0,0,0,1,0
8489,0,0,0,1,1,1,1,0,1,1,0,0,0,0,1,0,0,1
8490,0,0,0,1,1,1,1,0,1,0,0,0,1,0,1,0,0,1
8491,0,0,0,1,1,1,1,0,1,0,0,0,0,0,1,0,1,1
8492,0,0,0,1,1,1,1,0,1,1,0,0,1,0,0,0,0,1
8493,0,0,0,1,1,1,1,0,1,1,0,0,0,0,0,0,1,1
8494,0,0,0,1,1,1,1,0,1,0,0,0,1,0,0,0,1,1
8495,0,0,0,1,1,1,1,0,1,1,0,0,1,0,1,0,0,0
8496,0,0,0,1,1,1,1,0,1,1,0,0,0,0,1,0,1,0
8497,0,0,0,1,1,1,1,0,1,0,0,0,1,0,1,0,1,0
8498,0,0,0,1,1,1,1,0,1,1,0,0,1,0,0,0,1,0
8499,0,0,0,1,1,1,0,0,1,0,1,1,0,1,0,0,0,1
8500,0,0,0,1,1,1,0,0,1,0,1,1,0,1,1,0,0,0
8501,0,0,0,1,1,1,0,0,1,1,1,1,0,1,0,0,0,0
8502,0,0,0,1,1,1,0,0,1,0,1,1,1,1,0,0,0,0
8503,0,0,0,1,1,1,0,0,1,0,1,1,0,1,0,0,1,0
8504,0,0,0,1,1,1,0,0,1,0,0,1,0,1,1,0,0,1
8505,0,0,0,1,1,1,0,0,1,1,0,1,0,1,0,0,0,1
8506,0,0,0,1,1,1,0,0,1,0,0,1,1,1,0,0,0,1
8507,0,0,0,1,1,1,0,0,1,0,0,1,0,1,0,0,1,1
8508,0,0,0,1,1,1,0,0,1,1,0,1,0,1,1,0,0,0
8509,0,0,0,1,1,1,0,0,1,0,0,1,1,1,1,0,0,0
8510,0,0,0,1,1,1,0,0,1,0,0,1,0,1,1,0,1,0
8511,0,0,0,1,1,1,0,0,1,1,0,1,1,1,0,0,0,0
8512,0,0,0,1,1,1,0,0,1,1,0,1,0,1,0,0,1,0
8513,0,0,0,1,1,1,0,0,1,0,0,1,1,1,0,0,1,0
8514,0,0,0,1,1,1,0,0,1,0,1,1,0,0,1,0,0,1
8515,0,0,0,1,1,1,0,0,1,1,1,1,0,0,0,0,0,1
8516,0,0,0,1,1,1,0,0,1,0,1,1,1,0,0,0,0,1
8517,0,0,0,1,1,1,0,0,1,0,1,1,0,0,0,0,1,1
8518,0,0,0,1,1,1,0,0,1,1,1,1,0,0,1,0,0,0
8519,0,0,0,1,1,1,0,0,1,0,1,1,1,0,1,0,0,0
8520,0,0,0,1,1,1,0,0,1,0,1,1,0,0,1,0,1,0
8521,0,0,0,1,1,1,0,0,1,1,1,1,1,0,0,0,0,0
8522,0,0,0,1,1,1,0,0,1,1,1,1,0,0,0,0,1,0
8523,0,0,0,1,1,1,0,0,1,0,1,1,1,0,0,0,1,0
8524,0,0,0,1,1,1,0,0,1,1,0,1,0,0,1,0,0,1
8525,0,0,0,1,1,1,0,0,1,0,0,1,1,0,1,0,0,1
8526,0,0,0,1,1,1,0,0,1,0,0,1,0,0,1,0,1,1
8527,0,0,0,1,1,1,0,0,1,1,0,1,1,0,0,0,0,1
8528,0,0,0,1,1,1,0,0,1,1,0,1,0,0,0,0,1,1
8529,0,0,0,1,1,1,0,0,1,0,0,1,1,0,0,0,1,1
8530,0,0,0,1,1,1,0,0,1,1,0,1,1,0,1,0,0,0
8531,0,0,0,1,1,1,0,0,1,1,0,1,0,0,1,0,1,0
8532,0,0,0,1,1,1,0,0,1,0,0,1,1,0,1,0,1,0
8533,0,0,0,1,1,1,0,0,1,1,0,1,1,0,0,0,1,0
8534,0,0,0,1,1,1,0,0,1,0,1,0,0,1,1,0,0,1
8535,0,0,0,1,1,1,0,0,1,1,1,0,0,1,0,0,0,1
8536,0,0,0,1,1,1,0,0,1,0,1,0,1,1,0,0,0,1
8537,0,0,0,1,1,1,0,0,1,0,1,0,0,1,0,0,1,1
8538,0,0,0,1,1,1,0,0,1,1,1,0,0,1,1,0,0,0
8539,0,0,0,1,1,1,0,0,1,0,1,0,1,1,1,0,0,0
8540,0,0,0,1,1,1,0,0,1,0,1,0,0,1,1,0,1,0
8541,0,0,0,1,1,1,0,0,1,1,1,0,1,1,0,0,0,0
8542,0,0,0,1,1,1,0,0,1,1,1,0,0,1,0,0,1,0
8543,0,0,0,1,1,1,0,0,1,0,1,0,1,1,0,0,1,0
8544,0,0,0,1,1,1,0,0,1,1,0,0,0,1,1,0,0,1
8545,0,0,0,1,1,1,0,0,1,0,0,0,1,1,1,0,0,1
8546,0,0,0,1,1,1,0,0,1,0,0,0,0,1,1,0,1,1
8547,0,0,0,1,1,1,0,0,1,1,0,0,1,1,0,0,0,1
8548,0,0,0,1,1,1,0,0,1,1,0,0,0,1,0,0,1,1
8549,0,0,0,1,1,1,0,0,1,0,0,0,1,1,0,0,1,1
8550,0,0,0,1,1,1,0,0,1,1,0,0,1,1,1,0,0,0
8551,0,0,0,1,1,1,0,0,1,1,0,0,0,1,1,0,1,0
8552,0,0,0,1,1,1,0,0,1,0,0,0,1,1,1,0,1,0
8553,0,0,0,1,1,1,0,0,1,1,0,0,1,1,0,0,1,0
8554,0,0,0,1,1,1,0,0,1,1,1,0,0,0,1,0,0,1
8555,0,0,0,1,1,1,0,0,1,0,1,0,1,0,1,0,0,1
8556,0,0,0,1,1,1,0,0,1,0,1,0,0,0,1,0,1,1
8557,0,0,0,1,1,1,0,0,1,1,1,0,1,0,0,0,0,1
8558,0,0,0,1,1,1,0,0,1,1,1,0,0,0,0,0,1,1
8559,0,0,0,1,1,1,0,0,1,0,1,0,1,0,0,0,1,1
8560,0,0,0,1,1,1,0,0,1,1,1,0,1,0,1,0,0,0
8561,0,0,0,1,1,1,0,0,1,1,1,0,0,0,1,0,1,0
8562,0,0,0,1,1,1,0,0,1,0,1,0,1,0,1,0,1,0
8563,0,0,0,1,1,1,0,0,1,1,1,0,1,0,0,0,1,0
8564,0,0,0,1,1,1,0,0,1,1,0,0,1,0,1,0,0,1
8565,0,0,0,1,1,1,0,0,1,1,0,0,0,0,1,0,1,1
8566,0,0,0,1,1,1,0,0,1,0,0,0,1,0,1,0,1,1
8567,0,0,0,1,1,1,0,0,1,1,0,0,1,0,0,0,1,1
8568,0,0,0,1,1,1,0,0,1,1,0,0,1,0,1,0,1,0
8569,1,0,1,0,1,0,1,0,1,0,1,1,0,1,0,0,0,0
8570,1,0,1,0,1,0,1,0,1,0,0,1,0,1,0,0,0,1
8571,1,0,1,0,1,0,1,0,1,0,0,1,0,1,1,0,0,0
8572,1,0,1,0,1,0,1,0,1,1,0,1,0,1,0,0,0,0
8573,1,0,1,0,1,0,1,0,1,0,0,1,1,1,0,0,0,0
8574,1,0,1,0,1,0,1,0,1,0,0,1,0,1,0,0,1,0
8575,1,0,1,0,1,0,1,0,1,0,1,1,0,0,0,0,0,1
8576,1,0,1,0,1,0,1,0,1,0,1,1,0,0,1,0,0,0
8577,1,0,1,0,1,0,1,0,1,1,1,1,0,0,0,0,0,0
8578,1,0,1,0,1,0,1,0,1,0,1,1,1,0,0,0,0,0
8579,1,0,1,0,1,0,1,0,1,0,1,1,0,0,0,0,1,0
8580,1,0,1,0,1,0,1,0,1,0,0,1,0,0,1,0,0,1
8581,1,0,1,0,1,0,1,0,1,1,0,1,0,0,0,0,0,1
8582,1,0,1,0,1,0,1,0,1,0,0,1,1,0,0,0,0,1
8583,1,0,1,0,1,0,1,0,1,0,0,1,0,0,0,0,1,1
8584,1,0,1,0,1,0,1,0,1,1,0,1,0,0,1,0,0,0
8585,1,0,1,0,1,0,1,0,1,0,0,1,1,0,1,0,0,0
8586,1,0,1,0,1,0,1,0,1,0,0,1,0,0,1,0,1,0
8587,1,0,1,0,1,0,1,0,1,1,0,1,1,0,0,0,0,0
8588,1,0,1,0,1,0,1,0,1,1,0,1,0,0,0,0,1,0
8589,1,0,1,0,1,0,1,0,1,0,0,1,1,0,0,0,1,0
8590,1,0,1,0,1,0,1,0,1,0,1,0,0,1,0,0,0,1
8591,1,0,1,0,1,0,1,0,1,0,1,0,0,1,1,0,0,0
8592,1,0,1,0,1,0,1,0,1,1,1,0,0,1,0,0,0,0
8593,1,0,1,0,1,0,1,0,1,0,1,0,1,1,0,0,0,0
8594,1,0,1,0,1,0,1,0,1,0,1,0,0,1,0,0,1,0
8595,1,0,1,0,1,0,1,0,1,0,0,0,0,1,1,0,0,1
8596,1,0,1,0,1,0,1,0,1,1,0,0,0,1,0,0,0,1
8597,1,0,1,0,1,0,1,0,1,0,0,0,1,1,0,0,0,1
8598,1,0,1,0,1,0,1,0,1,0,0,0,0,1,0,0,1,1
8599,1,0,1,0,1,0,1,0,1,1,0,0,0,1,1,0,0,0
8600,1,0,1,0,1,0,1,0,1,0,0,0,1,1,1,0,0,0
8601,1,0,1,0,1,0,1,0,1,0,0,0,0,1,1,0,1,0
8602,1,0,1,0,1,0,1,0,1,1,0,0,1,1,0,0,0,0
8603,1,0,1,0,1,0,1,0,1,1,0,0,0,1,0,0,1,0
8604,1,0,1,0,1,0,1,0,1,0,0,0,1,1,0,0,1,0
8605,1,0,1,0,1,0,1,0,1,0,1,0,0,0,1,0,0,1
8606,1,0,1,0,1,0,1,0,1,1,1,0,0,0,0,0,0,1
8607,1,0,1,0,1,0,1,0,1,0,1,0,1,0,0,0,0,1
8608,1,0,1,0,1,0,1,0,1,0,1,0,0,0,0,0,1,1
8609,1,0,1,0,1,0,1,0,1,1,1,0,0,0,1,0,0,0
8610,1,0,1,0,1,0,1,0,1,0,1,0,1,0,1,0,0,0
8611,1,0,1,0,1,0,1,0,1,0,1,0,0,0,1,0,1,0
8612,1,0,1,0,1,0,1,0,1,1,1,0,1,0,0,0,0,0
8613,1,0,1,0,1,0,1,0,1,1,1,0,0,0,0,0,1,0
8614,1,0,1,0,1,0,1,0,1,0,1,0,1,0,0,0,1,0
8615,1,0,1,0,1,0,1,0,1,1,0,0,0,0,1,0,0,1
8616,1,0,1,0,1,0,1,0,1,0,0,0,1,0,1,0,0,1
8617,1,0,1,0,1,0,1,0,1,0,0,0,0,0,1,0,1,1
8618,1,0,1,0,1,0,1,0,1,1,0,0,1,0,0,0,0,1
8619,1,0,1,0,1,0,1,0,1,1,0,0,0,0,0,0,1,1
8620,1,0,1,0,1,0,1,0,1,0,0,0,1,0,0,0,1,1
8621,1,0,1,0,1,0,1,0,1,1,0,0,1,0,1,0,0,0
8622,1,0,1,0,1,0,1,0,1,1,0,0,0,0,1,0,1,0
8623,1,0,1,0,1,0,1,0,1,0,0,0,1,0,1,0,1,0
8624,1,0,1,0,1,0,1,0,1,1,0,0,1,0,0,0,1,0
8625,1,0,1,0,1,0,0,0,1,0,1,1,0,1,0,0,0,1
8626,1,0,1,0,1,0,0,0,1,0,1,1,0,1,1,0,0,0
8627,1,0,1,0,1,0,0,0,1,1,1,1,0,1,0,0,0,0
8628,1,0,1,0,1,0,0,0,1,0,1,1,1,1,0,0,0,0
8629,1,0,1,0,1,0,0,0,1,0,1,1,0,1,0,0,1,0
8630,1,0,1,0,1,0,0,0,1,0,0,1,0,1,1,0,0,1
8631,1,0,1,0,1,0,0,0,1,1,0,1,0,1,0,0,0,1
8632,1,0,1,0,1,0,0,0,1,0,0,1,1,1,0,0,0,1
8633,1,0,1,0,1,0,0,0,1,0,0,1,0,1,0,0,1,1
8634,1,0,1,0,1,0,0,0,1,1,0,1,0,1,1,0,0,0
8635,1,0,1,0,1,0,0,0,1,0,0,1,1,1,1,0,0,0
8636,1,0,1,0,1,0,0,0,1,0,0,1,0,1,1,0,1,0
8637,1,0,1,0,1,0,0,0,1,1,0,1,1,1,0,0,0,0
8638,1,0,1,0,1,0,0,0,1,1,0,1,0,1,0,0,1,0
8639,1,0,1,0,1,0,0,0,1,0,0,1,1,1,0,0,1,0
8640,1,0,1,0,1,0,0,0,1,0,1,1,0,0,1,0,0,1
8641,1,0,1,0,1,0,0,0,1,1,1,1,0,0,0,0,0,1
8642,1,0,1,0,1,0,0,0,1,0,1,1,1,0,0,0,0,1
8643,1,0,1,0,1,0,0,0,1,0,1,1,0,0,0,0,1,1
8644,1,0,1,0,1,0,0,0,1,1,1,1,0,0,1,0,0,0
8645,1,0,1,0,1,0,0,0,1,0,1,1,1,0,1,0,0,0
8646,1,0,1,0,1,0,0,0,1,0,1,1,0,0,1,0,1,0
8647,1,0,1,0,1,0,0,0,1,1,1,1,1,0,0,0,0,0
8648,1,0,1,0,1,0,0,0,1,1,1,1,0,0,0,0,1,0
8649,1,0,1,0,1,0,0,0,1,0,1,1,1,0,0,0,1,0
8650,1,0,1,0,1,0,0,0,1,1,0,1,0,0,1,0,0,1
8651,1,0,1,0,1,0,0,0,1,0,0,1,1,0,1,0,0,1
8652,1,0,1,0,1,0,0,0,1,0,0,1,0,0,1,0,1,1
8653,1,0,1,0,1,0,0,0,1,1,0,1,1,0,0,0,0,1
8654,1,0,1,0,1,0,0,0,1,1,0,1,0,0,0,0,1,1
8655,1,0,1,0,1,0,0,0,1,0,0,1,1,0,0,0,1,1
8656,1,0,1,0,1,0,0,0,1,1,0,1,1,0,1,0,0,0
8657,1,0,1,0,1,0,0,0,1,1,0,1,0,0,1,0,1,0
8658,1,0,1,0,1,0,0,0,1,0,0,1,1,0,1,0,1,0
8659,1,0,1,0,1,0,0,0,1,1,0,1,1,0,0,0,1,0
8660,1,0,1,0,1,0,0,0,1,0,1,0,0,1,1,0,0,1
8661,1,0,1,0,1,0,0,0,1,1,1,0,0,1,0,0,0,1
8662,1,0,1,0,1,0,0,0,1,0,1,0,1,1,0,0,0,1
8663,1,0,1,0,1,0,0,0,1,0,1,0,0,1,0,0,1,1
8664,1,0,1,0,1,0,0,0,1,1,1,0,0,1,1,0,0,0
8665,1,0,1,0,1,0,0,0,1,0,1,0,1,1,1,0,0,0
8666,1,0,1,0,1,0,0,0,1,0,1,0,0,1,1,0,1,0
8667,1,0,1,0,1,0,0,0,1,1,1,0,1,1,0,0,0,0
8668,1,0,1,0,1,0,0,0,1,1,1,0,0,1,0,0,1,0
8669,1,0,1,0,1,0,0,0,1,0,1,0,1,1,0,0,1,0
8670,1,0,1,0,1,0,0,0,1,1,0,0,0,1,1,0,0,1
8671,1,0,1,0,1,0,0,0,1,0,0,0,1,1,1,0,0,1
8672,1,0,1,0,1,0,0,0,1,0,0,0,0,1,1,0,1,1
8673,1,0,1,0,1,0,0,0,1,1,0,0,1,1,0,0,0,1
8674,1,0,1,0,1,0,0,0,1,1,0,0,0,1,0,0,1,1
8675,1,0,1,0,1,0,0,0,1,0,0,0,1,1,0,0,1,1
8676,1,0,1,0,1,0,0,0,1,1,0,0,1,1,1,0,0,0
8677,1,0,1,0,1,0,0,0,1,1,0,0,0,1,1,0,1,0
8678,1,0,1,0,1,0,0,0,1,0,0,0,1,1,1,0,1,0
8679,1,0,1,0,1,0,0,0,1,1,0,0,1,1,0,0,1,0
8680,1,0,1,0,1,0,0,0,1,1,1,0,0,0,1,0,0,1
8681,1,0,1,0,1,0,0,0,1,0,1,0,1,0,1,0,0,1
8682,1,0,1,0,1,0,0,0,1,0,1,0,0,0,1,0,1,1
8683,1,0,1,0,1,0,0,0,1,1,1,0,1,0,0,0,0,1
8684,1,0,1,0,1,0,0,0,1,1,1,0,0,0,0,0,1,1
8685,1,0,1,0,1,0,0,0,1,0,1,0,1,0,0,0,1,1
8686,1,0,1,0,1,0,0,0,1,1,1,0,1,0,1,0,0,0
8687,1,0,1,0,1,0,0,0,1,1,1,0,0,0,1,0,1,0
8688,1,0,1,0,1,0,0,0,1,0,1,0,1,0,1,0,1,0
8689,1,0,1,0,1,0,0,0,1,1,1,0,1,0,0,0,1,0
8690,1,0,1,0,1,0,0,0,1,1,0,0,1,0,1,0,0,1
8691,1,0,1,0,1,0,0,0,1,1,0,0,0,0,1,0,1,1
8692,1,0,1,0,1,0,0,0,1,0,0,0,1,0,1,0,1,1
8693,1,0,1,0,1,0,0,0,1,1,0,0,1,0,0,0,1,1
8694,1,0,1,0,1,0,0,0,1,1,0,0,1,0,1,0,1,0
8695,1,0,0,1,1,0,1,0,1,0,1,1,0,1,0,0,0,0
8696,1,0,0,1,1,0,1,0,1,0,0,1,0,1,0,0,0,1
8697,1,0,0,1,1,0,1,0,1,0,0,1,0,1,1,0,0,0
8698,1,0,0,1,1,0,1,0,1,1,0,1,0,1,0,0,0,0
8699,1,0,0,1,1,0,1,0,1,0,0,1,1,1,0,0,0,0
8700,1,0,0,1,1,0,1,0,1,0,0,1,0,1,0,0,1,0
8701,1,0,0,1,1,0,1,0,1,0,1,1,0,0,0,0,0,1
8702,1,0,0,1,1,0,1,0,1,0,1,1,0,0,1,0,0,0
8703,1,0,0,1,1,0,1,0,1,1,1,1,0,0,0,0,0,0
8704,1,0,0,1,1,0,1,0,1,0,1,1,1,0,0,0,0,0
8705,1,0,0,1,1,0,1,0,1,0,1,1,0,0,0,0,1,0
8706,1,0,0,1,1,0,1,0,1,0,0,1,0,0,1,0,0,1
8707,1,0,0,1,1,0,1,0,1,1,0,1,0,0,0,0,0,1
8708,1,0,0,1,1,0,1,0,1,0,0,1,1,0,0,0,0,1
8709,1,0,0,1,1,0,1,0,1,0,0,1,0,0,0,0,1,1
8710,1,0,0,1,1,0,1,0,1,1,0,1,0,0,1,0,0,0
8711,1,0,0,1,1,0,1,0,1,0,0,1,1,0,1,0,0,0
8712,1,0,0,1,1,0,1,0,1,0,0,1,0,0,1,0,1,0
8713,1,0,0,1,1,0,1,0,1,1,0,1,1,0,0,0,0,0
8714,1,0,0,1,1,0,1,0,1,1,0,1,0,0,0,0,1,0
8715,1,0,0,1,1,0,1,0,1,0,0,1,1,0,0,0,1,0
8716,1,0,0,1,1,0,1,0,1,0,1,0,0,1,0,0,0,1
8717,1,0,0,1,1,0,1,0,1,0,1,0,0,1,1,0,0,0
8718,1,0,0,1,1,0,1,0,1,1,1,0,0,1,0,0,0,0
8719,1,0,0,1,1,0,1,0,1,0,1,0,1,1,0,0,0,0
8720,1,0,0,1,1,0,1,0,1,0,1,0,0,1,0,0,1,0
8721,1,0,0,1,1,0,1,0,1,0,0,0,0,1,1,0,0,1
8722,1,0,0,1,1,0,1,0,1,1,0,0,0,1,0,0,0,1
8723,1,0,0,1,1,0,1,0,1,0,0,0,1,1,0,0,0,1
8724,1,0,0,1,1,0,1,0,1,0,0,0,0,1,0,0,1,1
8725,1,0,0,1,1,0,1,0,1,1,0,0,0,1,1,0,0,0
8726,1,0,0,1,1,0,1,0,1,0,0,0,1,1,1,0,0,0
8727,1,0,0,1,1,0,1,0,1,0,0,0,0,1,1,0,1,0
8728,1,0,0,1,1,0,1,0,1,1,0,0,1,1,0,0,0,0
8729,1,0,0,1,1,0,1,0,1,1,0,0,0,1,0,0,1,0
8730,1,0,0,1,1,0,1,0,1,0,0,0,1,1,0,0,1,0
8731,1,0,0,1,1,0,1,0,1,0,1,0,0,0,1,0,0,1
8732,1,0,0,1,1,0,1,0,1,1,1,0,0,0,0,0,0,1
8733,1,0,0,1,1,0,1,0,1,0,1,0,1,0,0,0,0,1
8734,1,0,0,1,1,0,1,0,1,0,1,0,0,0,0,0,1,1
8735,1,0,0,1,1,0,1,0,1,1,1,0,0,0,1,0,0,0
8736,1,0,0,1,1,0,1,0,1,0,1,0,1,0,1,0,0,0
8737,1,0,0,1,1,0,1,0,1,0,1,0,0,0,1,0,1,0
8738,1,0,0,1,1,0,1,0,1,1,1,0,1,0,0,0,0,0
8739,1,0,0,1,1,0,1,0,1,1,1,0,0,0,0,0,1,0
8740,1,0,0,1,1,0,1,0,1,0,1,0,1,0,0,0,1,0
8741,1,0,0,1,1,0,1,0,1,1,0,0,0,0,1,0,0,1
8742,1,0,0,1,1,0,1,0,1,0,0,0,1,0,1,0,0,1
8743,1,0,0,1,1,0,1,0,1,0,0,0,0,0,1,0,1,1
8744,1,0,0,1,1,0,1,0,1,1,0,0,1,0,0,0,0,1
8745,1,0,0,1,1,0,1,0,1,1,0,0,0,0,0,0,1,1
8746,1,0,0,1,1,0,1,0,1,0,0,0,1,0,0,0,1,1
8747,1,0,0,1,1,0,1,0,1,1,0,0,1,0,1,0,0,0
8748,1,0,0,1,1,0,1,0,1,1,0,0,0,0,1,0,1,0
8749,1,0,0,1,1,0,1,0,1,0,0,0,1,0,1,0,1,0
8750,1,0,0,1,1,0,1,0,1,1,0,0,1,0,0,0,1,0
8751,1,0,0,1,1,0,0,0,1,0,1,1,0,1,0,0,0,1
8752,1,0,0,1,1,0,0,0,1,0,1,1,0,1,1,0,0,0
8753,1,0,0,1,1,0,0,0,1,1,1,1,0,1,0,0,0,0
8754,1,0,0,1,1,0,0,0,1,0,1,1,1,1,0,0,0,0
8755,1,0,0,1,1,0,0,0,1,0,1,1,0,1,0,0,1,0
8756,1,0,0,1,1,0,0,0,1,0,0,1,0,1,1,0,0,1
8757,1,0,0,1,1,0,0,0,1,1,0,1,0,1,0,0,0,1
8758,1,0,0,1,1,0,0,0,1,0,0,1,1,1,0,0,0,1
8759,1,0,0,1,1,0,0,0,1,0,0,1,0,1,0,0,1,1
8760,1,0,0,1,1,0,0,0,1,1,0,1,0,1,1,0,0,0
8761,1,0,0,1,1,0,0,0,1,0,0,1,1,1,1,0,0,0
8762,1,0,0,1,1,0,0,0,1,0,0,1,0,1,1,0,1,0
8763,1,0,0,1,1,0,0,0,1,1,0,1,1,1,0,0,0,0
8764,1,0,0,1,1,0,0,0,1,1,0,1,0,1,0,0,1,0
8765,1,0,0,1,1,0,0,0,1,0,0,1,1,1,0,0,1,0
8766,1,0,0,1,1,0,0,0,1,0,1,1,0,0,1,0,0,1
8767,1,0,0,1,1,0,0,0,1,1,1,1,0,0,0,0,0,1
8768,1,0,0,1,1,0,0,0,1,0,1,1,1,0,0,0,0,1
8769,1,0,0,1,1,0,0,0,1,0,1,1,0,0,0,0,1,1
8770,1,0,0,1,1,0,0,0,1,1,1,1,0,0,1,0,0,0
8771,1,0,0,1,1,0,0,0,1,0,1,1,1,0,1,0,0,0
8772,1,0,0,1,1,0,0,0,1,0,1,1,0,0,1,0,1,0
8773,1,0,0,1,1,0,0,0,1,1,1,1,1,0,0,0,0,0
8774,1,0,0,1,1,0,0,0,1,1,1,1,0,0,0,0,1,0
8775,1,0,0,1,1,0,0,0,1,0,1,1,1,0,0,0,1,0
8776,1,0,0,1,1,0,0,0,1,1,0,1,0,0,1,0,0,1
8777,1,0,0,1,1,0,0,0,1,0,0,1,1,0,1,0,0,1
8778,1,0,0,1,1,0,0,0,1,0,0,1,0,0,1,0,1,1
8779,1,0,0,1,1,0,0,0,1,1,0,1,1,0,0,0,0,1
8780,1,0,0,1,1,0,0,0,1,1,0,1,0,0,0,0,1,1
8781,1,0,0,1,1,0,0,0,1,0,0,1,1,0,0,0,1,1
8782,1,0,0,1,1,0,0,0,1,1,0,1,1,0,1,0,0,0
8783,1,0,0,1,1,0,0,0,1,1,0,1,0,0,1,0,1,0
8784,1,0,0,1,1,0,0,0,1,0,0,1,1,0,1,0,1,0
8785,1,0,0,1,1,0,0,0,1,1,0,1,1,0,0,0,1,0
8786,1,0,0,1,1,0,0,0,1,0,1,0,0,1,1,0,0,1
8787,1,0,0,1,1,0,0,0,1,1,1,0,0,1,0,0,0,1
8788,1,0,0,1,1,0,0,0,1,0,1,0,1,1,0,0,0,1
8789,1,0,0,1,1,0,0,0,1,0,1,0,0,1,0,0,1,1
8790,1,0,0,1,1,0,0,0,1,1,1,0,0,1,1,0,0,0
8791,1,0,0,1,1,0,0,0,1,0,1,0,1,1,1,0,0,0
8792,1,0,0,1,1,0,0,0,1,0,1,0,0,1,1,0,1,0
8793,1,0,0,1,1,0,0,0,1,1,1,0,1,1,0,0,0,0
8794,1,0,0,1,1,0,0,0,1,1,1,0,0,1,0,0,1,0
8795,1,0,0,1,1,0,0,0,1,0,1,0,1,1,0,0,1,0
8796,1,0,0,1,1,0,0,0,1,1,0,0,0,1,1,0,0,1
8797,1,0,0,1,1,0,0,0,1,0,0,0,1,1,1,0,0,1
8798,1,0,0,1,1,0,0,0,1,0,0,0,0,1,1,0,1,1
8799,1,0,0,1,1,0,0,0,1,1,0,0,1,1,0,0,0,1
8800,1,0,0,1,1,0,0,0,1,1,0,0,0,1,0,0,1,1
8801,1,0,0,1,1,0,0,0,1,0,0,0,1,1,0,0,1,1
8802,1,0,0,1,1,0,0,0,1,1,0,0,1,1,1,0,0,0
8803,1,0,0,1,1,0,0,0,1,1,0,0,0,1,1,0,1,0
8804,1,0,0,1,1,0,0,0,1,0,0,0,1,1,1,0,1,0
8805,1,0,0,1,1,0,0,0,1,1,0,0,1,1,0,0,1,0
8806,1,0,0,1,1,0,0,0,1,1,1,0,0,0,1,0,0,1
8807,1,0,0,1,1,0,0,0,1,0,1,0,1,0,1,0,0,1
8808,1,0,0,1,1,0,0,0,1,0,1,0,0,0,1,0,1,1
8809,1,0,0,1,1,0,0,0,1,1,1,0,1,0,0,0,0,1
8810,1,0,0,1,1,0,0,0,1,1,1,0,0,0,0,0,1,1
8811,1,0,0,1,1,0,0,0,1,0,1,0,1,0,0,0,1,1
8812,1,0,0,1,1,0,0,0,1,1,1,0,1,0,1,0,0,0
8813,1,0,0,1,1,0,0,0,1,1,1,0,0,0,1,0,1,0
8814,1,0,0,1,1,0,0,0,1,0,1,0,1,0,1,0,1,0
8815,1,0,0,1,1,0,0,0,1,1,1,0,1,0,0,0,1,0
8816,1,0,0,1,1,0,0,0,1,1,0,0,1,0,1,0,0,1
8817,1,0,0,1,1,0,0,0,1,1,0,0,0,0,1,0,1,1
8818,1,0,0,1,1,0,0,0,1,0,0,0,1,0,1,0,1,1
8819,1,0,0,1,1,0,0,0,1,1,0,0,1,0,0,0,1,1
8820,1,0,0,1,1,0,0,0,1,1,0,0,1,0,1,0,1,0
8821,0,0,1,1,1,0,1,0,1,0,1,1,0,1,0,0,0,0
8822,0,0,1,1,1,0,1,0,1,0,0,1,0,1,0,0,0,1
8823,0,0,1,1,1,0,1,0,1,0,0,1,0,1,1,0,0,0
8824,0,0,1,1,1,0,1,0,1,1,0,1,0,1,0,0,0,0
8825,0,0,1,1,1,0,1,0,1,0,0,1,1,1,0,0,0,0
8826,0,0,1,1,1,0,1,0,1,0,0,1,0,1,0,0,1,0
8827,0,0,1,1,1,0,1,0,1,0,1,1,0,0,0,0,0,1
8828,0,0,1,1,1,0,1,0,1,0,1,1,0,0,1,0,0,0
8829,0,0,1,1,1,0,1,0,1,1,1,1,0,0,0,0,0,0
8830,0,0,1,1,1,0,1,0,1,0,1,1,1,0,0,0,0,0
8831,0,0,1,1,1,0,1,0,1,0,1,1,0,0,0,0,1,0
8832,0,0,1,1,1,0,1,0,1,0,0,1,0,0,1,0,0,1
8833,0,0,1,1,1,0,1,0,1,1,0,1,0,0,0,0,0,1
8834,0,0,1,1,1,0,1,0,1,0,0,1,1,0,0,0,0,1
8835,0,0,1,1,1,0,1,0,1,0,0,1,0,0,0,0,1,1
8836,0,0,1,1,1,0,1,0,1,1,0,1,0,0,1,0,0,0
8837,0,0,1,1,1,0,1,0,1,0,0,1,1,0,1,0,0,0
8838,0,0,1,1,1,0,1,0,1,0,0,1,0,0,1,0,1,0
8839,0,0,1,1,1,0,1,0,1,1,0,1,1,0,0,0,0,0
8840,0,0,1,1,1,0,1,0,1,1,0,1,0,0,0,0,1,0
8841,0,0,1,1,1,0,1,0,1,0,0,1,1,0,0,0,1,0
8842,0,0,1,1,1,0,1,0,1,0,1,0,0,1,0,0,0,1
8843,0,0,1,1,1,0,1,0,1,0,1,0,0,1,1,0,0,0
8844,0,0,1,1,1,0,1,0,1,1,1,0,0,1,0,0,0,0
8845,0,0,1,1,1,0,1,0,1,0,1,0,1,1,0,0,0,0
8846,0,0,1,1,1,0,1,0,1,0,1,0,0,1,0,0,1,0
8847,0,0,1,1,1,0,1,0,1,0,0,0,0,1,1,0,0,1
8848,0,0,1,1,1,0,1,0,1,1,0,0,0,1,0,0,0,1
8849,0,0,1,1,1,0,1,0,1,0,0,0,1,1,0,0,0,1
8850,0,0,1,1,1,0,1,0,1,0,0,0,0,1,0,0,1,1
8851,0,0,1,1,1,0,1,0,1,1,0,0,0,1,1,0,0,0
8852,0,0,1,1,1,0,1,0,1,0,0,0,1,1,1,0,0,0
8853,0,0,1,1,1,0,1,0,1,0,0,0,0,1,1,0,1,0
8854,0,0,1,1,1,0,1,0,1,1,0,0,1,1,0,0,0,0
8855,0,0,1,1,1,0,1,0,1,1,0,0,0,1,0,0,1,0
8856,0,0,1,1,1,0,1,0,1,0,0,0,1,1,0,0,1,0
8857,0,0,1,1,1,0,1,0,1,0,1,0,0,0,1,0,0,1
8858,0,0,1,1,1,0,1,0,1,1,1,0,0,0,0,0,0,1
8859,0,0,1,1,1,0,1,0,1,0,1,0,1,0,0,0,0,1
8860,0,0,1,1,1,0,1,0,1,0,1,0,0,0,0,0,1,1
8861,0,0,1,1,1,0,1,0,1,1,1,0,0,0,1,0,0,0
8862,0,0,1,1,1,0,1,0,1,0,1,0,1,0,1,0,0,0
8863,0,0,1,1,1,0,1,0,1,0,1,0,0,0,1,0,1,0
8864,0,0,1,1,1,0,1,0,1,1,1,0,1,0,0,0,0,0
8865,0,0,1,1,1,0,1,0,1,1,1,0,0,0,0,0,1,0
8866,0,0,1,1,1,0,1,0,1,0,1,0,1,0,0,0,1,0
8867,0,0,1,1,1,0,1,0,1,1,0,0,0,0,1,0,0,1
8868,0,0,1,1,1,0,1,0,1,0,0,0,1,0,1,0,0,1
8869,0,0,1,1,1,0,1,0,1,0,0,0,0,0,1,0,1,1
8870,0,0,1,1,1,0,1,0,1,1,0,0,1,0,0,0,0,1
8871,0,0,1,1,1,0,1,0,1,1,0,0,0,0,0,0,1,1
8872,0,0,1,1,1,0,1,0,1,0,0,0,1,0,0,0,1,1
8873,0,0,1,1,1,0,1,0,1,1,0,0,1,0,1,0,0,0
8874,0,0,1,1,1,0,1,0,1,1,0,0,0,0,1,0,1,0
8875,0,0,1,1,1,0,1,0,1,0,0,0,1,0,1,0,1,0
8876,0,0,1,1,1,0,1,0,1,1,0,0,1,0,0,0,1,0
8877,0,0,1,1,1,0,0,0,1,0,1,1,0,1,0,0,0,1
8878,0,0,1,1,1,0,0,0,1,0,1,1,0,1,1,0,0,0
8879,0,0,1,1,1,0,0,0,1,1,1,1,0,1,0,0,0,0
8880,0,0,1,1,1,0,0,0,1,0,1,1,1,1,0,0,0,0
8881,0,0,1,1,1,0,0,0,1,0,1,1,0,1,0,0,1,0
8882,0,0,1,1,1,0,0,0,1,0,0,1,0,1,1,0,0,1
8883,0,0,1,1,1,0,0,0,1,1,0,1,0,1,0,0,0,1
8884,0,0,1,1,1,0,0,0,1,0,0,1,1,1,0,0,0,1
8885,0,0,1,1,1,0,0,0,1,0,0,1,0,1,0,0,1,1
8886,0,0,1,1,1,0,0,0,1,1,0,1,0,1,1,0,0,0
8887,0,0,1,1,1,0,0,0,1,0,0,1,1,1,1,0,0,0
8888,0,0,1,1,1,0,0,0,1,0,0,1,0,1,1,0,1,0
8889,0,0,1,1,1,0,0,0,1,1,0,1,1,1,0,0,0,0
8890,0,0,1,1,1,0,0,0,1,1,0,1,0,1,0,0,1,0
8891,0,0,1,1,1,0,0,0,1,0,0,1,1,1,0,0,1,0
8892,0,0,1,1,1,0,0,0,1,0,1,1,0,0,1,0,0,1
8893,0,0,1,1,1,0,0,0,1,1,1,1,0,0,0,0,0,1
8894,0,0,1,1,1,0,0,0,1,0,1,1,1,0,0,0,0,1
8895,0,0,1,1,1,0,0,0,1,0,1,1,0,0,0,0,1,1
8896,0,0,1,1,1,0,0,0,1,1,1,1,0,0,1,0,0,0
8897,0,0,1,1,1,0,0,0,1,0,1,1,1,0,1,0,0,0
8898,0,0,1,1,1,0,0,0,1,0,1,1,0,0,1,0,1,0
8899,0,0,1,1,1,0,0,0,1,1,1,1,1,0,0,0,0,0
8900,0,0,1,1,1,0,0,0,1,1,1,1,0,0,0,0,1,0
8901,0,0,1,1,1,0,0,0,1,0,1,1,1,0,0,0,1,0
8902,0,0,1,1,1,0,0,0,1,1,0,1,0,0,1,0,0,1
8903,0,0,1,1,1,0,0,0,1,0,0,1,1,0,1,0,0,1
8904,0,0,1,1,1,0,0,0,1,0,0,1,0,0,1,0,1,1
8905,0,0,1,1,1,0,0,0,1,1,0,1,1,0,0,0,0,1
8906,0,0,1,1,1,0,0,0,1,1,0,1,0,0,0,0,1,1
8907,0,0,1,1,1,0,0,0,1,0,0,1,1,0,0,0,1,1
8908,0,0,1,1,1,0,0,0,1,1,0,1,1,0,1,0,0,0
8909,0,0,1,1,1,0,0,0,1,1,0,1,0,0,1,0,1,0
8910,0,0,1,1,1,0,0,0,1,0,0,1,1,0,1,0,1,0
8911,0,0,1,1,1,0,0,0,1,1,0,1,1,0,0,0,1,0
8912,0,0,1,1,1,0,0,0,1,0,1,0,0,1,1,0,0,1
8913,0,0,1,1,1,0,0,0,1,1,1,0,0,1,0,0,0,1
8914,0,0,1,1,1,0,0,0,1,0,1,0,1,1,0,0,0,1
8915,0,0,1,1,1,0,0,0,1,0,1,0,0,1,0,0,1,1
8916,0,0,1,1,1,0,0,0,1,1,1,0,0,1,1,0,0,0
8917,0,0,1,1,1,0,0,0,1,0,1,0,1,1,1,0,0,0
8918,0,0,1,1,1,0,0,0,1,0,1,0,0,1,1,0,1,0
8919,0,0,1,1,1,0,0,0,1,1,1,0,1,1,0,0,0,0
8920,0,0,1,1,1,0,0,0,1,1,1,0,0,1,0,0,1,0
8921,0,0,1,1,1,0,0,0,1,0,1,0,1,1,0,0,1,0
8922,0,0,1,1,1,0,0,0,1,1,0,0,0,1,1,0,0,1
8923,0,0,1,1,1,0,0,0,1,0,0,0,1,1,1,0,0,1
8924,0,0,1,1,1,0,0,0,1,0,0,0,0,1,1,0,1,1
8925,0,0,1,1,1,0,0,0,1,1,0,0,1,1,0,0,0,1
8926,0,0,1,1,1,0,0,0,1,1,0,0,0,1,0,0,1,1
8927,0,0,1,1,1,0,0,0,1,0,0,0,1,1,0,0,1,1
8928,0,0,1,1,1,0,0,0,1,1,0,0,1,1,1,0,0,0
8929,0,0,1,1,1,0,0,0,1,1,0,0,0,1,1,0,1,0
8930,0,0,1,1,1,0,0,0,1,0,0,0,1,1,1,0,1,0
8931,0,0,1,1,1,0,0,0,1,1,0,0,1,1,0,0,1,0
8932,0,0,1,1,1,0,0,0,1,1,1,0,0,0,1,0,0,1
8933,0,0,1,1,1,0,0,0,1,0,1,0,1,0,1,0,0,1
8934,0,0,1,1,1,0,0,0,1,0,1,0,0,0,1,0,1,1
8935,0,0,1,1,1,0,0,0,1,1,1,0,1,0,0,0,0,1
8936,0,0,1,1,1,0,0,0,1,1,1,0,0,0,0,0,1,1
8937,0,0,1,1,1,0,0,0,1,0,1,0,1,0,0,0,1,1
8938,0,0,1,1,1,0,0,0,1,1,1,0,1,0,1,0,0,0
8939,0,0,1,1,1,0,0,0,1,1,1,0,0,0,1,0,1,0
8940,0,0,1,1,1,0,0,0,1,0,1,0,1,0,1,0,1,0
8941,0,0,1,1,1,0,0,0,1,1,1,0,1,0,0,0,1,0
8942,0,0,1,1,1,0,0,0,1,1,0,0,1,0,1,0,0,1
8943,0,0,1,1,1,0,0,0,1,1,0,0,0,0,1,0,1,1
8944,0,0,1,1,1,0,0,0,1,0,0,0,1,0,1,0,1,1
8945,0,0,1,1,1,0,0,0,1,1,0,0,1,0,0,0,1,1
8946,0,0,1,1,1,0,0,0,1,1,0,0,1,0,1,0,1,0
8947,0,1,0,0,1,1,1,0,0,0,1,1,0,1,0,1,0,0
8948,0,1,0,0,1,1,1,0,0,0,0,1,0,1,0,1,0,1
8949,0,1,0,0,1,1,1,0,0,0,0,1,0,1,1,1,0,0
8950,0,1,0,0,1,1,1,0,0,1,0,1,0,1,0,1,0,0
8951,0,1,0,0,1,1,1,0,0,0,0,1,1,1,0,1,0,0
8952,0,1,0,0,1,1,1,0,0,0,0,1,0,1,0,1,1,0
8953,0,1,0,0,1,1,1,0,0,0,1,1,0,0,0,1,0,1
8954,0,1,0,0,1,1,1,0,0,0,1,1,0,0,1,1,0,0
8955,0,1,0,0,1,1,1,0,0,1,1,1,0,0,0,1,0,0
8956,0,1,0,0,1,1,1,0,0,0,1,1,1,0,0,1,0,0
8957,0,1,0,0,1,1,1,0,0,0,1,1,0,0,0,1,1,0
8958,0,1,0,0,1,1,1,0,0,0,0,1,0,0,1,1,0,1
8959,0,1,0,0,1,1,1,0,0,1,0,1,0,0,0,1,0,1
8960,0,1,0,0,1,1,1,0,0,0,0,1,1,0,0,1,0,1
8961,0,1,0,0,1,1,1,0,0,0,0,1,0,0,0,1,1,1
8962,0,1,0,0,1,1,1,0,0,1,0,1,0,0,1,1,0,0
8963,0,1,0,0,1,1,1,0,0,0,0,1,1,0,1,1,0,0
8964,0,1,0,0,1,1,1,0,0,0,0,1,0,0,1,1,1,0
8965,0,1,0,0,1,1,1,0,0,1,0,1,1,0,0,1,0,0
8966,0,1,0,0,1,1,1,0,0,1,0,1,0,0,0,1,1,0
8967,0,1,0,0,1,1,1,0,0,0,0,1,1,0,0,1,1,0
8968,0,1,0,0,1,1,1,0,0,0,1,0,0,1,0,1,0,1
8969,0,1,0,0,1,1,1,0,0,0,1,0,0,1,1,1,0,0
8970,0,1,0,0,1,1,1,0,0,1,1,0,0,1,0,1,0,0
8971,0,1,0,0,1,1,1,0,0,0,1,0,1,1,0,1,0,0
8972,0,1,0,0,1,1,1,0,0,0,1,0,0,1,0,1,1,0
8973,0,1,0,0,1,1,1,0,0,0,0,0,0,1,1,1,0,1
8974,0,1,0,0,1,1,1,0,0,1,0,0,0,1,0,1,0,1
8975,0,1,0,0,1,1,1,0,0,0,0,0,1,1,0,1,0,1
8976,0,1,0,0,1,1,1,0,0,0,0,0,0,1,0,1,1,1
8977,0,1,0,0,1,1,1,0,0,1,0,0,0,1,1,1,0,0
8978,0,1,0,0,1,1,1,0,0,0,0,0,1,1,1,1,0,0
8979,0,1,0,0,1,1,1,0,0,0,0,0,0,1,1,1,1,0
8980,0,1,0,0,1,1,1,0,0,1,0,0,1,1,0,1,0,0
8981,0,1,0,0,1,1,1,0,0,1,0,0,0,1,0,1,1,0
8982,0,1,0,0,1,1,1,0,0,0,0,0,1,1,0,1,1,0
8983,0,1,0,0,1,1,1,0,0,0,1,0,0,0,1,1,0,1
8984,0,1,0,0,1,1,1,0,0,1,1,0,0,0,0,1,0,1
8985,0,1,0,0,1,1,1,0,0,0,1,0,1,0,0,1,0,1
8986,0,1,0,0,1,1,1,0,0,0,1,0,0,0,0,1,1,1
8987,0,1,0,0,1,1,1,0,0,1,1,0,0,0,1,1,0,0
8988,0,1,0,0,1,1,1,0,0,0,1,0,1,0,1,1,0,0
8989,0,1,0,0,1,1,1,0,0,0,1,0,0,0,1,1,1,0
8990,0,1,0,0,1,1,1,0,0,1,1,0,1,0,0,1,0,0
8991,0,1,0,0,1,1,1,0,0,1,1,0,0,0,0,1,1,0
8992,0,1,0,0,1,1,1,0,0,0,1,0,1,0,0,1,1,0
8993,0,1,0,0,1,1,1,0,0,1,0,0,0,0,1,1,0,1
8994,0,1,0,0,1,1,1,0,0,0,0,0,1,0,1,1,0,1
8995,0,1,0,0,1,1,1,0,0,0,0,0,0,0,1,1,1,1
8996,0,1,0,0,1,1,1,0,0,1,0,0,1,0,0,1,0,1
8997,0,1,0,0,1,1,1,0,0,1,0,0,0,0,0,1,1,1
8998,0,1,0,0,1,1,1,0,0,0,0,0,1,0,0,1,1,1
8999,0,1,0,0,1,1,1,0,0,1,0,0,1,0,1,1,0,0
9000,0,1,0,0,1,1,1,0,0,1,0,0,0,0,1,1,1,0
9001,0,1,0,0,1,1,1,0,0,0,0,0,1,0,1,1,1,0
9002,0,1,0,0,1,1,1,0,0,1,0,0,1,0,0,1,1,0
9003,0,1,0,0,1,1,0,0,0,0,1,1,0,1,0,1,0,1
9004,0,1,0,0,1,1,0,0,0,0,1,1,0,1,1,1,0,0
9005,0,1,0,0,1,1,0,0,0,1,1,1,0,1,0,1,0,0
9006,0,1,0,0,1,1,0,0,0,0,1,1,1,1,0,1,0,0
9007,0,1,0,0,1,1,0,0,0,0,1,1,0,1,0,1,1,0
9008,0,1,0,0,1,1,0,0,0,0,0,1,0,1,1,1,0,1
9009,0,1,0,0,1,1,0,0,0,1,0,1,0,1,0,1,0,1
9010,0,1,0,0,1,1,0,0,0,0,0,1,1,1,0,1,0,1
9011,0,1,0,0,1,1,0,0,0,0,0,1,0,1,0,1,1,1
9012,0,1,0,0,1,1,0,0,0,1,0,1,0,1,1,1,0,0
9013,0,1,0,0,1,1,0,0,0,0,0,1,1,1,1,1,0,0
9014,0,1,0,0,1,1,0,0,0,0,0,1,0,1,1,1,1,0
9015,0,1,0,0,1,1,0,0,0,1,0,1,1,1,0,1,0,0
9016,0,1,0,0,1,1,0,0,0,1,0,1,0,1,0,1,1,0
9017,0,1,0,0,1,1,0,0,0,0,0,1,1,1,0,1,1,0
9018,0,1,0,0,1,1,0,0,0,0,1,1,0,0,1,1,0,1
9019,0,1,0,0,1,1,0,0,0,1,1,1,0,0,0,1,0,1
9020,0,1,0,0,1,1,0,0,0,0,1,1,1,0,0,1,0,1
9021,0,1,0,0,1,1,0,0,0,0,1,1,0,0,0,1,1,1
9022,0,1,0,0,1,1,0,0,0,1,1,1,0,0,1,1,0,0
9023,0,1,0,0,1,1,0,0,0,0,1,1,1,0,1,1,0,0
9024,0,1,0,0,1,1,0,0,0,0,1,1,0,0,1,1,1,0
9025,0,1,0,0,1,1,0,0,0,1,1,1,1,0,0,1,0,0
9026,0,1,0,0,1,1,0,0,0,1,1,1,0,0,0,1,1,0
9027,0,1,0,0,1,1,0,0,0,0,1,1,1,0,0,1,1,0
9028,0,1,0,0,1,1,0,0,0,1,0,1,0,0,1,1,0,1
9029,0,1,0,0,1,1,0,0,0,0,0,1,1,0,1,1,0,1
9030,0,1,0,0,1,1,0,0,0,0,0,1,0,0,1,1,1,1
9031,0,1,0,0,1,1,0,0,0,1,0,1,1,0,0,1,0,1
9032,0,1,0,0,1,1,0,0,0,1,0,1,0,0,0,1,1,1
9033,0,1,0,0,1,1,0,0,0,0,0,1,1,0,0,1,1,1
9034,0,1,0,0,1,1,0,0,0,1,0,1,1,0,1,1,0,0
9035,0,1,0,0,1,1,0,0,0,1,0,1,0,0,1,1,1,0
9036,0,1,0,0,1,1,0,0,0,0,0,1,1,0,1,1,1,0
9037,0,1,0,0,1,1,0,0,0,1,0,1,1,0,0,1,1,0
9038,0,1,0,0,1,1,0,0,0,0,1,0,0,1,1,1,0,1
9039,0,1,0,0,1,1,0,0,0,1,1,0,0,1,0,1,0,1
9040,0,1,0,0,1,1,0,0,0,0,1,0,1,1,0,1,0,1
9041,0,1,0,0,1,1,0,0,0,0,1,0,0,1,0,1,1,1
9042,0,1,0,0,1,1,0,0,0,1,1,0,0,1,1,1,0,0
9043,0,1,0,0,1,1,0,0,0,0,1,0,1,1,1,1,0,0
9044,0,1,0,0,1,1,0,0,0,0,1,0,0,1,1,1,1,0
9045,0,1,0,0,1,1,0,0,0,1,1,0,1,1,0,1,0,0
9046,0,1,0,0,1,1,0,0,0,1,1,0,0,1,0,1,1,0
9047,0,1,0,0,1,1,0,0,0,0,1,0,1,1,0,1,1,0
9048,0,1,0,0,1,1,0,0,0,1,0,0,0,1,1,1,0,1
9049,0,1,0,0,1,1,0,0,0,0,0,0,1,1,1,1,0,1
9050,0,1,0,0,1,1,0,0,0,0,0,0,0,1,1,1,1,1
9051,0,1,0,0,1,1,0,0,0,1,0,0,1,1,0,1,0,1
9052,0,1,0,0,1,1,0,0,0,1,0,0,0,1,0,1,1,1
9053,0,1,0,0,1,1,0,0,0,0,0,0,1,1,0,1,1,1
9054,0,1,0,0,1,1,0,0,0,1,0,0,1,1,1,1,0,0
9055,0,1,0,0,1,1,0,0,0,1,0,0,0,1,1,1,1,0
9056,0,1,0,0,1,1,0,0,0,0,0,0,1,1,1,1,1,0
9057,0,1,0,0,1,1,0,0,0,1,0,0,1,1,0,1,1,0
9058,0,1,0,0,1,1,0,0,0,1,1,0,0,0,1,1,0,1
9059,0,1,0,0,1,1,0,0,0,0,1,0,1,0,1,1,0,1
9060,0,1,0,0,1,1,0,0,0,0,1,0,0,0,1,1,1,1
9061,0,1,0,0,1,1,0,0,0,1,1,0,1,0,0,1,0,1
9062,0,1,0,0,1,1,0,0,0,1,1,0,0,0,0,1,1,1
9063,0,1,0,0,1,1,0,0,0,0,1,0,1,0,0,1,1,1
9064,0,1,0,0,1,1,0,0,0,1,1,0,1,0,1,1,0,0
9065,0,1,0,0,1,1,0,0,0,1,1,0,0,0,1,1,1,0
9066,0,1,0,0,1,1,0,0,0,0,1,0,1,0,1,1,1,0
9067,0,1,0,0,1,1,0,0,0,1,1,0,1,0,0,1,1,0
9068,0,1,0,0,1,1,0,0,0,1,0,0,1,0,1,1,0,1
9069,0,1,0,0,1,1,0,0,0,1,0,0,0,0,1,1,1,1
9070,0,1,0,0,1,1,0,0,0,0,0,0,1,0,1,1,1,1
9071,0,1,0,0,1,1,0,0,0,1,0,0,1,0,0,1,1,1
9072,0,1,0,0,1,1,0,0,0,1,0,0,1,0,1,1,1,0
9073,1,1,0,0,1,0,1,0,0,0,1,1,0,1,0,1,0,0
9074,1,1,0,0,1,0,1,0,0,0,0,1,0,1,0,1,0,1
9075,1,1,0,0,1,0,1,0,0,0,0,1,0,1,1,1,0,0
9076,1,1,0,0,1,0,1,0,0,1,0,1,0,1,0,1,0,0
9077,1,1,0,0,1,0,1,0,0,0,0,1,1,1,0,1,0,0
9078,1,1,0,0,1,0,1,0,0,0,0,1,0,1,0,1,1,0
9079,1,1,0,0,1,0,1,0,0,0,1,1,0,0,0,1,0,1
9080,1,1,0,0,1,0,1,0,0,0,1,1,0,0,1,1,0,0
9081,1,1,0,0,1,0,1,0,0,1,1,1,0,0,0,1,0,0
9082,1,1,0,0,1,0,1,0,0,0,1,1,1,0,0,1,0,0
9083,1,1,0,0,1,0,1,0,0,0,1,1,0,0,0,1,1,0
9084,1,1,0,0,1,0,1,0,0,0,0,1,0,0,1,1,0,1
9085,1,1,0,0,1,0,1,0,0,1,0,1,0,0,0,1,0,1
9086,1,1,0,0,1,0,1,0,0,0,0,1,1,0,0,1,0,1
9087,1,1,0,0,1,0,1,0,0,0,0,1,0,0,0,1,1,1
9088,1,1,0,0,1,0,1,0,0,1,0,1,0,0,1,1,0,0
9089,1,1,0,0,1,0,1,0,0,0,0,1,1,0,1,1,0,0
9090,1,1,0,0,1,0,1,0,0,0,0,1,0,0,1,1,1,0
9091,1,1,0,0,1,0,1,0,0,1,0,1,1,0,0,1,0,0
9092,1,1,0,0,1,0,1,0,0,1,0,1,0,0,0,1,1,0
9093,1,1,0,0,1,0,1,0,0,0,0,1,1,0,0,1,1,0
9094,1,1,0,0,1,0,1,0,0,0,1,0,0,1,0,1,0,1
9095,1,1,0,0,1,0,1,0,0,0,1,0,0,1,1,1,0,0
9096,1,1,0,0,1,0,1,0,0,1,1,0,0,1,0,1,0,0
9097,1,1,0,0,1,0,1,0,0,0,1,0,1,1,0,1,0,0
9098,1,1,0,0,1,0,1,0,0,0,1,0,0,1,0,1,1,0
9099,1,1,0,0,1,0,1,0,0,0,0,0,0,1,1,1,0,1
9100,1,1,0,0,1,0,1,0,0,1,0,0,0,1,0,1,0,1
9101,1,1,0,0,1,0,1,0,0,0,0,0,1,1,0,1,0,1
9102,1,1,0,0,1,0,1,0,0,0,0,0,0,1,0,1,1,1
9103,1,1,0,0,1,0,1,0,0,1,0,0,0,1,1,1,0,0
9104,1,1,0,0,1,0,1,0,0,0,0,0,1,1,1,1,0,0
9105,1,1,0,0,1,0,1,0,0,0,0,0,0,1,1,1,1,0
9106,1,1,0,0,1,0,1,0,0,1,0,0,1,1,0,1,0,0
9107,1,1,0,0,1,0,1,0,0,1,0,0,0,1,0,1,1,0
9108,1,1,0,0,1,0,1,0,0,0,0,0,1,1,0,1,1,0
9109,1,1,0,0,1,0,1,0,0,0,1,0,0,0,1,1,0,1
9110,1,1,0,0,1,0,1,0,0,1,1,0,0,0,0,1,0,1
9111,1,1,0,0,1,0,1,0,0,0,1,0,1,0,0,1,0,1
9112,1,1,0,0,1,0,1,0,0,0,1,0,0,0,0,1,1,1
9113,1,1,0,0,1,0,1,0,0,1,1,0,0,0,1,1,0,0
9114,1,1,0,0,1,0,1,0,0,0,1,0,1,0,1,1,0,0
9115,1,1,0,0,1,0,1,0,0,0,1,0,0,0,1,1,1,0
9116,1,1,0,0,1,0,1,0,0,1,1,0,1,0,0,1,0,0
9117,1,1,0,0,1,0,1,0,0,1,1,0,0,0,0,1,1,0
9118,1,1,0,0,1,0,1,0,0,0,1,0,1,0,0,1,1,0
9119,1,1,0,0,1,0,1,0,0,1,0,0,0,0,1,1,0,1
9120,1,1,0,0,1,0,1,0,0,0,0,0,1,0,1,1,0,1
9121,1,1,0,0,1,0,1,0,0,0,0,0,0,0,1,1,1,1
9122,1,1,0,0,1,0,1,0,0,1,0,0,1,0,0,1,0,1
9123,1,1,0,0,1,0,1,0,0,1,0,0,0,0,0,1,1,1
9124,1,1,0,0,1,0,1,0,0,0,0,0,1,0,0,1,1,1
9125,1,1,0,0,1,0,1,0,0,1,0,0,1,0,1,1,0,0
9126,1,1,0,0,1,0,1,0,0,1,0,0,0,0,1,1,1,0
9127,1,1,0,0,1,0,1,0,0,0,0,0,1,0,1,1,1,0
9128,1,1,0,0,1,0,1,0,0,1,0,0,1,0,0,1,1,0
9129,1,1,0,0,1,0,0,0,0,0,1,1,0,1,0,1,0,1
9130,1,1,0,0,1,0,0,0,0,0,1,1,0,1,1,1,0,0
9131,1,1,0,0,1,0,0,0,0,1,1,1,0,1,0,1,0,0
9132,1,1,0,0,1,0,0,0,0,0,1,1,1,1,0,1,0,0
9133,1,1,0,0,1,0,0,0,0,0,1,1,0,1,0,1,1,0
9134,1,1,0,0,1,0,0,0,0,0,0,1,0,1,1,1,0,1
9135,1,1,0,0,1,0,0,0,0,1,0,1,0,1,0,1,0,1
9136,1,1,0,0,1,0,0,0,0,0,0,1,1,1,0,1,0,1
9137,1,1,0,0,1,0,0,0,0,0,0,1,0,1,0,1,1,1
9138,1,1,0,0,1,0,0,0,0,1,0,1,0,1,1,1,0,0
9139,1,1,0,0,1,0,0,0,0,0,0,1,1,1,1,1,0,0
9140,1,1,0,0,1,0,0,0,0,0,0,1,0,1,1,1,1,0
9141,1,1,0,0,1,0,0,0,0,1,0,1,1,1,0,1,0,0
9142,1,1,0,0,1,0,0,0,0,1,0,1,0,1,0,1,1,0
9143,1,1,0,0,1,0,0,0,0,0,0,1,1,1,0,1,1,0
9144,1,1,0,0,1,0,0,0,0,0,1,1,0,0,1,1,0,1
9145,1,1,0,0,1,0,0,0,0,1,1,1,0,0,0,1,0,1
9146,1,1,0,0,1,0,0,0,0,0,1,1,1,0,0,1,0,1
9147,1,1,0,0,1,0,0,0,0,0,1,1,0,0,0,1,1,1
9148,1,1,0,0,1,0,0,0,0,1,1,1,0,0,1,1,0,0
9149,1,1,0,0,1,0,0,0,0,0,1,1,1,0,1,1,0,0
9150,1,1,0,0,1,0,0,0,0,0,1,1,0,0,1,1,1,0
9151,1,1,0,0,1,0,0,0,0,1,1,1,1,0,0,1,0,0
9152,1,1,0,0,1,0,0,0,0,1,1,1,0,0,0,1,1,0
9153,1,1,0,0,1,0,0,0,0,0,1,1,1,0,0,1,1,0
9154,1,1,0,0,1,0,0,0,0,1,0,1,0,0,1,1,0,1
9155,1,1,0,0,1,0,0,0,0,0,0,1,1,0,1,1,0,1
9156,1,1,0,0,1,0,0,0,0,0,0,1,0,0,1,1,1,1
9157,1,1,0,0,1,0,0,0,0,1,0,1,1,0,0,1,0,1
9158,1,1,0,0,1,0,0,0,0,1,0,1,0,0,0,1,1,1
9159,1,1,0,0,1,0,0,0,0,0,0,1,1,0,0,1,1,1
9160,1,1,0,0,1,0,0,0,0,1,0,1,1,0,1,1,0,0
9161,1,1,0,0,1,0,0,0,0,1,0,1,0,0,1,1,1,0
9162,1,1,0,0,1,0,0,0,0,0,0,1,1,0,1,1,1,0
9163,1,1,0,0,1,0,0,0,0,1,0,1,1,0,0,1,1,0
9164,1,1,0,0,1,0,0,0,0,0,1,0,0,1,1,1,0,1
9165,1,1,0,0,1,0,0,0,0,1,1,0,0,1,0,1,0,1
9166,1,1,0,0,1,0,0,0,0,0,1,0,1,1,0,1,0,1
9167,1,1,0,0,1,0,0,0,0,0,1,0,0,1,0,1,1,1
9168,1,1,0,0,1,0,0,0,0,1,1,0,0,1,1,1,0,0
9169,1,1,0,0,1,0,0,0,0,0,1,0,1,1,1,1,0,0
9170,1,1,0,0,1,0,0,0,0,0,1,0,0,1,1,1,1,0
9171,1,1,0,0,1,0,0,0,0,1,1,0,1,1,0,1,0,0
9172,1,1,0,0,1,0,0,0,0,1,1,0,0,1,0,1,1,0
9173,1,1,0,0,1,0,0,0,0,0,1,0,1,1,0,1,1,0
9174,1,1,0,0,1,0,0,0,0,1,0,0,0,1,1,1,0,1
9175,1,1,0,0,1,0,0,0,0,0,0,0,1,1,1,1,0,1
9176,1,1,0,0,1,0,0,0,0,0,0,0,0,1,1,1,1,1
9177,1,1,0,0,1,0,0,0,0,1,0,0,1,1,0,1,0,1
9178,1,1,0,0,1,0,0,0,0,1,0,0,0,1,0,1,1,1
9179,1,1,0,0,1,0,0,0,0,0,0,0,1,1,0,1,1,1
9180,1,1,0,0,1,0,0,0,0,1,0,0,1,1,1,1,0,0
9181,1,1,0,0,1,0,0,0,0,1,0,0,0,1,1,1,1,0
9182,1,1,0,0,1,0,0,0,0,0,0,0,1,1,1,1,1,0
9183,1,1,0,0,1,0,0,0,0,1,0,0,1,1,0,1,1,0
9184,1,1,0,0,1,0,0,0,0,1,1,0,0,0,1,1,0,1
9185,1,1,0,0,1,0,0,0,0,0,1,0,1,0,1,1,0,1
9186,1,1,0,0,1,0,0,0,0,0,1,0,0,0,1,1,1,1
9187,1,1,0,0,1,0,0,0,0,1,1,0,1,0,0,1,0,1
9188,1,1,0,0,1,0,0,0,0,1,1,0,0,0,0,1,1,1
9189,1,1,0,0,1,0,0,0,0,0,1,0,1,0,0,1,1,1
9190,1,1,0,0,1,0,0,0,0,1,1,0,1,0,1,1,0,0
9191,1,1,0,0,1,0,0,0,0,1,1,0,0,0,1,1,1,0
9192,1,1,0,0,1,0,0,0,0,0,1,0,1,0,1,1,1,0
9193,1,1,0,0,1,0,0,0,0,1,1,0,1,0,0,1,1,0
9194,1,1,0,0,1,0,0,0,0,1,0,0,1,0,1,1,0,1
9195,1,1,0,0,1,0,0,0,0,1,0,0,0,0,1,1,1,1
9196,1,1,0,0,1,0,0,0,0,0,0,0,1,0,1,1,1,1
9197,1,1,0,0,1,0,0,0,0,1,0,0,1,0,0,1,1,1
9198,1,1,0,0,1,0,0,0,0,1,0,0,1,0,1,1,1,0
9199,0,1,1,0,1,0,1,0,0,0,1,1,0,1,0,1,0,0
9200,0,1,1,0,1,0,1,0,0,0,0,1,0,1,0,1,0,1
9201,0,1,1,0,1,0,1,0,0,0,0,1,0,1,1,1,0,0
9202,0,1,1,0,1,0,1,0,0,1,0,1,0,1,0,1,0,0
9203,0,1,1,0,1,0,1,0,0,0,0,1,1,1,0,1,0,0
9204,0,1,1,0,1,0,1,0,0,0,0,1,0,1,0,1,1,0
9205,0,1,1,0,1,0,1,0,0,0,1,1,0,0,0,1,0,1
9206,0,1,1,0,1,0,1,0,0,0,1,1,0,0,1,1,0,0
9207,0,1,1,0,1,0,1,0,0,1,1,1,0,0,0,1,0,0
9208,0,1,1,0,1,0,1,0,0,0,1,1,1,0,0,1,0,0
9209,0,1,1,0,1,0,1,0,0,0,1,1,0,0,0,1,1,0
9210,0,1,1,0,1,0,1,0,0,0,0,1,0,0,1,1,0,1
9211,0,1,1,0,1,0,1,0,0,1,0,1,0,0,0,1,0,1
9212,0,1,1,0,1,0,1,0,0,0,0,1,1,0,0,1,0,1
9213,0,1,1,0,1,0,1,0,0,0,0,1,0,0,0,1,1,1
9214,0,1,1,0,1,0,1,0,0,1,0,1,0,0,1,1,0,0
9215,0,1,1,0,1,0,1,0,0,0,0,1,1,0,1,1,0,0
9216,0,1,1,0,1,0,1,0,0,0,0,1,0,0,1,1,1,0
9217,0,1,1,0,1,0,1,0,0,1,0,1,1,0,0,1,0,0
9218,0,1,1,0,1,0,1,0,0,1,0,1,0,0,0,1,1,0
9219,0,1,1,0,1,0,1,0,0,0,0,1,1,0,0,1,1,0
9220,0,1,1,0,1,0,1,0,0,0,1,0,0,1,0,1,0,1
9221,0,1,1,0,1,0,1,0,0,0,1,0,0,1,1,1,0,0
9222,0,1,1,0,1,0,1,0,0,1,1,0,0,1,0,1,0,0
9223,0,1,1,0,1,0,1,0,0,0,1,0,1,1,0,1,0,0
9224,0,1,1,0,1,0,1,0,0,0,1,0,0,1,0,1,1,0
9225,0,1,1,0,1,0,1,0,0,0,0,0,0,1,1,1,0,1
9226,0,1,1,0,1,0,1,0,0,1,0,0,0,1,0,1,0,1
9227,0,1,1,0,1,0,1,0,0,0,0,0,1,1,0,1,0,1
9228,0,1,1,0,1,0,1,0,0,0,0,0,0,1,0,1,1,1
9229,0,1,1,0,1,0,1,0,0,1,0,0,0,1,1,1,0,0
9230,0,1,1,0,1,0,1,0,0,0,0,0,1,1,1,1,0,0
9231,0,1,1,0,1,0,1,0,0,0,0,0,0,1,1,1,1,0
9232,0,1,1,0,1,0,1,0,0,1,0,0,1,1,0,1,0,0
9233,0,1,1,0,1,0,1,0,0,1,0,0,0,1,0,1,1,0
9234,0,1,1,0,1,0,1,0,0,0,0,0,1,1,0,1,1,0
9235,0,1,1,0,1,0,1,0,0,0,1,0,0,0,1,1,0,1
9236,0,1,1,0,1,0,1,0,0,1,1,0,0,0,0,1,0,1
9237,0,1,1,0,1,0,1,0,0,0,1,0,1,0,0,1,0,1
9238,0,1,1,0,1,0,1,0,0,0,1,0,0,0,0,1,1,1
9239,0,1,1,0,1,0,1,0,0,1,1,0,0,0,1,1,0,0
9240,0,1,1,0,1,0,1,0,0,0,1,0,1,0,1,1,0,0
9241,0,1,1,0,1,0,1,0,0,0,1,0,0,0,1,1,1,0
9242,0,1,1,0,1,0,1,0,0,1,1,0,1,0,0,1,0,0
9243,0,1,1,0,1,0,1,0,0,1,1,0,0,0,0,1,1,0
9244,0,1,1,0,1,0,1,0,0,0,1,0,1,0,0,1,1,0
9245,0,1,1,0,1,0,1,0,0,1,0,0,0,0,1,1,0,1
9246,0,1,1,0,1,0,1,0,0,0,0,0,1,0,1,1,0,1
9247,0,1,1,0,1,0,1,0,0,0,0,0,0,0,1,1,1,1
9248,0,1,1,0,1,0,1,0,0,1,0,0,1,0,0,1,0,1
9249,0,1,1,0,1,0,1,0,0,1,0,0,0,0,0,1,1,1
9250,0,1,1,0,1,0,1,0,0,0,0,0,1,0,0,1,1,1
9251,0,1,1,0,1,0,1,0,0,1,0,0,1,0,1,1,0,0
9252,0,1,1,0,1,0,1,0,0,1,0,0,0,0,1,1,1,0
9253,0,1,1,0,1,0,1,0,0,0,0,0,1,0,1,1,1,0
9254,0,1,1,0,1,0,1,0,0,1,0,0,1,0,0,1,1,0
9255,0,1,1,0,1,0,0,0,0,0,1,1,0,1,0,1,0,1
9256,0,1,1,0,1,0,0,0,0,0,1,1,0,1,1,1,0,0
9257,0,1,1,0,1,0,0,0,0,1,1,1,0,1,0,1,0,0
9258,0,1,1,0,1,0,0,0,0,0,1,1,1,1,0,1,0,0
9259,0,1,1,0,1,0,0,0,0,0,1,1,0,1,0,1,1,0
9260,0,1,1,0,1,0,0,0,0,0,0,1,0,1,1,1,0,1
9261,0,1,1,0,1,0,0,0,0,1,0,1,0,1,0,1,0,1
9262,0,1,1,0,1,0,0,0,0,0,0,1,1,1,0,1,0,1
9263,0,1,1,0,1,0,0,0,0,0,0,1,0,1,0,1,1,1
9264,0,1,1,0,1,0,0,0,0,1,0,1,0,1,1,1,0,0
9265,0,1,1,0,1,0,0,0,0,0,0,1,1,1,1,1,0,0
9266,0,1,1,0,1,0,0,0,0,0,0,1,0,1,1,1,1,0
9267,0,1,1,0,1,0,0,0,0,1,0,1,1,1,0,1,0,0
9268,0,1,1,0,1,0,0,0,0,1,0,1,0,1,0,1,1,0
9269,0,1,1,0,1,0,0,0,0,0,0,1,1,1,0,1,1,0
9270,0,1,1,0,1,0,0,0,0,0,1,1,0,0,1,1,0,1
9271,0,1,1,0,1,0,0,0,0,1,1,1,0,0,0,1,0,1
9272,0,1,1,0,1,0,0,0,0,0,1,1,1,0,0,1,0,1
9273,0,1,1,0,1,0,0,0,0,0,1,1,0,0,0,1,1,1
9274,0,1,1,0,1,0,0,0,0,1,1,1,0,0,1,1,0,0
9275,0,1,1,0,1,0,0,0,0,0,1,1,1,0,1,1,0,0
9276,0,1,1,0,1,0,0,0,0,0,1,1,0,0,1,1,1,0
9277,0,1,1,0,1,0,0,0,0,1,1,1,1,0,0,1,0,0
9278,0,1,1,0,1,0,0,0,0,1,1,1,0,0,0,1,1,0
9279,0,1,1,0,1,0,0,0,0,0,1,1,1,0,0,1,1,0
9280,0,1,1,0,1,0,0,0,0,1,0,1,0,0,1,1,0,1
9281,0,1,1,0,1,0,0,0,0,0,0,1,1,0,1,1,0,1
9282,0,1,1,0,1,0,0,0,0,0,0,1,0,0,1,1,1,1
9283,0,1,1,0,1,0,0,0,0,1,0,1,1,0,0,1,0,1
9284,0,1,1,0,1,0,0,0,0,1,0,1,0,0,0,1,1,1
9285,0,1,1,0,1,0,0,0,0,0,0,1,1,0,0,1,1,1
9286,0,1,1,0,1,0,0,0,0,1,0,1,1,0,1,1,0,0
9287,0,1,1,0,1,0,0,0,0,1,0,1,0,0,1,1,1,0
9288,0,1,1,0,1,0,0,0,0,0,0,1,1,0,1,1,1,0
9289,0,1,1,0,1,0,0,0,0,1,0,1,1,0,0,1,1,0
9290,0,1,1,0,1,0,0,0,0,0,1,0,0,1,1,1,0,1
9291,0,1,1,0,1,0,0,0,0,1,1,0,0,1,0,1,0,1
9292,0,1,1,0,1,0,0,0,0,0,1,0,1,1,0,1,0,1
9293,0,1,1,0,1,0,0,0,0,0,1,0,0,1,0,1,1,1
9294,0,1,1,0,1,0,0,0,0,1,1,0,0,1,1,1,0,0
9295,0,1,1,0,1,0,0,0,0,0,1,0,1,1,1,1,0,0
9296,0,1,1,0,1,0,0,0,0,0,1,0,0,1,1,1,1,0
9297,0,1,1,0,1,0,0,0,0,1,1,0,1,1,0,1,0,0
9298,0,1,1,0,1,0,0,0,0,1,1,0,0,1,0,1,1,0
9299,0,1,1,0,1,0,0,0,0,0,1,0,1,1,0,1,1,0
9300,0,1,1,0,1,0,0,0,0,1,0,0,0,1,1,1,0,1
9301,0,1,1,0,1,0,0,0,0,0,0,0,1,1,1,1,0,1
9302,0,1,1,0,1,0,0,0,0,0,0,0,0,1,1,1,1,1
9303,0,1,1,0,1,0,0,0,0,1,0,0,1,1,0,1,0,1
9304,0,1,1,0,1,0,0,0,0,1,0,0,0,1,0,1,1,1
9305,0,1,1,0,1,0,0,0,0,0,0,0,1,1,0,1,1,1
9306,0,1,1,0,1,0,0,0,0,1,0,0,1,1,1,1,0,0
9307,0,1,1,0,1,0,0,0,0,1,0,0,0,1,1,1,1,0
9308,0,1,1,0,1,0,0,0,0,0,0,0,1,1,1,1,1,0
9309,0,1,1,0,1,0,0,0,0,1,0,0,1,1,0,1,1,0
9310,0,1,1,0,1,0,0,0,0,1,1,0,0,0,1,1,0,1
9311,0,1,1,0,1,0,0,0,0,0,1,0,1,0,1,1,0,1
9312,0,1,1,0,1,0,0,0,0,0,1,0,0,0,1,1,1,1
9313,0,1,1,0,1,0,0,0,0,1,1,0,1,0,0,1,0,1
9314,0,1,1,0,1,0,0,0,0,1,1,0,0,0,0,1,1,1
9315,0,1,1,0,1,0,0,0,0,0,1,0,1,0,0,1,1,1
9316,0,1,1,0,1,0,0,0,0,1,1,0,1,0,1,1,0,0
9317,0,1,1,0,1,0,0,0,0,1,1,0,0,0,1,1,1,0
9318,0,1,1,0,1,0,0,0,0,0,1,0,1,0,1,1,1,0
9319,0,1,1,0,1,0,0,0,0,1,1,0,1,0,0,1,1,0
9320,0,1,1,0,1,0,0,0,0,1,0,0,1,0,1,1,0,1
9321,0,1,1,0,1,0,0,0,0,1,0,0,0,0,1,1,1,1
9322,0,1,1,0,1,0,0,0,0,0,0,0,1,0,1,1,1,1
9323,0,1,1,0,1,0,0,0,0,1,0,0,1,0,0,1,1,1
9324,0,1,1,0,1,0,0,0,0,1,0,0,1,0,1,1,1,0
9325,0,1,0,1,1,0,1,0,0,0,1,1,0,1,0,1,0,0
9326,0,1,0,1,1,0,1,0,0,0,0,1,0,1,0,1,0,1
9327,0,1,0,1,1,0,1,0,0,0,0,1,0,1,1,1,0,0
9328,0,1,0,1,1,0,1,0,0,1,0,1,0,1,0,1,0,0
9329,0,1,0,1,1,0,1,0,0,0,0,1,1,1,0,1,0,0
9330,0,1,0,1,1,0,1,0,0,0,0,1,0,1,0,1,1,0
9331,0,1,0,1,1,0,1,0,0,0,1,1,0,0,0,1,0,1
9332,0,1,0,1,1,0,1,0,0,0,1,1,0,0,1,1,0,0
9333,0,1,0,1,1,0,1,0,0,1,1,1,0,0,0,1,0,0
9334,0,1,0,1,1,0,1,0,0,0,1,1,1,0,0,1,0,0
9335,0,1,0,1,1,0,1,0,0,0,1,1,0,0,0,1,1,0
9336,0,1,0,1,1,0,1,0,0,0,0,1,0,0,1,1,0,1
9337,0,1,0,1,1,0,1,0,0,1,0,1,0,0,0,1,0,1
9338,0,1,0,1,1,0,1,0,0,0,0,1,1,0,0,1,0,1
9339,0,1,0,1,1,0,1,0,0,0,0,1,0,0,0,1,1,1
9340,0,1,0,1,1,0,1,0,0,1,0,1,0,0,1,1,0,0
9341,0,1,0,1,1,0,1,0,0,0,0,1,1,0,1,1,0,0
9342,0,1,0,1,1,0,1,0,0,0,0,1,0,0,1,1,1,0
9343,0,1,0,1,1,0,1,0,0,1,0,1,1,0,0,1,0,0
9344,0,1,0,1,1,0,1,0,0,1,0,1,0,0,0,1,1,0
9345,0,1,0,1,1,0,1,0,0,0,0,1,1,0,0,1,1,0
9346,0,1,0,1,1,0,1,0,0,0,1,0,0,1,0,1,0,1
9347,0,1,0,1,1,0,1,0,0,0,1,0,0,1,1,1,0,0
9348,0,1,0,1,1,0,1,0,0,1,1,0,0,1,0,1,0,0
9349,0,1,0,1,1,0,1,0,0,0,1,0,1,1,0,1,0,0
9350,0,1,0,1,1,0,1,0,0,0,1,0,0,1,0,1,1,0
9351,0,1,0,1,1,0,1,0,0,0,0,0,0,1,1,1,0,1
9352,0,1,0,1,1,0,1,0,0,1,0,0,0,1,0,1,0,1
9353,0,1,0,1,1,0,1,0,0,0,0,0,1,1,0,1,0,1
9354,0,1,0,1,1,0,1,0,0,0,0,0,0,1,0,1,1,1
9355,0,1,0,1,1,0,1,0,0,1,0,0,0,1,1,1,0,0
9356,0,1,0,1,1,0,1,0,0,0,0,0,1,1,1,1,0,0
9357,0,1,0,1,1,0,1,0,0,0,0,0,0,1,1,1,1,0
9358,0,1,0,1,1,0,1,0,0,1,0,0,1,1,0,1,0,0
9359,0,1,0,1,1,0,1,0,0,1,0,0,0,1,0,1,1,0
9360,0,1,0,1,1,0,1,0,0,0,0,0,1,1,0,1,1,0
9361,0,1,0,1,1,0,1,0,0,0,1,0,0,0,1,1,0,1
9362,0,1,0,1,1,0,1,0,0,1,1,0,0,0,0,1,0,1
9363,0,1,0,1,1,0,1,0,0,0,1,0,1,0,0,1,0,1
9364,0,1,0,1,1,0,1,0,0,0,1,0,0,0,0,1,1,1
9365,0,1,0,1,1,0,1,0,0,1,1,0,0,0,1,1,0,0
9366,0,1,0,1,1,0,1,0,0,0,1,0,1,0,1,1,0,0
9367,0,1,0,1,1,0,1,0,0,0,1,0,0,0,1,1,1,0
9368,0,1,0,1,1,0,1,0,0,1,1,0,1,0,0,1,0,0
9369,0,1,0,1,1,0,1,0,0,1,1,0,0,0,0,1,1,0
9370,0,1,0,1,1,0,1,0,0,0,1,0,1,0,0,1,1,0
9371,0,1,0,1,1,0,1,0,0,1,0,0,0,0,1,1,0,1
9372,0,1,0,1,1,0,1,0,0,0,0,0,1,0,1,1,0,1
9373,0,1,0,1,1,0,1,0,0,0,0,0,0,0,1,1,1,1
9374,0,1,0,1,1,0,1,0,0,1,0,0,1,0,0,1,0,1
9375,0,1,0,1,1,0,1,0,0,1,0,0,0,0,0,1,1,1
9376,0,1,0,1,1,0,1,0,0,0,0,0,1,0,0,1,1,1
9377,0,1,0,1,1,0,1,0,0,1,0,0,1,0,1,1,0,0
9378,0,1,0,1,1,0,1,0,0,1,0,0,0,0,1,1,1,0
9379,0,1,0,1,1,0,1,0,0,0,0,0,1,0,1,1,1,0
9380,0,1,0,1,1,0,1,0,0,1,0,0,1,0,0,1,1,0
9381,0,1,0,1,1,0,0,0,0,0,1,1,0,1,0,1,0,1
9382,0,1,0,1,1,0,0,0,0,0,1,1,0,1,1,1,0,0
9383,0,1,0,1,1,0,0,0,0,1,1,1,0,1,0,1,0,0
9384,0,1,0,1,1,0,0,0,0,0,1,1,1,1,0,1,0,0
9385,0,1,0,1,1,0,0,0,0,0,1,1,0,1,0,1,1,0
9386,0,1,0,1,1,0,0,0,0,0,0,1,0,1,1,1,0,1
9387,0,1,0,1,1,0,0,0,0,1,0,1,0,1,0,1,0,1
9388,0,1,0,1,1,0,0,0,0,0,0,1,1,1,0,1,0,1
9389,0,1,0,1,1,0,0,0,0,0,0,1,0,1,0,1,1,1
9390,0,1,0,1,1,0,0,0,0,1,0,1,0,1,1,1,0,0
9391,0,1,0,1,1,0,0,0,0,0,0,1,1,1,1,1,0,0
9392,0,1,0,1,1,0,0,0,0,0,0,1,0,1,1,1,1,0
9393,0,1,0,1,1,0,0,0,0,1,0,1,1,1,0,1,0,0
9394,0,1,0,1,1,0,0,0,0,1,0,1,0,1,0,1,1,0
9395,0,1,0,1,1,0,0,0,0,0,0,1,1,1,0,1,1,0
9396,0,1,0,1,1,0,0,0,0,0,1,1,0,0,1,1,0,1
9397,0,1,0,1,1,0,0,0,0,1,1,1,0,0,0,1,0,1
9398,0,1,0,1,1,0,0,0,0,0,1,1,1,0,0,1,0,1
9399,0,1,0,1,1,0,0,0,0,0,1,1,0,0,0,1,1,1
9400,0,1,0,1,1,0,0,0,0,1,1,1,0,0,1,1,0,0
9401,0,1,0,1,1,0,0,0,0,0,1,1,1,0,1,1,0,0
9402,0,1,0,1,1,0,0,0,0,0,1,1,0,0,1,1,1,0
9403,0,1,0,1,1,0,0,0,0,1,1,1,1,0,0,1,0,0
9404,0,1,0,1,1,0,0,0,0,1,1,1,0,0,0,1,1,0
9405,0,1,0,1,1,0,0,0,0,0,1,1,1,0,0,1,1,0
9406,0,1,0,1,1,0,0,0,0,1,0,1,0,0,1,1,0,1
9407,0,1,0,1,1,0,0,0,0,0,0,1,1,0,1,1,0,1
9408,0,1,0,1,1,0,0,0,0,0,0,1,0,0,1,1,1,1
9409,0,1,0,1,1,0,0,0,0,1,0,1,1,0,0,1,0,1
9410,0,1,0,1,1,0,0,0,0,1,0,1,0,0,0,1,1,1
9411,0,1,0,1,1,0,0,0,0,0,0,1,1,0,0,1,1,1
9412,0,1,0,1,1,0,0,0,0,1,0,1,1,0,1,1,0,0
9413,0,1,0,1,1,0,0,0,0,1,0,1,0,0,1,1,1,0
9414,0,1,0,1,1,0,0,0,0,0,0,1,1,0,1,1,1,0
9415,0,1,0,1,1,0,0,0,0,1,0,1,1,0,0,1,1,0
9416,0,1,0,1,1,0,0,0,0,0,1,0,0,1,1,1,0,1
9417,0,1,0,1,1,0,0,0,0,1,1,0,0,1,0,1,0,1
9418,0,1,0,1,1,0,0,0,0,0,1,0,1,1,0,1,0,1
9419,0,1,0,1,1,0,0,0,0,0,1,0,0,1,0,1,1,1
9420,0,1,0,1,1,0,0,0,0,1,1,0,0,1,1,1,0,0
9421,0,1,0,1,1,0,0,0,0,0,1,0,1,1,1,1,0,0
9422,0,1,0,1,1,0,0,0,0,0,1,0,0,1,1,1,1,0
9423,0,1,0,1,1,0,0,0,0,1,1,0,1,1,0,1,0,0
9424,0,1,0,1,1,0,0,0,0,1,1,0,0,1,0,1,1,0
9425,0,1,0,1,1,0,0,0,0,0,1,0,1,1,0,1,1,0
9426,0,1,0,1,1,0,0,0,0,1,0,0,0,1,1,1,0,1
9427,0,1,0,1,1,0,0,0,0,0,0,0,1,1,1,1,0,1
9428,0,1,0,1,1,0,0,0,0,0,0,0,0,1,1,1,1,1
9429,0,1,0,1,1,0,0,0,0,1,0,0,1,1,0,1,0,1
9430,0,1,0,1,1,0,0,0,0,1,0,0,0,1,0,1,1,1
9431,0,1,0,1,1,0,0,0,0,0,0,0,1,1,0,1,1,1
9432,0,1,0,1,1,0,0,0,0,1,0,0,1,1,1,1,0,0
9433,0,1,0,1,1,0,0,0,0,1,0,0,0,1,1,1,1,0
9434,0,1,0,1,1,0,0,0,0,0,0,0,1,1,1,1,1,0
9435,0,1,0,1,1,0,0,0,0,1,0,0,1,1,0,1,1,0
9436,0,1,0,1,1,0,0,0,0,1,1,0,0,0,1,1,0,1
9437,0,1,0,1,1,0,0,0,0,0,1,0,1,0,1,1,0,1
9438,0,1,0,1,1,0,0,0,0,0,1,0,0,0,1,1,1,1
9439,0,1,0,1,1,0,0,0,0,1,1,0,1,0,0,1,0,1
9440,0,1,0,1,1,0,0,0,0,1,1,0,0,0,0,1,1,1
9441,0,1,0,1,1,0,0,0,0,0,1,0,1,0,0,1,1,1
9442,0,1,0,1,1,0,0,0,0,1,1,0,1,0,1,1,0,0
9443,0,1,0,1,1,0,0,0,0,1,1,0,0,0,1,1,1,0
9444,0,1,0,1,1,0,0,0,0,0,1,0,1,0,1,1,1,0
9445,0,1,0,1,1,0,0,0,0,1,1,0,1,0,0,1,1,0
9446,0,1,0,1,1,0,0,0,0,1,0,0,1,0,1,1,0,1
9447,0,1,0,1,1,0,0,0,0,1,0,0,0,0,1,1,1,1
9448,0,1,0,1,1,0,0,0,0,0,0,0,1,0,1,1,1,1
9449,0,1,0,1,1,0,0,0,0,1,0,0,1,0,0,1,1,1
9450,0,1,0,1,1,0,0,0,0,1,0,0,1,0,1,1,1,0
9451,1,0,0,0,1,1,1,0,0,0,1,1,0,1,0,1,0,0
9452,1,0,0,0,1,1,1,0,0,0,0,1,0,1,0,1,0,1
9453,1,0,0,0,1,1,1,0,0,0,0,1,0,1,1,1,0,0
9454,1,0,0,0,1,1,1,0,0,1,0,1,0,1,0,1,0,0
9455,1,0,0,0,1,1,1,0,0,0,0,1,1,1,0,1,0,0
9456,1,0,0,0,1,1,1,0,0,0,0,1,0,1,0,1,1,0
9457,1,0,0,0,1,1,1,0,0,0,1,1,0,0,0,1,0,1
9458,1,0,0,0,1,1,1,0,0,0,1,1,0,0,1,1,0,0
9459,1,0,0,0,1,1,1,0,0,1,1,1,0,0,0,1,0,0
9460,1,0,0,0,1,1,1,0,0,0,1,1,1,0,0,1,0,0
9461,1,0,0,0,1,1,1,0,0,0,1,1,0,0,0,1,1,0
9462,1,0,0,0,1,1,1,0,0,0,0,1,0,0,1,1,0,1
9463,1,0,0,0,1,1,1,0,0,1,0,1,0,0,0,1,0,1
9464,1,0,0,0,1,1,1,0,0,0,0,1,1,0,0,1,0,1
9465,1,0,0,0,1,1,1,0,0,0,0,1,0,0,0,1,1,1
9466,1,0,0,0,1,1,1,0,0,1,0,1,0,0,1,1,0,0
9467,1,0,0,0,1,1,1,0,0,0,0,1,1,0,1,1,0,0
9468,1,0,0,0,1,1,1,0,0,0,0,1,0,0,1,1,1,0
9469,1,0,0,0,1,1,1,0,0,1,0,1,1,0,0,1,0,0
9470,1,0,0,0,1,1,1,0,0,1,0,1,0,0,0,1,1,0
9471,1,0,0,0,1,1,1,0,0,0,0,1,1,0,0,1,1,0
9472,1,0,0,0,1,1,1,0,0,0,1,0,0,1,0,1,0,1
9473,1,0,0,0,1,1,1,0,0,0,1,0,0,1,1,1,0,0
9474,1,0,0,0,1,1,1,0,0,1,1,0,0,1,0,1,0,0
9475,1,0,0,0,1,1,1,0,0,0,1,0,1,1,0,1,0,0
9476,1,0,0,0,1,1,1,0,0,0,1,0,0,1,0,1,1,0
9477,1,0,0,0,1,1,1,0,0,0,0,0,0,1,1,1,0,1
9478,1,0,0,0,1,1,1,0,0,1,0,0,0,1,0,1,0,1
9479,1,0,0,0,1,1,1,0,0,0,0,0,1,1,0,1,0,1
9480,1,0,0,0,1,1,1,0,0,0,0,0,0,1,0,1,1,1
9481,1,0,0,0,1,1,1,0,0,1,0,0,0,1,1,1,0,0
9482,1,0,0,0,1,1,1,0,0,0,0,0,1,1,1,1,0,0
9483,1,0,0,0,1,1,1,0,0,0,0,0,0,1,1,1,1,0
9484,1,0,0,0,1,1,1,0,0,1,0,0,1,1,0,1,0,0
9485,1,0,0,0,1,1,1,0,0,1,0,0,0,1,0,1,1,0
9486,1,0,0,0,1,1,1,0,0,0,0,0,1,1,0,1,1,0
9487,1,0,0,0,1,1,1,0,0,0,1,0,0,0,1,1,0,1
9488,1,0,0,0,1,1,1,0,0,1,1,0,0,0,0,1,0,1
9489,1,0,0,0,1,1,1,0,0,0,1,0,1,0,0,1,0,1
9490,1,0,0,0,1,1,1,0,0,0,1,0,0,0,0,1,1,1
9491,1,0,0,0,1,1,1,0,0,1,1,0,0,0,1,1,0,0
9492,1,0,0,0,1,1,1,0,0,0,1,0,1,0,1,1,0,0
9493,1,0,0,0,1,1,1,0,0,0,1,0,0,0,1,1,1,0
9494,1,0,0,0,1,1,1,0,0,1,1,0,1,0,0,1,0,0
9495,1,0,0,0,1,1,1,0,0,1,1,0,0,0,0,1,1,0
9496,1,0,0,0,1,1,1,0,0,0,1,0,1,0,0,1,1,0
9497,1,0,0,0,1,1,1,0,0,1,0,0,0,0,1,1,0,1
9498,1,0,0,0,1,1,1,0,0,0,0,0,1,0,1,1,0,1
9499,1,0,0,0,1,1,1,0,0,0,0,0,0,0,1,1,1,1
9500,1,0,0,0,1,1,1,0,0,1,0,0,1,0,0,1,0,1
9501,1,0,0,0,1,1,1,0,0,1,0,0,0,0,0,1,1,1
9502,1,0,0,0,1,1,1,0,0,0,0,0,1,0,0,1,1,1
9503,1,0,0,0,1,1,1,0,0,1,0,0,1,0,1,1,0,0
9504,1,0,0,0,1,1,1,0,0,1,0,0,0,0,1,1,1,0
9505,1,0,0,0,1,1,1,0,0,0,0,0,1,0,1,1,1,0
9506,1,0,0,0,1,1,1,0,0,1,0,0,1,0,0,1,1,0
9507,1,0,0,0,1,1,0,0,0,0,1,1,0,1,0,1,0,1
9508,1,0,0,0,1,1,0,0,0,0,1,1,0,1,1,1,0,0
9509,1,0,0,0,1,1,0,0,0,1,1,1,0,1,0,1,0,0
9510,1,0,0,0,1,1,0,0,0,0,1,1,1,1,0,1,0,0
9511,1,0,0,0,1,1,0,0,0,0,1,1,0,1,0,1,1,0
9512,1,0,0,0,1,1,0,0,0,0,0,1,0,1,1,1,0,1
9513,1,0,0,0,1,1,0,0,0,1,0,1,0,1,0,1,0,1
9514,1,0,0,0,1,1,0,0,0,0,0,1,1,1,0,1,0,1
9515,1,0,0,0,1,1,0,0,0,0,0,1,0,1,0,1,1,1
9516,1,0,0,0,1,1,0,0,0,1,0,1,0,1,1,1,0,0
9517,1,0,0,0,1,1,0,0,0,0,0,1,1,1,1,1,0,0
9518,1,0,0,0,1,1,0,0,0,0,0,1,0,1,1,1,1,0
9519,1,0,0,0,1,1,0,0,0,1,0,1,1,1,0,1,0,0
9520,1,0,0,0,1,1,0,0,0,1,0,1,0,1,0,1,1,0
9521,1,0,0,0,1,1,0,0,0,0,0,1,1,1,0,1,1,0
9522,1,0,0,0,1,1,0,0,0,0,1,1,0,0,1,1,0,1
9523,1,0,0,0,1,1,0,0,0,1,1,1,0,0,0,1,0,1
9524,1,0,0,0,1,1,0,0,0,0,1,1,1,0,0,1,0,1
9525,1,0,0,0,1,1,0,0,0,0,1,1,0,0,0,1,1,1
9526,1,0,0,0,1,1,0,0,0,1,1,1,0,0,1,1,0,0
9527,1,0,0,0,1,1,0,0,0,0,1,1,1,0,1,1,0,0
9528,1,0,0,0,1,1,0,0,0,0,1,1,0,0,1,1,1,0
9529,1,0,0,0,1,1,0,0,0,1,1,1,1,0,0,1,0,0
9530,1,0,0,0,1,1,0,0,0,1,1,1,0,0,0,1,1,0
9531,1,0,0,0,1,1,0,0,0,0,1,1,1,0,0,1,1,0
9532,1,0,0,0,1,1,0,0,0,1,0,1,0,0,1,1,0,1
9533,1,0,0,0,1,1,0,0,0,0,0,1,1,0,1,1,0,1
9534,1,0,0,0,1,1,0,0,0,0,0,1,0,0,1,1,1,1
9535,1,0,0,0,1,1,0,0,0,1,0,1,1,0,0,1,0,1
9536,1,0,0,0,1,1,0,0,0,1,0,1,0,0,0,1,1,1
9537,1,0,0,0,1,1,0,0,0,0,0,1,1,0,0,1,1,1
9538,1,0,0,0,1,1,0,0,0,1,0,1,1,0,1,1,0,0
9539,1,0,0,0,1,1,0,0,0,1,0,1,0,0,1,1,1,0
9540,1,0,0,0,1,1,0,0,0,0,0,1,1,0,1,1,1,0
9541,1,0,0,0,1,1,0,0,0,1,0,1,1,0,0,1,1,0
9542,1,0,0,0,1,1,0,0,0,0,1,0,0,1,1,1,0,1
9543,1,0,0,0,1,1,0,0,0,1,1,0,0,1,0,1,0,1
9544,1,0,0,0,1,1,0,0,0,0,1,0,1,1,0,1,0,1
9545,1,0,0,0,1,1,0,0,0,0,1,0,0,1,0,1,1,1
9546,1,0,0,0,1,1,0,0,0,1,1,0,0,1,1,1,0,0
9547,1,0,0,0,1,1,0,0,0,0,1,0,1,1,1,1,0,0
9548,1,0,0,0,1,1,0,0,0,0,1,0,0,1,1,1,1,0
9549,1,0,0,0,1,1,0,0,0,1,1,0,1,1,0,1,0,0
9550,1,0,0,0,1,1,0,0,0,1,1,0,0,1,0,1,1,0
9551,1,0,0,0,1,1,0,0,0,0,1,0,1,1,0,1,1,0
9552,1,0,0,0,1,1,0,0,0,1,0,0,0,1,1,1,0,1
9553,1,0,0,0,1,1,0,0,0,0,0,0,1,1,1,1,0,1
9554,1,0,0,0,1,1,0,0,0,0,0,0,0,1,1,1,1,1
9555,1,0,0,0,1,1,0,0,0,1,0,0,1,1,0,1,0,1
9556,1,0,0,0,1,1,0,0,0,1,0,0,0,1,0,1,1,1
9557,1,0,0,0,1,1,0,0,0,0,0,0,1,1,0,1,1,1
9558,1,0,0,0,1,1,0,0,0,1,0,0,1,1,1,1,0,0
9559,1,0,0,0,1,1,0,0,0,1,0,0,0,1,1,1,1,0
9560,1,0,0,0,1,1,0,0,0,0,0,0,1,1,1,1,1,0
9561,1,0,0,0,1,1,0,0,0,1,0,0,1,1,0,1,1,0
9562,1,0,0,0,1,1,0,0,0,1,1,0,0,0,1,1,0,1
9563,1,0,0,0,1,1,0,0,0,0,1,0,1,0,1,1,0,1
9564,1,0,0,0,1,1,0,0,0,0,1,0,0,0,1,1,1,1
9565,1,0,0,0,1,1,0,0,0,1,1,0,1,0,0,1,0,1
9566,1,0,0,0,1,1,0,0,0,1,1,0,0,0,0,1,1,1
9567,1,0,0,0,1,1,0,0,0,0,1,0,1,0,0,1,1,1
9568,1,0,0,0,1,1,0,0,0,1,1,0,1,0,1,1,0,0
9569,1,0,0,0,1,1,0,0,0,1,1,0,0,0,1,1,1,0
9570,1,0,0,0,1,1,0,0,0,0,1,0,1,0,1,1,1,0
9571,1,0,0,0,1,1,0,0,0,1,1,0,1,0,0,1,1,0
9572,1,0,0,0,1,1,0,0,0,1,0,0,1,0,1,1,0,1
9573,1,0,0,0,1,1,0,0,0,1,0,0,0,0,1,1,1,1
9574,1,0,0,0,1,1,0,0,0,0,0,0,1,0,1,1,1,1
9575,1,0,0,0,1,1,0,0,0,1,0,0,1,0,0,1,1,1
9576,1,0,0,0,1,1,0,0,0,1,0,0,1,0,1,1,1,0
9577,0,0,1,0,1,1,1,0,0,0,1,1,0,1,0,1,0,0
9578,0,0,1,0,1,1,1,0,0,0,0,1,0,1,0,1,0,1
9579,0,0,1,0,1,1,1,0,0,0,0,1,0,1,1,1,0,0
9580,0,0,1,0,1,1,1,0,0,1,0,1,0,1,0,1,0,0
9581,0,0,1,0,1,1,1,0,0,0,0,1,1,1,0,1,0,0
9582,0,0,1,0,1,1,1,0,0,0,0,1,0,1,0,1,1,0
9583,0,0,1,0,1,1,1,0,0,0,1,1,0,0,0,1,0,1
9584,0,0,1,0,1,1,1,0,0,0,1,1,0,0,1,1,0,0
9585,0,0,1,0,1,1,1,0,0,1,1,1,0,0,0,1,0,0
9586,0,0,1,0,1,1,1,0,0,0,1,1,1,0,0,1,0,0
9587,0,0,1,0,1,1,1,0,0,0,1,1,0,0,0,1,1,0
9588,0,0,1,0,1,1,1,0,0,0,0,1,0,0,1,1,0,1
9589,0,0,1,0,1,1,1,0,0,1,0,1,0,0,0,1,0,1
9590,0,0,1,0,1,1,1,0,0,0,0,1,1,0,0,1,0,1
9591,0,0,1,0,1,1,1,0,0,0,0,1,0,0,0,1,1,1
9592,0,0,1,0,1,1,1,0,0,1,0,1,0,0,1,1,0,0
9593,0,0,1,0,1,1,1,0,0,0,0,1,1,0,1,1,0,0
9594,0,0,1,0,1,1,1,0,0,0,0,1,0,0,1,1,1,0
9595,0,0,1,0,1,1,1,0,0,1,0,1,1,0,0,1,0,0
9596,0,0,1,0,1,1,1,0,0,1,0,1,0,0,0,1,1,0
9597,0,0,1,0,1,1,1,0,0,0,0,1,1,0,0,1,1,0
9598,0,0,1,0,1,1,1,0,0,0,1,0,0,1,0,1,0,1
9599,0,0,1,0,1,1,1,0,0,0,1,0,0,1,1,1,0,0
9600,0,0,1,0,1,1,1,0,0,1,1,0,0,1,0,1,0,0
9601,0,0,1,0,1,1,1,0,0,0,1,0,1,1,0,1,0,0
9602,0,0,1,0,1,1,1,0,0,0,1,0,0,1,0,1,1,0
9603,0,0,1,0,1,1,1,0,0,0,0,0,0,1,1,1,0,1
9604,0,0,1,0,1,1,1,0,0,1,0,0,0,1,0,1,0,1
9605,0,0,1,0,1,1,1,0,0,0,0,0,1,1,0,1,0,1
9606,0,0,1,0,1,1,1,0,0,0,0,0,0,1,0,1,1,1
9607,0,0,1,0,1,1,1,0,0,1,0,0,0,1,1,1,0,0
9608,0,0,1,0,1,1,1,0,0,0,0,0,1,1,1,1,0,0
9609,0,0,1,0,1,1,1,0,0,0,0,0,0,1,1,1,1,0
9610,0,0,1,0,1,1,1,0,0,1,0,0,1,1,0,1,0,0
9611,0,0,1,0,1,1,1,0,0,1,0,0,0,1,0,1,1,0
9612,0,0,1,0,1,1,1,0,0,0,0,0,1,1,0,1,1,0
9613,0,0,1,0,1,1,1,0,0,0,1,0,0,0,1,1,0,1
9614,0,0,1,0,1,1,1,0,0,1,1,0,0,0,0,1,0,1
9615,0,0,1,0,1,1,1,0,0,0,1,0,1,0,0,1,0,1
9616,0,0,1,0,1,1,1,0,0,0,1,0,0,0,0,1,1,1
9617,0,0,1,0,1,1,1,0,0,1,1,0,0,0,1,1,0,0
9618,0,0,1,0,1,1,1,0,0,0,1,0,1,0,1,1,0,0
9619,0,0,1,0,1,1,1,0,0,0,1,0,0,0,1,1,1,0
9620,0,0,1,0,1,1,1,0,0,1,1,0,1,0,0,1,0,0
9621,0,0,1,0,1,1,1,0,0,1,1,0,0,0,0,1,1,0
9622,0,0,1,0,1,1,1,0,0,0,1,0,1,0,0,1,1,0
9623,0,0,1,0,1,1,1,0,0,1,0,0,0,0,1,1,0,1
9624,0,0,1,0,1,1,1,0,0,0,0,0,1,0,1,1,0,1
9625,0,0,1,0,1,1,1,0,0,0,0,0,0,0,1,1,1,1
9626,0,0,1,0,1,1,1,0,0,1,0,0,1,0,0,1,0,1
9627,0,0,1,0,1,1,1,0,0,1,0,0,0,0,0,1,1,1
9628,0,0,1,0,1,1,1,0,0,0,0,0,1,0,0,1,1,1
9629,0,0,1,0,1,1,1,0,0,1,0,0,1,0,1,1,0,0
9630,0,0,1,0,1,1,1,0,0,1,0,0,0,0,1,1,1,0
9631,0,0,1,0,1,1,1,0,0,0,0,0,1,0,1,1,1,0
9632,0,0,1,0,1,1,1,0,0,1,0,0,1,0,0,1,1,0
9633,0,0,1,0,1,1,0,0,0,0,1,1,0,1,0,1,0,1
9634,0,0,1,0,1,1,0,0,0,0,1,1,0,1,1,1,0,0
9635,0,0,1,0,1,1,0,0,0,1,1,1,0,1,0,1,0,0
9636,0,0,1,0,1,1,0,0,0,0,1,1,1,1,0,1,0,0
9637,0,0,1,0,1,1,0,0,0,0,1,1,0,1,0,1,1,0
9638,0,0,1,0,1,1,0,0,0,0,0,1,0,1,1,1,0,1
9639,0,0,1,0,1,1,0,0,0,1,0,1,0,1,0,1,0,1
9640,0,0,1,0,1,1,0,0,0,0,0,1,1,1,0,1,0,1
9641,0,0,1,0,1,1,0,0,0,0,0,1,0,1,0,1,1,1
9642,0,0,1,0,1,1,0,0,0,1,0,1,0,1,1,1,0,0
9643,0,0,1,0,1,1,0,0,0,0,0,1,1,1,1,1,0,0
9644,0,0,1,0,1,1,0,0,0,0,0,1,0,1,1,1,1,0
9645,0,0,1,0,1,1,0,0,0,1,0,1,1,1,0,1,0,0
9646,0,0,1,0,1,1,0,0,0,1,0,1,0,1,0,1,1,0
9647,0,0,1,0,1,1,0,0,0,0,0,1,1,1,0,1,1,0
9648,0,0,1,0,1,1,0,0,0,0,1,1,0,0,1,1,0,1
9649,0,0,1,0,1,1,0,0,0,1,1,1,0,0,0,1,0,1
9650,0,0,1,0,1,1,0,0,0,0,1,1,1,0,0,1,0,1
9651,0,0,1,0,1,1,0,0,0,0,1,1,0,0,0,1,1,1
9652,0,0,1,0,1,1,0,0,0,1,1,1,0,0,1,1,0,0
9653,0,0,1,0,1,1,0,0,0,0,1,1,1,0,1,1,0,0
9654,0,0,1,0,1,1,0,0,0,0,1,1,0,0,1,1,1,0
9655,0,0,1,0,1,1,0,0,0,1,1,1,1,0,0,1,0,0
9656,0,0,1,0,1,1,0,0,0,1,1,1,0,0,0,1,1,0
9657,0,0,1,0,1,1,0,0,0,0,1,1,1,0,0,1,1,0
9658,0,0,1,0,1,1,0,0,0,1,0,1,0,0,1,1,0,1
9659,0,0,1,0,1,1,0,0,0,0,0,1,1,0,1,1,0,1
9660,0,0,1,0,1,1,0,0,0,0,0,1,0,0,1,1,1,1
9661,0,0,1,0,1,1,0,0,0,1,0,1,1,0,0,1,0,1
9662,0,0,1,0,1,1,0,0,0,1,0,1,0,0,0,1,1,1
9663,0,0,1,0,1,1,0,0,0,0,0,1,1,0,0,1,1,1
9664,0,0,1,0,1,1,0,0,0,1,0,1,1,0,1,1,0,0
9665,0,0,1,0,1,1,0,0,0,1,0,1,0,0,1,1,1,0
9666,0,0,1,0,1,1,0,0,0,0,0,1,1,0,1,1,1,0
9667,0,0,1,0,1,1,0,0,0,1,0,1,1,0,0,1,1,0
9668,0,0,1,0,1,1,0,0,0,0,1,0,0,1,1,1,0,1
9669,0,0,1,0,1,1,0,0,0,1,1,0,0,1,0,1,0,1
9670,0,0,1,0,1,1,0,0,0,0,1,0,1,1,0,1,0,1
9671,0,0,1,0,1,1,0,0,0,0,1,0,0,1,0,1,1,1
9672,0,0,1,0,1,1,0,0,0,1,1,0,0,1,1,1,0,0
9673,0,0,1,0,1,1,0,0,0,0,1,0,1,1,1,1,0,0
9674,0,0,1,0,1,1,0,0,0,0,1,0,0,1,1,1,1,0
9675,0,0,1,0,1,1,0,0,0,1,1,0,1,1,0,1,0,0
9676,0,0,1,0,1,1,0,0,0,1,1,0,0,1,0,1,1,0
9677,0,0,1,0,1,1,0,0,0,0,1,0,1,1,0,1,1,0
9678,0,0,1,0,1,1,0,0,0,1,0,0,0,1,1,1,0,1
9679,0,0,1,0,1,1,0,0,0,0,0,0,1,1,1,1,0,1
9680,0,0,1,0,1,1,0,0,0,0,0,0,0,1,1,1,1,1
9681,0,0,1,0,1,1,0,0,0,1,0,0,1,1,0,1,0,1
9682,0,0,1,0,1,1,0,0,0,1,0,0,0,1,0,1,1,1
9683,0,0,1,0,1,1,0,0,0,0,0,0,1,1,0,1,1,1
9684,0,0,1,0,1,1,0,0,0,1,0,0,1,1,1,1,0,0
9685,0,0,1,0,1,1,0,0,0,1,0,0,0,1,1,1,1,0
9686,0,0,1,0,1,1,0,0,0,0,0,0,1,1,1,1,1,0
9687,0,0,1,0,1,1,0,0,0,1,0,0,1,1,0,1,1,0
9688,0,0,1,0,1,1,0,0,0,1,1,0,0,0,1,1,0,1
9689,0,0,1,0,1,1,0,0,0,0,1,0,1,0,1,1,0,1
9690,0,0,1,0,1,1,0,0,0,0,1,0,0,0,1,1,1,1
9691,0,0,1,0,1,1,0,0,0,1,1,0,1,0,0,1,0,1
9692,0,0,1,0,1,1,0,0,0,1,1,0,0,0,0,1,1,1
9693,0,0,1,0,1,1,0,0,0,0,1,0,1,0,0,1,1,1
9694,0,0,1,0,1,1,0,0,0,1,1,0,1,0,1,1,0,0
9695,0,0,1,0,1,1,0,0,0,1,1,0,0,0,1,1,1,0
9696,0,0,1,0,1,1,0,0,0,0,1,0,1,0,1,1,1,0
9697,0,0,1,0,1,1,0,0,0,1,1,0,1,0,0,1,1,0
9698,0,0,1,0,1,1,0,0,0,1,0,0,1,0,1,1,0,1
9699,0,0,1,0,1,1,0,0,0,1,0,0,0,0,1,1,1,1
9700,0,0,1,0,1,1,0,0,0,0,0,0,1,0,1,1,1,1
9701,0,0,1,0,1,1,0,0,0,1,0,0,1,0,0,1,1,1
9702,0,0,1,0,1,1,0,0,0,1,0,0,1,0,1,1,1,0
9703,0,0,0,1,1,1,1,0,0,0,1,1,0,1,0,1,0,0
9704,0,0,0,1,1,1,1,0,0,0,0,1,0,1,0,1,0,1
9705,0,0,0,1,1,1,1,0,0,0,0,1,0,1,1,1,0,0
9706,0,0,0,1,1,1,1,0,0,1,0,1,0,1,0,1,0,0
9707,0,0,0,1,1,1,1,0,0,0,0,1,1,1,0,1,0,0
9708,0,0,0,1,1,1,1,0,0,0,0,1,0,1,0,1,1,0
9709,0,0,0,1,1,1,1,0,0,0,1,1,0,0,0,1,0,1
9710,0,0,0,1,1,1,1,0,0,0,1,1,0,0,1,1,0,0
9711,0,0,0,1,1,1,1,0,0,1,1,1,0,0,0,1,0,0
9712,0,0,0,1,1,1,1,0,0,0,1,1,1,0,0,1,0,0
9713,0,0,0,1,1,1,1,0,0,0,1,1,0,0,0,1,1,0
9714,0,0,0,1,1,1,1,0,0,0,0,1,0,0,1,1,0,1
9715,0,0,0,1,1,1,1,0,0,1,0,1,0,0,0,1,0,1
9716,0,0,0,1,1,1,1,0,0,0,0,1,1,0,0,1,0,1
9717,0,0,0,1,1,1,1,0,0,0,0,1,0,0,0,1,1,1
9718,0,0,0,1,1,1,1,0,0,1,0,1,0,0,1,1,0,0
9719,0,0,0,1,1,1,1,0,0,0,0,1,1,0,1,1,0,0
9720,0,0,0,1,1,1,1,0,0,0,0,1,0,0,1,1,1,0
9721,0,0,0,1,1,1,1,0,0,1,0,1,1,0,0,1,0,0
9722,0,0,0,1,1,1,1,0,0,1,0,1,0,0,0,1,1,0
9723,0,0,0,1,1,1,1,0,0,0,0,1,1,0,0,1,1,0
9724,0,0,0,1,1,1,1,0,0,0,1,0,0,1,0,1,0,1
9725,0,0,0,1,1,1,1,0,0,0,1,0,0,1,1,1,0,0
9726,0,0,0,1,1,1,1,0,0,1,1,0,0,1,0,1,0,0
9727,0,0,0,1,1,1,1,0,0,0,1,0,1,1,0,1,0,0
9728,0,0,0,1,1,1,1,0,0,0,1,0,0,1,0,1,1,0
9729,0,0,0,1,1,1,1,0,0,0,0,0,0,1,1,1,0,1
9730,0,0,0,1,1,1,1,0,0,1,0,0,0,1,0,1,0,1
9731,0,0,0,1,1,1,1,0,0,0,0,0,1,1,0,1,0,1
9732,0,0,0,1,1,1,1,0,0,0,0,0,0,1,0,1,1,1
9733,0,0,0,1,1,1,1,0,0,1,0,0,0,1,1,1,0,0
9734,0,0,0,1,1,1,1,0,0,0,0,0,1,1,1,1,0,0
9735,0,0,0,1,1,1,1,0,0,0,0,0,0,1,1,1,1,0
9736,0,0,0,1,1,1,1,0,0,1,0,0,1,1,0,1,0,0
9737,0,0,0,1,1,1,1,0,0,1,0,0,0,1,0,1,1,0
9738,0,0,0,1,1,1,1,0,0,0,0,0,1,1,0,1,1,0
9739,0,0,0,1,1,1,1,0,0,0,1,0,0,0,1,1,0,1
9740,0,0,0,1,1,1,1,0,0,1,1,0,0,0,0,1,0,1
9741,0,0,0,1,1,1,1,0,0,0,1,0,1,0,0,1,0,1
9742,0,0,0,1,1,1,1,0,0,0,1,0,0,0,0,1,1,1
9743,0,0,0,1,1,1,1,0,0,1,1,0,0,0,1,1,0,0
9744,0,0,0,1,1,1,1,0,0,0,1,0,1,0,1,1,0,0
9745,0,0,0,1,1,1,1,0,0,0,1,0,0,0,1,1,1,0
9746,0,0,0,1,1,1,1,0,0,1,1,0,1,0,0,1,0,0
9747,0,0,0,1,1,1,1,0,0,1,1,0,0,0,0,1,1,0
9748,0,0,0,1,1,1,1,0,0,0,1,0,1,0,0,1,1,0
9749,0,0,0,1,1,1,1,0,0,1,0,0,0,0,1,1,0,1
9750,0,0,0,1,1,1,1,0,0,0,0,0,1,0,1,1,0,1
9751,0,0,0,1,1,1,1,0,0,0,0,0,0,0,1,1,1,1
9752,0,0,0,1,1,1,1,0,0,1,0,0,1,0,0,1,0,1
9753,0,0,0,1,1,1,1,0,0,1,0,0,0,0,0,1,1,1
9754,0,0,0,1,1,1,1,0,0,0,0,0,1,0,0,1,1,1
9755,0,0,0,1,1,1,1,0,0,1,0,0,1,0,1,1,0,0
9756,0,0,0,1,1,1,1,0,0,1,0,0,0,0,1,1,1,0
9757,0,0,0,1,1,1,1,0,0,0,0,0,1,0,1,1,1,0
9758,0,0,0,1,1,1,1,0,0,1,0,0,1,0,0,1,1,0
9759,0,0,0,1,1,1,0,0,0,0,1,1,0,1,0,1,0,1
9760,0,0,0,1,1,1,0,0,0,0,1,1,0,1,1,1,0,0
9761,0,0,0,1,1,1,0,0,0,1,1,1,0,1,0,1,0,0
9762,0,0,0,1,1,1,0,0,0,0,1,1,1,1,0,1,0,0
9763,0,0,0,1,1,1,0,0,0,0,1,1,0,1,0,1,1,0
9764,0,0,0,1,1,1,0,0,0,0,0,1,0,1,1,1,0,1
9765,0,0,0,1,1,1,0,0,0,1,0,1,0,1,0,1,0,1
9766,0,0,0,1,1,1,0,0,0,0,0,1,1,1,0,1,0,1
9767,0,0,0,1,1,1,0,0,0,0,0,1,0,1,0,1,1,1
9768,0,0,0,1,1,1,0,0,0,1,0,1,0,1,1,1,0,0
9769,0,0,0,1,1,1,0,0,0,0,0,1,1,1,1,1,0,0
9770,0,0,0,1,1,1,0,0,0,0,0,1,0,1,1,1,1,0
9771,0,0,0,1,1,1,0,0,0,1,0,1,1,1,0,1,0,0
9772,0,0,0,1,1,1,0,0,0,1,0,1,0,1,0,1,1,0
9773,0,0,0,1,1,1,0,0,0,0,0,1,1,1,0,1,1,0
9774,0,0,0,1,1,1,0,0,0,0,1,1,0,0,1,1,0,1
9775,0,0,0,1,1,1,0,0,0,1,1,1,0,0,0,1,0,1
9776,0,0,0,1,1,1,0,0,0,0,1,1,1,0,0,1,0,1
9777,0,0,0,1,1,1,0,0,0,0,1,1,0,0,0,1,1,1
9778,0,0,0,1,1,1,0,0,0,1,1,1,0,0,1,1,0,0
9779,0,0,0,1,1,1,0,0,0,0,1,1,1,0,1,1,0,0
9780,0,0,0,1,1,1,0,0,0,0,1,1,0,0,1,1,1,0
9781,0,0,0,1,1,1,0,0,0,1,1,1,1,0,0,1,0,0
9782,0,0,0,1,1,1,0,0,0,1,1,1,0,0,0,1,1,0
9783,0,0,0,1,1,1,0,0,0,0,1,1,1,0,0,1,1,0
9784,0,0,0,1,1,1,0,0,0,1,0,1,0,0,1,1,0,1
9785,0,0,0,1,1,1,0,0,0,0,0,1,1,0,1,1,0,1
9786,0,0,0,1,1,1,0,0,0,0,0,1,0,0,1,1,1,1
9787,0,0,0,1,1,1,0,0,0,1,0,1,1,0,0,1,0,1
9788,0,0,0,1,1,1,0,0,0,1,0,1,0,0,0,1,1,1
9789,0,0,0,1,1,1,0,0,0,0,0,1,1,0,0,1,1,1
9790,0,0,0,1,1,1,0,0,0,1,0,1,1,0,1,1,0,0
9791,0,0,0,1,1,1,0,0,0,1,0,1,0,0,1,1,1,0
9792,0,0,0,1,1,1,0,0,0,0,0,1,1,0,1,1,1,0
9793,0,0,0,1,1,1,0,0,0,1,0,1,1,0,0,1,1,0
9794,0,0,0,1,1,1,0,0,0,0,1,0,0,1,1,1,0,1
9795,0,0,0,1,1,1,0,0,0,1,1,0,0,1,0,1,0,1
9796,0,0,0,1,1,1,0,0,0,0,1,0,1,1,0,1,0,1
9797,0,0,0,1,1,1,0,0,0,0,1,0,0,1,0,1,1,1
9798,0,0,0,1,1,1,0,0,0,1,1,0,0,1,1,1,0,0
9799,0,0,0,1,1,1,0,0,0,0,1,0,1,1,1,1,0,0
9800,0,0,0,1,1,1,0,0,0,0,1,0,0,1,1,1,1,0
9801,0,0,0,1,1,1,0,0,0,1,1,0,1,1,0,1,0,0
9802,0,0,0,1,1,1,0,0,0,1,1,0,0,1,0,1,1,0
9803,0,0,0,1,1,1,0,0,0,0,1,0,1,1,0,1,1,0
9804,0,0,0,1,1,1,0,0,0,1,0,0,0,1,1,1,0,1
9805,0,0,0,1,1,1,0,0,0,0,0,0,1,1,1,1,0,1
9806,0,0,0,1,1,1,0,0,0,0,0,0,0,1,1,1,1,1
9807,0,0,0,1,1,1,0,0,0,1,0,0,1,1,0,1,0,1
9808,0,0,0,1,1,1,0,0,0,1,0,0,0,1,0,1,1,1
9809,0,0,0,1,1,1,0,0,0,0,0,0,1,1,0,1,1,1
9810,0,0,0,1,1,1,0,0,0,1,0,0,1,1,1,1,0,0
9811,0,0,0,1,1,1,0,0,0,1,0,0,0,1,1,1,1,0
9812,0,0,0,1,1,1,0,0,0,0,0,0,1,1,1,1,1,0
9813,0,0,0,1,1,1,0,0,0,1,0,0,1,1,0,1,1,0
9814,0,0,0,1,1,1,0,0,0,1,1,0,0,0,1,1,0,1
9815,0,0,0,1,1,1,0,0,0,0,1,0,1,0,1,1,0,1
9816,0,0,0,1,1,1,0,0,0,0,1,0,0,0,1,1,1,1
9817,0,0,0,1,1,1,0,0,0,1,1,0,1,0,0,1,0,1
9818,0,0,0,1,1,1,0,0,0,1,1,0,0,0,0,1,1,1
9819,0,0,0,1,1,1,0,0,0,0,1,0,1,0,0,1,1,1
9820,0,0,0,1,1,1,0,0,0,1,1,0,1,0,1,1,0,0
9821,0,0,0,1,1,1,0,0,0,1,1,0,0,0,1,1,1,0
9822,0,0,0,1,1,1,0,0,0,0,1,0,1,0,1,1,1,0
9823,0,0,0,1,1,1,0,0,0,1,1,0,1,0,0,1,1,0
9824,0,0,0,1,1,1,0,0,0,1,0,0,1,0,1,1,0,1
9825,0,0,0,1,1,1,0,0,0,1,0,0,0,0,1,1,1,1
9826,0,0,0,1,1,1,0,0,0,0,0,0,1,0,1,1,1,1
9827,0,0,0,1,1,1,0,0,0,1,0,0,1,0,0,1,1,1
9828,0,0,0,1,1,1,0,0,0,1,0,0,1,0,1,1,1,0
9829,1,0,1,0,1,0,1,0,0,0,1,1,0,1,0,1,0,0
9830,1,0,1,0,1,0,1,0,0,0,0,1,0,1,0,1,0,1
9831,1,0,1,0,1,0,1,0,0,0,0,1,0,1,1,1,0,0
9832,1,0,1,0,1,0,1,0,0,1,0,1,0,1,0,1,0,0
9833,1,0,1,0,1,0,1,0,0,0,0,1,1,1,0,1,0,0
9834,1,0,1,0,1,0,1,0,0,0,0,1,0,1,0,1,1,0
9835,1,0,1,0,1,0,1,0,0,0,1,1,0,0,0,1,0,1
9836,1,0,1,0,1,0,1,0,0,0,1,1,0,0,1,1,0,0
9837,1,0,1,0,1,0,1,0,0,1,1,1,0,0,0,1,0,0
9838,1,0,1,0,1,0,1,0,0,0,1,1,1,0,0,1,0,0
9839,1,0,1,0,1,0,1,0,0,0,1,1,0,0,0,1,1,0
9840,1,0,1,0,1,0,1,0,0,0,0,1,0,0,1,1,0,1
9841,1,0,1,0,1,0,1,0,0,1,0,1,0,0,0,1,0,1
9842,1,0,1,0,1,0,1,0,0,0,0,1,1,0,0,1,0,1
9843,1,0,1,0,1,0,1,0,0,0,0,1,0,0,0,1,1,1
9844,1,0,1,0,1,0,1,0,0,1,0,1,0,0,1,1,0,0
9845,1,0,1,0,1,0,1,0,0,0,0,1,1,0,1,1,0,0
9846,1,0,1,0,1,0,1,0,0,0,0,1,0,0,1,1,1,0
9847,1,0,1,0,1,0,1,0,0,1,0,1,1,0,0,1,0,0
9848,1,0,1,0,1,0,1,0,0,1,0,1,0,0,0,1,1,0
9849,1,0,1,0,1,0,1,0,0,0,0,1,1,0,0,1,1,0
9850,1,0,1,0,1,0,1,0,0,0,1,0,0,1,0,1,0,1
9851,1,0,1,0,1,0,1,0,0,0,1,0,0,1,1,1,0,0
9852,1,0,1,0,1,0,1,0,0,1,1,0,0,1,0,1,0,0
9853,1,0,1,0,1,0,1,0,0,0,1,0,1,1,0,1,0,0
9854,1,0,1,0,1,0,1,0,0,0,1,0,0,1,0,1,1,0
9855,1,0,1,0,1,0,1,0,0,0,0,0,0,1,1,1,0,1
9856,1,0,1,0,1,0,1,0,0,1,0,0,0,1,0,1,0,1
9857,1,0,1,0,1,0,1,0,0,0,0,0,1,1,0,1,0,1
9858,1,0,1,0,1,0,1,0,0,0,0,0,0,1,0,1,1,1
9859,1,0,1,0,1,0,1,0,0,1,0,0,0,1,1,1,0,0
9860,1,0,1,0,1,0,1,0,0,0,0,0,1,1,1,1,0,0
9861,1,0,1,0,1,0,1,0,0,0,0,0,0,1,1,1,1,0
9862,1,0,1,0,1,0,1,0,0,1,0,0,1,1,0,1,0,0
9863,1,0,1,0,1,0,1,0,0,1,0,0,0,1,0,1,1,0
9864,1,0,1,0,1,0,1,0,0,0,0,0,1,1,0,1,1,0
9865,1,0,1,0,1,0,1,0,0,0,1,0,0,0,1,1,0,1
9866,1,0,1,0,1,0,1,0,0,1,1,0,0,0,0,1,0,1
9867,1,0,1,0,1,0,1,0,0,0,1,0,1,0,0,1,0,1
9868,1,0,1,0,1,0,1,0,0,0,1,0,0,0,0,1,1,1
9869,1,0,1,0,1,0,1,0,0,1,1,0,0,0,1,1,0,0
9870,1,0,1,0,1,0,1,0,0,0,1,0,1,0,1,1,0,0
9871,1,0,1,0,1,0,1,0,0,0,1,0,0,0,1,1,1,0
9872,1,0,1,0,1,0,1,0,0,1,1,0,1,0,0,1,0,0
9873,1,0,1,0,1,0,1,0,0,1,1,0,0,0,0,1,1,0
9874,1,0,1,0,1,0,1,0,0,0,1,0,1,0,0,1,1,0
9875,1,0,1,0,1,0,1,0,0,1,0,0,0,0,1,1,0,1
9876,1,0,1,0,1,0,1,0,0,0,0,0,1,0,1,1,0,1
9877,1,0,1,0,1,0,1,0,0,0,0,0,0,0,1,1,1,1
9878,1,0,1,0,1,0,1,0,0,1,0,0,1,0,0,1,0,1
9879,1,0,1,0,1,0,1,0,0,1,0,0,0,0,0,1,1,1
9880,1,0,1,0,1,0,1,0,0,0,0,0,1,0,0,1,1,1
9881,1,0,1,0,1,0,1,0,0,1,0,0,1,0,1,1,0,0
9882,1,0,1,0,1,0,1,0,0,1,0,0,0,0,1,1,1,0
9883,1,0,1,0,1,0,1,0,0,0,0,0,1,0,1,1,1,0
9884,1,0,1,0,1,0,1,0,0,1,0,0,1,0,0,1,1,0
9885,1,0,1,0,1,0,0,0,0,0,1,1,0,1,0,1,0,1
9886,1,0,1,0,1,0,0,0,0,0,1,1,0,1,1,1,0,0
9887,1,0,1,0,1,0,0,0,0,1,1,1,0,1,0,1,0,0
9888,1,0,1,0,1,0,0,0,0,0,1,1,1,1,0,1,0,0
9889,1,0,1,0,1,0,0,0,0,0,1,1,0,1,0,1,1,0
9890,1,0,1,0,1,0,0,0,0,0,0,1,0,1,1,1,0,1
9891,1,0,1,0,1,0,0,0,0,1,0,1,0,1,0,1,0,1
9892,1,0,1,0,1,0,0,0,0,0,0,1,1,1,0,1,0,1
9893,1,0,1,0,1,0,0,0,0,0,0,1,0,1,0,1,1,1
9894,1,0,1,0,1,0,0,0,0,1,0,1,0,1,1,1,0,0
9895,1,0,1,0,1,0,0,0,0,0,0,1,1,1,1,1,0,0
9896,1,0,1,0,1,0,0,0,0,0,0,1,0,1,1,1,1,0
9897,1,0,1,0,1,0,0,0,0,1,0,1,1,1,0,1,0,0
9898,1,0,1,0,1,0,0,0,0,1,0,1,0,1,0,1,1,0
9899,1,0,1,0,1,0,0,0,0,0,0,1,1,1,0,1,1,0
9900,1,0,1,0,1,0,0,0,0,0,1,1,0,0,1,1,0,1
9901,1,0,1,0,1,0,0,0,0,1,1,1,0,0,0,1,0,1
9902,1,0,1,0,1,0,0,0,0,0,1,1,1,0,0,1,0,1
9903,1,0,1,0,1,0,0,0,0,0,1,1,0,0,0,1,1,1
9904,1,0,1,0,1,0,0,0,0,1,1,1,0,0,1,1,0,0
9905,1,0,1,0,1,0,0,0,0,0,1,1,1,0,1,1,0,0
9906,1,0,1,0,1,0,0,0,0,0,1,1,0,0,1,1,1,0
9907,1,0,1,0,1,0,0,0,0,1,1,1,1,0,0,1,0,0
9908,1,0,1,0,1,0,0,0,0,1,1,1,0,0,0,1,1,0
9909,1,0,1,0,1,0,0,0,0,0,1,1,1,0,0,1,1,0
9910,1,0,1,0,1,0,0,0,0,1,0,1,0,0,1,1,0,1
9911,1,0,1,0,1,0,0,0,0,0,0,1,1,0,1,1,0,1
9912,1,0,1,0,1,0,0,0,0,0,0,1,0,0,1,1,1,1
9913,1,0,1,0,1,0,0,0,0,1,0,1,1,0,0,1,0,1
9914,1,0,1,0,1,0,0,0,0,1,0,1,0,0,0,1,1,1
9915,1,0,1,0,1,0,0,0,0,0,0,1,1,0,0,1,1,1
9916,1,0,1,0,1,0,0,0,0,1,0,1,1,0,1,1,0,0
9917,1,0,1,0,1,0,0,0,0,1,0,1,0,0,1,1,1,0
9918,1,0,1,0,1,0,0,0,0,0,0,1,1,0,1,1,1,0
9919,1,0,1,0,1,0,0,0,0,1,0,1,1,0,0,1,1,0
9920,1,0,1,0,1,0,0,0,0,0,1,0,0,1,1,1,0,1
9921,1,0,1,0,1,0,0,0,0,1,1,0,0,1,0,1,0,1
9922,1,0,1,0,1,0,0,0,0,0,1,0,1,1,0,1,0,1
9923,1,0,1,0,1,0,0,0,0,0,1,0,0,1,0,1,1,1
9924,1,0,1,0,1,0,0,0,0,1,1,0,0,1,1,1,0,0
9925,1,0,1,0,1,0,0,0,0,0,1,0,1,1,1,1,0,0
9926,1,0,1,0,1,0,0,0,0,0,1,0,0,1,1,1,1,0
9927,1,0,1,0,1,0,0,0,0,1,1,0,1,1,0,1,0,0
9928,1,0,1,0,1,0,0,0,0,1,1,0,0,1,0,1,1,0
9929,1,0,1,0,1,0,0,0,0,0,1,0,1,1,0,1,1,0
9930,1,0,1,0,1,0,0,0,0,1,0,0,0,1,1,1,0,1
9931,1,0,1,0,1,0,0,0,0,0,0,0,1,1,1,1,0,1
9932,1,0,1,0,1,0,0,0,0,0,0,0,0,1,1,1,1,1
9933,1,0,1,0,1,0,0,0,0,1,0,0,1,1,0,1,0,1
9934,1,0,1,0,1,0,0,0,0,1,0,0,0,1,0,1,1,1
9935,1,0,1,0,1,0,0,0,0,0,0,0,1,1,0,1,1,1
9936,1,0,1,0,1,0,0,0,0,1,0,0,1,1,1,1,0,0
9937,1,0,1,0,1,0,0,0,0,1,0,0,0,1,1,1,1,0
9938,1,0,1,0,1,0,0,0,0,0,0,0,1,1,1,1,1,0
9939,1,0,1,0,1,0,0,0,0,1,0,0,1,1,0,1,1,0
9940,1,0,1,0,1,0,0,0,0,1,1,0,0,0,1,1,0,1
9941,1,0,1,0,1,0,0,0,0,0,1,0,1,0,1,1,0,1
9942,1,0,1,0,1,0,0,0,0,0,1,0,0,0,1,1,1,1
9943,1,0,1,0,1,0,0,0,0,1,1,0,1,0,0,1,0,1
9944,1,0,1,0,1,0,0,0,0,1,1,0,0,0,0,1,1,1
9945,1,0,1,0,1,0,0,0,0,0,1,0,1,0,0,1,1,1
9946,1,0,1,0,1,0,0,0,0,1,1,0,1,0,1,1,0,0
9947,1,0,1,0,1,0,0,0,0,1,1,0,0,0,1,1,1,0
9948,1,0,1,0,1,0,0,0,0,0,1,0,1,0,1,1,1,0
9949,1,0,1,0,1,0,0,0,0,1,1,0,1,0,0,1,1,0
9950,1,0,1,0,1,0,0,0,0,1,0,0,1,0,1,1,0,1
9951,1,0,1,0,1,0,0,0,0,1,0,0,0,0,1,1,1,1
9952,1,0,1,0,1,0,0,0,0,0,0,0,1,0,1,1,1,1
9953,1,0,1,0,1,0,0,0,0,1,0,0,1,0,0,1,1,1
9954,1,0,1,0,1,0,0,0,0,1,0,0,1,0,1,1,1,0
9955,1,0,0,1,1,0,1,0,0,0,1,1,0,1,0,1,0,0
9956,1,0,0,1,1,0,1,0,0,0,0,1,0,1,0,1,0,1
9957,1,0,0,1,1,0,1,0,0,0,0,1,0,1,1,1,0,0
9958,1,0,0,1,1,0,1,0,0,1,0,1,0,1,0,1,0,0
9959,1,0,0,1,1,0,1,0,0,0,0,1,1,1,0,1,0,0
9960,1,0,0,1,1,0,1,0,0,0,0,1,0,1,0,1,1,0
9961,1,0,0,1,1,0,1,0,0,0,1,1,0,0,0,1,0,1
9962,1,0,0,1,1,0,1,0,0,0,1,1,0,0,1,1,0,0
9963,1,0,0,1,1,0,1,0,0,1,1,1,0,0,0,1,0,0
9964,1,0,0,1,1,0,1,0,0,0,1,1,1,0,0,1,0,0
9965,1,0,0,1,1,0,1,0,0,0,1,1,0,0,0,1,1,0
9966,1,0,0,1,1,0,1,0,0,0,0,1,0,0,1,1,0,1
9967,1,0,0,1,1,0,1,0,0,1,0,1,0,0,0,1,0,1
9968,1,0,0,1,1,0,1,0,0,0,0,1,1,0,0,1,0,1
9969,1,0,0,1,1,0,1,0,0,0,0,1,0,0,0,1,1,1
9970,1,0,0,1,1,0,1,0,0,1,0,1,0,0,1,1,0,0
9971,1,0,0,1,1,0,1,0,0,0,0,1,1,0,1,1,0,0
9972,1,0,0,1,1,0,1,0,0,0,0,1,0,0,1,1,1,0
9973,1,0,0,1,1,0,1,0,0,1,0,1,1,0,0,1,0,0
9974,1,0,0,1,1,0,1,0,0,1,0,1,0,0,0,1,1,0
9975,1,0,0,1,1,0,1,0,0,0,0,1,1,0,0,1,1,0
9976,1,0,0,1,1,0,1,0,0,0,1,0,0,1,0,1,0,1
9977,1,0,0,1,1,0,1,0,0,0,1,0,0,1,1,1,0,0
9978,1,0,0,1,1,0,1,0,0,1,1,0,0,1,0,1,0,0
9979,1,0,0,1,1,0,1,0,0,0,1,0,1,1,0,1,0,0
9980,1,0,0,1,1,0,1,0,0,0,1,0,0,1,0,1,1,0
9981,1,0,0,1,1,0,1,0,0,0,0,0,0,1,1,1,0,1
9982,1,0,0,1,1,0,1,0,0,1,0,0,0,1,0,1,0,1
9983,1,0,0,1,1,0,1,0,0,0,0,0,1,1,0,1,0,1
9984,1,0,0,1,1,0,1,0,0,0,0,0,0,1,0,1,1,1
9985,1,0,0,1,1,0,1,0,0,1,0,0,0,1,1,1,0,0
9986,1,0,0,1,1,0,1,0,0,0,0,0,1,1,1,1,0,0
9987,1,0,0,1,1,0,1,0,0,0,0,0,0,1,1,1,1,0
9988,1,0,0,1,1,0,1,0,0,1,0,0,1,1,0,1,0,0
9989,1,0,0,1,1,0,1,0,0,1,0,0,0,1,0,1,1,0
9990,1,0,0,1,1,0,1,0,0,0,0,0,1,1,0,1,1,0
9991,1,0,0,1,1,0,1,0,0,0,1,0,0,0,1,1,0,1
9992,1,0,0,1,1,0,1,0,0,1,1,0,0,0,0,1,0,1
9993,1,0,0,1,1,0,1,0,0,0,1,0,1,0,0,1,0,1
9994,1,0,0,1,1,0,1,0,0,0,1,0,0,0,0,1,1,1
9995,1,0,0,1,1,0,1,0,0,1,1,0,0,0,1,1,0,0
9996,1,0,0,1,1,0,1,0,0,0,1,0,1,0,1,1,0,0
9997,1,0,0,1,1,0,1,0,0,0,1,0,0,0,1,1,1,0
9998,1,0,0,1,1,0,1,0,0,1,1,0,1,0,0,1,0,0
9999,1,0,0,1,1,0,1,0,0,1,1,0,0,0,0,1,1,0
10000,1,0,0,1,1,0,1,0,0,0,1,0,1,0,0,1,1,0
10001,1,0,0,1,1,0,1,0,0,1,0,0,0,0,1,1,0,1
10002,1,0,0,1,1,0,1,0,0,0,0,0,1,0,1,1,0,1
10003,1,0,0,1,1,0,1,0,0,0,0,0,0,0,1,1,1,1
10004,1,0,0,1,1,0,1,0,0,1,0,0,1,0,0,1,0,1
10005,1,0,0,1,1,0,1,0,0,1,0,0,0,0,0,1,1,1
10006,1,0,0,1,1,0,1,0,0,0,0,0,1,0,0,1,1,1
10007,1,0,0,1,1,0,1,0,0,1,0,0,1,0,1,1,0,0
10008,1,0,0,1,1,0,1,0,0,1,0,0,0,0,1,1,1,0
10009,1,0,0,1,1,0,1,0,0,0,0,0,1,0,1,1,1,0
10010,1,0,0,1,1,0,1,0,0,1,0,0,1,0,0,1,1,0
10011,1,0,0,1,1,0,0,0,0,0,1,1,0,1,0,1,0,1
10012,1,0,0,1,1,0,0,0,0,0,1,1,0,1,1,1,0,0
10013,1,0,0,1,1,0,0,0,0,1,1,1,0,1,0,1,0,0
10014,1,0,0,1,1,0,0,0,0,0,1,1,1,1,0,1,0,0
10015,1,0,0,1,1,0,0,0,0,0,1,1,0,1,0,1,1,0
10016,1,0,0,1,1,0,0,0,0,0,0,1,0,1,1,1,0,1
10017,1,0,0,1,1,0,0,0,0,1,0,1,0,1,0,1,0,1
10018,1,0,0,1,1,0,0,0,0,0,0,1,1,1,0,1,0,1
10019,1,0,0,1,1,0,0,0,0,0,0,1,0,1,0,1,1,1
10020,1,0,0,1,1,0,0,0,0,1,0,1,0,1,1,1,0,0
10021,1,0,0,1,1,0,0,0,0,0,0,1,1,1,1,1,0,0
10022,1,0,0,1,1,0,0,0,0,0,0,1,0,1,1,1,1,0
10023,1,0,0,1,1,0,0,0,0,1,0,1,1,1,0,1,0,0
10024,1,0,0,1,1,0,0,0,0,1,0,1,0,1,0,1,1,0
10025,1,0,0,1,1,0,0,0,0,0,0,1,1,1,0,1,1,0
10026,1,0,0,1,1,0,0,0,0,0,1,1,0,0,1,1,0,1
10027,1,0,0,1,1,0,0,0,0,1,1,1,0,0,0,1,0,1
10028,1,0,0,1,1,0,0,0,0,0,1,1,1,0,0,1,0,1
10029,1,0,0,1,1,0,0,0,0,0,1,1,0,0,0,1,1,1
10030,1,0,0,1,1,0,0,0,0,1,1,1,0,0,1,1,0,0
10031,1,0,0,1,1,0,0,0,0,0,1,1,1,0,1,1,0,0
10032,1,0,0,1,1,0,0,0,0,0,1,1,0,0,1,1,1,0
10033,1,0,0,1,1,0,0,0,0,1,1,1,1,0,0,1,0,0
10034,1,0,0,1,1,0,0,0,0,1,1,1,0,0,0,1,1,0
10035,1,0,0,1,1,0,0,0,0,0,1,1,1,0,0,1,1,0
10036,1,0,0,1,1,0,0,0,0,1,0,1,0,0,1,1,0,1
10037,1,0,0,1,1,0,0,0,0,0,0,1,1,0,1,1,0,1
10038,1,0,0,1,1,0,0,0,0,0,0,1,0,0,1,1,1,1
10039,1,0,0,1,1,0,0,0,0,1,0,1,1,0,0,1,0,1
10040,1,0,0,1,1,0,0,0,0,1,0,1,0,0,0,1,1,1
10041,1,0,0,1,1,0,0,0,0,0,0,1,1,0,0,1,1,1
10042,1,0,0,1,1,0,0,0,0,1,0,1,1,0,1,1,0,0
10043,1,0,0,1,1,0,0,0,0,1,0,1,0,0,1,1,1,0
10044,1,0,0,1,1,0,0,0,0,0,0,1,1,0,1,1,1,0
10045,1,0,0,1,1,0,0,0,0,1,0,1,1,0,0,1,1,0
10046,1,0,0,1,1,0,0,0,0,0,1,0,0,1,1,1,0,1
10047,1,0,0,1,1,0,0,0,0,1,1,0,0,1,0,1,0,1
10048,1,0,0,1,1,0,0,0,0,0,1,0,1,1,0,1,0,1
10049,1,0,0,1,1,0,0,0,0,0,1,0,0,1,0,1,1,1
10050,1,0,0,1,1,0,0,0,0,1,1,0,0,1,1,1,0,0
10051,1,0,0,1,1,0,0,0,0,0,1,0,1,1,1,1,0,0
10052,1,0,0,1,1,0,0,0,0,0,1,0,0,1,1,1,1,0
10053,1,0,0,1,1,0,0,0,0,1,1,0,1,1,0,1,0,0
10054,1,0,0,1,1,0,0,0,0,1,1,0,0,1,0,1,1,0
10055,1,0,0,1,1,0,0,0,0,0,1,0,1,1,0,1,1,0
10056,1,0,0,1,1,0,0,0,0,1,0,0,0,1,1,1,0,1
10057,1,0,0,1,1,0,0,0,0,0,0,0,1,1,1,1,0,1
10058,1,0,0,1,1,0,0,0,0,0,0,0,0,1,1,1,1,1
10059,1,0,0,1,1,0,0,0,0,1,0,0,1,1,0,1,0,1
10060,1,0,0,1,1,0,0,0,0,1,0,0,0,1,0,1,1,1
10061,1,0,0,1,1,0,0,0,0,0,0,0,1,1,0,1,1,1
10062,1,0,0,1,1,0,0,0,0,1,0,0,1,1,1,1,0,0
10063,1,0,0,1,1,0,0,0,0,1,0,0,0,1,1,1,1,0
10064,1,0,0,1,1,0,0,0,0,0,0,0,1,1,1,1,1,0
10065,1,0,0,1,1,0,0,0,0,1,0,0,1,1,0,1,1,0
10066,1,0,0,1,1,0,0,0,0,1,1,0,0,0,1,1,0,1
10067,1,0,0,1,1,0,0,0,0,0,1,0,1,0,1,1,0,1
10068,1,0,0,1,1,0,0,0,0,0,1,0,0,0,1,1,1,1
10069,1,0,0,1,1,0,0,0,0,1,1,0,1,0,0,1,0,1
10070,1,0,0,1,1,0,0,0,0,1,1,0,0,0,0,1,1,1
10071,1,0,0,1,1,0,0,0,0,0,1,0,1,0,0,1,1,1
10072,1,0,0,1,1,0,0,0,0,1,1,0,1,0,1,1,0,0
10073,1,0,0,1,1,0,0,0,0,1,1,0,0,0,1,1,1,0
10074,1,0,0,1,1,0,0,0,0,0,1,0,1,0,1,1,1,0
10075,1,0,0,1,1,0,0,0,0,1,1,0,1,0,0,1,1,0
10076,1,0,0,1,1,0,0,0,0,1,0,0,1,0,1,1,0,1
10077,1,0,0,1,1,0,0,0,0,1,0,0,0,0,1,1,1,1
10078,1,0,0,1,1,0,0,0,0,0,0,0,1,0,1,1,1,1
10079,1,0,0,1,1,0,0,0,0,1,0,0,1,0,0,1,1,1
10080,1,0,0,1,1,0,0,0,0,1,0,0,1,0,1,1,1,0
10081,0,0,1,1,1,0,1,0,0,0,1,1,0,1,0,1,0,0
10082,0,0,1,1,1,0,1,0,0,0,0,1,0,1,0,1,0,1
10083,0,0,1,1,1,0,1,0,0,0,0,1,0,1,1,1,0,0
10084,0,0,1,1,1,0,1,0,0,1,0,1,0,1,0,1,0,0
10085,0,0,1,1,1,0,1,0,0,0,0,1,1,1,0,1,0,0
10086,0,0,1,1,1,0,1,0,0,0,0,1,0,1,0,1,1,0
10087,0,0,1,1,1,0,1,0,0,0,1,1,0,0,0,1,0,1
10088,0,0,1,1,1,0,1,0,0,0,1,1,0,0,1,1,0,0
10089,0,0,1,1,1,0,1,0,0,1,1,1,0,0,0,1,0,0
10090,0,0,1,1,1,0,1,0,0,0,1,1,1,0,0,1,0,0
10091,0,0,1,1,1,0,1,0,0,0,1,1,0,0,0,1,1,0
10092,0,0,1,1,1,0,1,0,0,0,0,1,0,0,1,1,0,1
10093,0,0,1,1,1,0,1,0,0,1,0,1,0,0,0,1,0,1
10094,0,0,1,1,1,0,1,0,0,0,0,1,1,0,0,1,0,1
10095,0,0,1,1,1,0,1,0,0,0,0,1,0,0,0,1,1,1
10096,0,0,1,1,1,0,1,0,0,1,0,1,0,0,1,1,0,0
10097,0,0,1,1,1,0,1,0,0,0,0,1,1,0,1,1,0,0
10098,0,0,1,1,1,0,1,0,0,0,0,1,0,0,1,1,1,0
10099,0,0,1,1,1,0,1,0,0,1,0,1,1,0,0,1,0,0
10100,0,0,1,1,1,0,1,0,0,1,0,1,0,0,0,1,1,0
10101,0,0,1,1,1,0,1,0,0,0,0,1,1,0,0,1,1,0
10102,0,0,1,1,1,0,1,0,0,0,1,0,0,1,0,1,0,1
10103,0,0,1,1,1,0,1,0,0,0,1,0,0,1,1,1,0,0
10104,0,0,1,1,1,0,1,0,0,1,1,0,0,1,0,1,0,0
10105,0,0,1,1,1,0,1,0,0,0,1,0,1,1,0,1,0,0
10106,0,0,1,1,1,0,1,0,0,0,1,0,0,1,0,1,1,0
10107,0,0,1,1,1,0,1,0,0,0,0,0,0,1,1,1,0,1
10108,0,0,1,1,1,0,1,0,0,1,0,0,0,1,0,1,0,1
10109,0,0,1,1,1,0,1,0,0,0,0,0,1,1,0,1,0,1
10110,0,0,1,1,1,0,1,0,0,0,0,0,0,1,0,1,1,1
10111,0,0,1,1,1,0,1,0,0,1,0,0,0,1,1,1,0,0
10112,0,0,1,1,1,0,1,0,0,0,0,0,1,1,1,1,0,0
10113,0,0,1,1,1,0,1,0,0,0,0,0,0,1,1,1,1,0
10114,0,0,1,1,1,0,1,0,0,1,0,0,1,1,0,1,0,0
10115,0,0,1,1,1,0,1,0,0,1,0,0,0,1,0,1,1,0
10116,0,0,1,1,1,0,1,0,0,0,0,0,1,1,0,1,1,0
10117,0,0,1,1,1,0,1,0,0,0,1,0,0,0,1,1,0,1
10118,0,0,1,1,1,0,1,0,0,1,1,0,0,0,0,1,0,1
10119,0,0,1,1,1,0,1,0,0,0,1,0,1,0,0,1,0,1
10120,0,0,1,1,1,0,1,0,0,0,1,0,0,0,0,1,1,1
10121,0,0,1,1,1,0,1,0,0,1,1,0,0,0,1,1,0,0
10122,0,0,1,1,1,0,1,0,0,0,1,0,1,0,1,1,0,0
10123,0,0,1,1,1,0,1,0,0,0,1,0,0,0,1,1,1,0
10124,0,0,1,1,1,0,1,0,0,1,1,0,1,0,0,1,0,0
10125,0,0,1,1,1,0,1,0,0,1,1,0,0,0,0,1,1,0
10126,0,0,1,1,1,0,1,0,0,0,1,0,1,0,0,1,1,0
10127,0,0,1,1,1,0,1,0,0,1,0,0,0,0,1,1,0,1
10128,0,0,1,1,1,0,1,0,0,0,0,0,1,0,1,1,0,1
10129,0,0,1,1,1,0,1,0,0,0,0,0,0,0,1,1,1,1
10130,0,0,1,1,1,0,1,0,0,1,0,0,1,0,0,1,0,1
10131,0,0,1,1,1,0,1,0,0,1,0,0,0,0,0,1,1,1
10132,0,0,1,1,1,0,1,0,0,0,0,0,1,0,0,1,1,1
10133,0,0,1,1,1,0,1,0,0,1,0,0,1,0,1,1,0,0
10134,0,0,1,1,1,0,1,0,0,1,0,0,0,0,1,1,1,0
10135,0,0,1,1,1,0,1,0,0,0,0,0,1,0,1,1,1,0
10136,0,0,1,1,1,0,1,0,0,1,0,0,1,0,0,1,1,0
10137,0,0,1,1,1,0,0,0,0,0,1,1,0,1,0,1,0,1
10138,0,0,1,1,1,0,0,0,0,0,1,1,0,1,1,1,0,0
10139,0,0,1,1,1,0,0,0,0,1,1,1,0,1,0,1,0,0
10140,0,0,1,1,1,0,0,0,0,0,1,1,1,1,0,1,0,0
10141,0,0,1,1,1,0,0,0,0,0,1,1,0,1,0,1,1,0
10142,0,0,1,1,1,0,0,0,0,0,0,1,0,1,1,1,0,1
10143,0,0,1,1,1,0,0,0,0,1,0,1,0,1,0,1,0,1
10144,0,0,1,1,1,0,0,0,0,0,0,1,1,1,0,1,0,1
10145,0,0,1,1,1,0,0,0,0,0,0,1,0,1,0,1,1,1
10146,0,0,1,1,1,0,0,0,0,1,0,1,0,1,1,1,0,0
10147,0,0,1,1,1,0,0,0,0,0,0,1,1,1,1,1,0,0
10148,0,0,1,1,1,0,0,0,0,0,0,1,0,1,1,1,1,0
10149,0,0,1,1,1,0,0,0,0,1,0,1,1,1,0,1,0,0
10150,0,0,1,1,1,0,0,0,0,1,0,1,0,1,0,1,1,0
10151,0,0,1,1,1,0,0,0,0,0,0,1,1,1,0,1,1,0
10152,0,0,1,1,1,0,0,0,0,0,1,1,0,0,1,1,0,1
10153,0,0,1,1,1,0,0,0,0,1,1,1,0,0,0,1,0,1
10154,0,0,1,1,1,0,0,0,0,0,1,1,1,0,0,1,0,1
10155,0,0,1,1,1,0,0,0,0,0,1,1,0,0,0,1,1,1
10156,0,0,1,1,1,0,0,0,0,1,1,1,0,0,1,1,0,0
10157,0,0,1,1,1,0,0,0,0,0,1,1,1,0,1,1,0,0
10158,0,0,1,1,1,0,0,0,0,0,1,1,0,0,1,1,1,0
10159,0,0,1,1,1,0,0,0,0,1,1,1,1,0,0,1,0,0
10160,0,0,1,1,1,0,0,0,0,1,1,1,0,0,0,1,1,0
10161,0,0,1,1,1,0,0,0,0,0,1,1,1,0,0,1,1,0
10162,0,0,1,1,1,0,0,0,0,1,0,1,0,0,1,1,0,1
10163,0,0,1,1,1,0,0,0,0,0,0,1,1,0,1,1,0,1
10164,0,0,1,1,1,0,0,0,0,0,0,1,0,0,1,1,1,1
10165,0,0,1,1,1,0,0,0,0,1,0,1,1,0,0,1,0,1
10166,0,0,1,1,1,0,0,0,0,1,0,1,0,0,0,1,1,1
10167,0,0,1,1,1,0,0,0,0,0,0,1,1,0,0,1,1,1
10168,0,0,1,1,1,0,0,0,0,1,0,1,1,0,1,1,0,0
10169,0,0,1,1,1,0,0,0,0,1,0,1,0,0,1,1,1,0
10170,0,0,1,1,1,0,0,0,0,0,0,1,1,0,1,1,1,0
10171,0,0,1,1,1,0,0,0,0,1,0,1,1,0,0,1,1,0
10172,0,0,1,1,1,0,0,0,0,0,1,0,0,1,1,1,0,1
10173,0,0,1,1,1,0,0,0,0,1,1,0,0,1,0,1,0,1
10174,0,0,1,1,1,0,0,0,0,0,1,0,1,1,0,1,0,1
10175,0,0,1,1,1,0,0,0,0,0,1,0,0,1,0,1,1,1
10176,0,0,1,1,1,0,0,0,0,1,1,0,0,1,1,1,0,0
10177,0,0,1,1,1,0,0,0,0,0,1,0,1,1,1,1,0,0
10178,0,0,1,1,1,0,0,0,0,0,1,0,0,1,1,1,1,0
10179,0,0,1,1,1,0,0,0,0,1,1,0,1,1,0,1,0,0
10180,0,0,1,1,1,0,0,0,0,1,1,0,0,1,0,1,1,0
10181,0,0,1,1,1,0,0,0,0,0,1,0,1,1,0,1,1,0
10182,0,0,1,1,1,0,0,0,0,1,0,0,0,1,1,1,0,1
10183,0,0,1,1,1,0,0,0,0,0,0,0,1,1,1,1,0,1
10184,0,0,1,1,1,0,0,0,0,0,0,0,0,1,1,1,1,1
10185,0,0,1,1,1,0,0,0,0,1,0,0,1,1,0,1,0,1
10186,0,0,1,1,1,0,0,0,0,1,0,0,0,1,0,1,1,1
10187,0,0,1,1,1,0,0,0,0,0,0,0,1,1,0,1,1,1
10188,0,0,1,1,1,0,0,0,0,1,0,0,1,1,1,1,0,0
10189,0,0,1,1,1,0,0,0,0,1,0,0,0,1,1,1,1,0
10190,0,0,1,1,1,0,0,0,0,0,0,0,1,1,1,1,1,0
10191,0,0,1,1,1,0,0,0,0,1,0,0,1,1,0,1,1,0
10192,0,0,1,1,1,0,0,0,0,1,1,0,0,0,1,1,0,1
10193,0,0,1,1,1,0,0,0,0,0,1,0,1,0,1,1,0,1
10194,0,0,1,1,1,0,0,0,0,0,1,0,0,0,1,1,1,1
10195,0,0,1,1,1,0,0,0,0,1,1,0,1,0,0,1,0,1
10196,0,0,1,1,1,0,0,0,0,1,1,0,0,0,0,1,1,1
10197,0,0,1,1,1,0,0,0,0,0,1,0,1,0,0,1,1,1
10198,0,0,1,1,1,0,0,0,0,1,1,0,1,0,1,1,0,0
10199,0,0,1,1,1,0,0,0,0,1,1,0,0,0,1,1,1,0
10200,0,0,1,1,1,0,0,0,0,0,1,0,1,0,1,1,1,0
10201,0,0,1,1,1,0,0,0,0,1,1,0,1,0,0,1,1,0
10202,0,0,1,1,1,0,0,0,0,1,0,0,1,0,1,1,0,1
10203,0,0,1,1,1,0,0,0,0,1,0,0,0,0,1,1,1,1
10204,0,0,1,1,1,0,0,0,0,0,0,0,1,0,1,1,1,1
10205,0,0,1,1,1,0,0,0,0,1,0,0,1,0,0,1,1,1
10206,0,0,1,1,1,0,0,0,0,1,0,0,1,0,1,1,1,0
10207,1,1,0,0,1,1,1,0,0,0,1,1,0,1,0,0,0,0
10208,1,1,0,0,1,1,1,0,0,0,0,1,0,1,0,0,0,1
10209,1,1,0,0,1,1,1,0,0,0,0,1,0,1,1,0,0,0
10210,1,1,0,0,1,1,1,0,0,1,0,1,0,1,0,0,0,0
10211,1,1,0,0,1,1,1,0,0,0,0,1,1,1,0,0,0,0
10212,1,1,0,0,1,1,1,0,0,0,0,1,0,1,0,0,1,0
10213,1,1,0,0,1,1,1,0,0,0,1,1,0,0,0,0,0,1
10214,1,1,0,0,1,1,1,0,0,0,1,1,0,0,1,0,0,0
10215,1,1,0,0,1,1,1,0,0,1,1,1,0,0,0,0,0,0
10216,1,1,0,0,1,1,1,0,0,0,1,1,1,0,0,0,0,0
10217,1,1,0,0,1,1,1,0,0,0,1,1,0,0,0,0,1,0
10218,1,1,0,0,1,1,1,0,0,0,0,1,0,0,1,0,0,1
10219,1,1,0,0,1,1,1,0,0,1,0,1,0,0,0,0,0,1
10220,1,1,0,0,1,1,1,0,0,0,0,1,1,0,0,0,0,1
10221,1,1,0,0,1,1,1,0,0,0,0,1,0,0,0,0,1,1
10222,1,1,0,0,1,1,1,0,0,1,0,1,0,0,1,0,0,0
10223,1,1,0,0,1,1,1,0,0,0,0,1,1,0,1,0,0,0
10224,1,1,0,0,1,1,1,0,0,0,0,1,0,0,1,0,1,0
10225,1,1,0,0,1,1,1,0,0,1,0,1,1,0,0,0,0,0
10226,1,1,0,0,1,1,1,0,0,1,0,1,0,0,0,0,1,0
10227,1,1,0,0,1,1,1,0,0,0,0,1,1,0,0,0,1,0
10228,1,1,0,0,1,1,1,0,0,0,1,0,0,1,0,0,0,1
10229,1,1,0,0,1,1,1,0,0,0,1,0,0,1,1,0,0,0
10230,1,1,0,0,1,1,1,0,0,1,1,0,0,1,0,0,0,0
10231,1,1,0,0,1,1,1,0,0,0,1,0,1,1,0,0,0,0
10232,1,1,0,0,1,1,1,0,0,0,1,0,0,1,0,0,1,0
10233,1,1,0,0,1,1,1,0,0,0,0,0,0,1,1,0,0,1
10234,1,1,0,0,1,1,1,0,0,1,0,0,0,1,0,0,0,1
10235,1,1,0,0,1,1,1,0,0,0,0,0,1,1,0,0,0,1
10236,1,1,0,0,1,1,1,0,0,0,0,0,0,1,0,0,1,1
10237,1,1,0,0,1,1,1,0,0,1,0,0,0,1,1,0,0,0
10238,1,1,0,0,1,1,1,0,0,0,0,0,1,1,1,0,0,0
10239,1,1,0,0,1,1,1,0,0,0,0,0,0,1,1,0,1,0
10240,1,1,0,0,1,1,1,0,0,1,0,0,1,1,0,0,0,0
10241,1,1,0,0,1,1,1,0,0,1,0,0,0,1,0,0,1,0
10242,1,1,0,0,1,1,1,0,0,0,0,0,1,1,0,0,1,0
10243,1,1,0,0,1,1,1,0,0,0,1,0,0,0,1,0,0,1
10244,1,1,0,0,1,1,1,0,0,1,1,0,0,0,0,0,0,1
10245,1,1,0,0,1,1,1,0,0,0,1,0,1,0,0,0,0,1
10246,1,1,0,0,1,1,1,0,0,0,1,0,0,0,0,0,1,1
10247,1,1,0,0,1,1,1,0,0,1,1,0,0,0,1,0,0,0
10248,1,1,0,0,1,1,1,0,0,0,1,0,1,0,1,0,0,0
10249,1,1,0,0,1,1,1,0,0,0,1,0,0,0,1,0,1,0
10250,1,1,0,0,1,1,1,0,0,1,1,0,1,0,0,0,0,0
10251,1,1,0,0,1,1,1,0,0,1,1,0,0,0,0,0,1,0
10252,1,1,0,0,1,1,1,0,0,0,1,0,1,0,0,0,1,0
10253,1,1,0,0,1,1,1,0,0,1,0,0,0,0,1,0,0,1
10254,1,1,0,0,1,1,1,0,0,0,0,0,1,0,1,0,0,1
10255,1,1,0,0,1,1,1,0,0,0,0,0,0,0,1,0,1,1
10256,1,1,0,0,1,1,1,0,0,1,0,0,1,0,0,0,0,1
10257,1,1,0,0,1,1,1,0,0,1,0,0,0,0,0,0,1,1
10258,1,1,0,0,1,1,1,0,0,0,0,0,1,0,0,0,1,1
10259,1,1,0,0,1,1,1,0,0,1,0,0,1,0,1,0,0,0
10260,1,1,0,0,1,1,1,0,0,1,0,0,0,0,1,0,1,0
10261,1,1,0,0,1,1,1,0,0,0,0,0,1,0,1,0,1,0
10262,1,1,0,0,1,1,1,0,0,1,0,0,1,0,0,0,1,0
10263,1,1,0,0,1,1,0,0,0,0,1,1,0,1,0,0,0,1
10264,1,1,0,0,1,1,0,0,0,0,1,1,0,1,1,0,0,0
10265,1,1,0,0,1,1,0,0,0,1,1,1,0,1,0,0,0,0
10266,1,1,0,0,1,1,0,0,0,0,1,1,1,1,0,0,0,0
10267,1,1,0,0,1,1,0,0,0,0,1,1,0,1,0,0,1,0
10268,1,1,0,0,1,1,0,0,0,0,0,1,0,1,1,0,0,1
10269,1,1,0,0,1,1,0,0,0,1,0,1,0,1,0,0,0,1
10270,1,1,0,0,1,1,0,0,0,0,0,1,1,1,0,0,0,1
10271,1,1,0,0,1,1,0,0,0,0,0,1,0,1,0,0,1,1
10272,1,1,0,0,1,1,0,0,0,1,0,1,0,1,1,0,0,0
10273,1,1,0,0,1,1,0,0,0,0,0,1,1,1,1,0,0,0
10274,1,1,0,0,1,1,0,0,0,0,0,1,0,1,1,0,1,0
10275,1,1,0,0,1,1,0,0,0,1,0,1,1,1,0,0,0,0
10276,1,1,0,0,1,1,0,0,0,1,0,1,0,1,0,0,1,0
10277,1,1,0,0,1,1,0,0,0,0,0,1,1,1,0,0,1,0
10278,1,1,0,0,1,1,0,0,0,0,1,1,0,0,1,0,0,1
10279,1,1,0,0,1,1,0,0,0,1,1,1,0,0,0,0,0,1
10280,1,1,0,0,1,1,0,0,0,0,1,1,1,0,0,0,0,1
10281,1,1,0,0,1,1,0,0,0,0,1,1,0,0,0,0,1,1
10282,1,1,0,0,1,1,0,0,0,1,1,1,0,0,1,0,0,0
10283,1,1,0,0,1,1,0,0,0,0,1,1,1,0,1,0,0,0
10284,1,1,0,0,1,1,0,0,0,0,1,1,0,0,1,0,1,0
10285,1,1,0,0,1,1,0,0,0,1,1,1,1,0,0,0,0,0
10286,1,1,0,0,1,1,0,0,0,1,1,1,0,0,0,0,1,0
10287,1,1,0,0,1,1,0,0,0,0,1,1,1,0,0,0,1,0
10288,1,1,0,0,1,1,0,0,0,1,0,1,0,0,1,0,0,1
10289,1,1,0,0,1,1,0,0,0,0,0,1,1,0,1,0,0,1
10290,1,1,0,0,1,1,0,0,0,0,0,1,0,0,1,0,1,1
10291,1,1,0,0,1,1,0,0,0,1,0,1,1,0,0,0,0,1
10292,1,1,0,0,1,1,0,0,0,1,0,1,0,0,0,0,1,1
10293,1,1,0,0,1,1,0,0,0,0,0,1,1,0,0,0,1,1
10294,1,1,0,0,1,1,0,0,0,1,0,1,1,0,1,0,0,0
10295,1,1,0,0,1,1,0,0,0,1,0,1,0,0,1,0,1,0
10296,1,1,0,0,1,1,0,0,0,0,0,1,1,0,1,0,1,0
10297,1,1,0,0,1,1,0,0,0,1,0,1,1,0,0,0,1,0
10298,1,1,0,0,1,1,0,0,0,0,1,0,0,1,1,0,0,1
10299,1,1,0,0,1,1,0,0,0,1,1,0,0,1,0,0,0,1
10300,1,1,0,0,1,1,0,0,0,0,1,0,1,1,0,0,0,1
10301,1,1,0,0,1,1,0,0,0,0,1,0,0,1,0,0,1,1
10302,1,1,0,0,1,1,0,0,0,1,1,0,0,1,1,0,0,0
10303,1,1,0,0,1,1,0,0,0,0,1,0,1,1,1,0,0,0
10304,1,1,0,0,1,1,0,0,0,0,1,0,0,1,1,0,1,0
10305,1,1,0,0,1,1,0,0,0,1,1,0,1,1,0,0,0,0
10306,1,1,0,0,1,1,0,0,0,1,1,0,0,1,0,0,1,0
10307,1,1,0,0,1,1,0,0,0,0,1,0,1,1,0,0,1,0
10308,1,1,0,0,1,1,0,0,0,1,0,0,0,1,1,0,0,1
10309,1,1,0,0,1,1,0,0,0,0,0,0,1,1,1,0,0,1
10310,1,1,0,0,1,1,0,0,0,0,0,0,0,1,1,0,1,1
10311,1,1,0,0,1,1,0,0,0,1,0,0,1,1,0,0,0,1
10312,1,1,0,0,1,1,0,0,0,1,0,0,0,1,0,0,1,1
10313,1,1,0,0,1,1,0,0,0,0,0,0,1,1,0,0,1,1
10314,1,1,0,0,1,1,0,0,0,1,0,0,1,1,1,0,0,0
10315,1,1,0,0,1,1,0,0,0,1,0,0,0,1,1,0,1,0
10316,1,1,0,0,1,1,0,0,0,0,0,0,1,1,1,0,1,0
10317,1,1,0,0,1,1,0,0,0,1,0,0,1,1,0,0,1,0
10318,1,1,0,0,1,1,0,0,0,1,1,0,0,0,1,0,0,1
10319,1,1,0,0,1,1,0,0,0,0,1,0,1,0,1,0,0,1
10320,1,1,0,0,1,1,0,0,0,0,1,0,0,0,1,0,1,1
10321,1,1,0,0,1,1,0,0,0,1,1,0,1,0,0,0,0,1
10322,1,1,0,0,1,1,0,0,0,1,1,0,0,0,0,0,1,1
10323,1,1,0,0,1,1,0,0,0,0,1,0,1,0,0,0,1,1
10324,1,1,0,0,1,1,0,0,0,1,1,0,1,0,1,0,0,0
10325,1,1,0,0,1,1,0,0,0,1,1,0,0,0,1,0,1,0
10326,1,1,0,0,1,1,0,0,0,0,1,0,1,0,1,0,1,0
10327,1,1,0,0,1,1,0,0,0,1,1,0,1,0,0,0,1,0
10328,1,1,0,0,1,1,0,0,0,1,0,0,1,0,1,0,0,1
10329,1,1,0,0,1,1,0,0,0,1,0,0,0,0,1,0,1,1
10330,1,1,0,0,1,1,0,0,0,0,0,0,1,0,1,0,1,1
10331,1,1,0,0,1,1,0,0,0,1,0,0,1,0,0,0,1,1
10332,1,1,0,0,1,1,0,0,0,1,0,0,1,0,1,0,1,0
10333,0,1,1,0,1,1,1,0,0,0,1,1,0,1,0,0,0,0
10334,0,1,1,0,1,1,1,0,0,0,0,1,0,1,0,0,0,1
10335,0,1,1,0,1,1,1,0,0,0,0,1,0,1,1,0,0,0
10336,0,1,1,0,1,1,1,0,0,1,0,1,0,1,0,0,0,0
10337,0,1,1,0,1,1,1,0,0,0,0,1,1,1,0,0,0,0
10338,0,1,1,0,1,1,1,0,0,0,0,1,0,1,0,0,1,0
10339,0,1,1,0,1,1,1,0,0,0,1,1,0,0,0,0,0,1
10340,0,1,1,0,1,1,1,0,0,0,1,1,0,0,1,0,0,0
10341,0,1,1,0,1,1,1,0,0,1,1,1,0,0,0,0,0,0
10342,0,1,1,0,1,1,1,0,0,0,1,1,1,0,0,0,0,0
10343,0,1,1,0,1,1,1,0,0,0,1,1,0,0,0,0,1,0
10344,0,1,1,0,1,1,1,0,0,0,0,1,0,0,1,0,0,1
10345,0,1,1,0,1,1,1,0,0,1,0,1,0,0,0,0,0,1
10346,0,1,1,0,1,1,1,0,0,0,0,1,1,0,0,0,0,1
10347,0,1,1,0,1,1,1,0,0,0,0,1,0,0,0,0,1,1
10348,0,1,1,0,1,1,1,0,0,1,0,1,0,0,1,0,0,0
10349,0,1,1,0,1,1,1,0,0,0,0,1,1,0,1,0,0,0
10350,0,1,1,0,1,1,1,0,0,0,0,1,0,0,1,0,1,0
10351,0,1,1,0,1,1,1,0,0,1,0,1,1,0,0,0,0,0
10352,0,1,1,0,1,1,1,0,0,1,0,1,0,0,0,0,1,0
10353,0,1,1,0,1,1,1,0,0,0,0,1,1,0,0,0,1,0
10354,0,1,1,0,1,1,1,0,0,0,1,0,0,1,0,0,0,1
10355,0,1,1,0,1,1,1,0,0,0,1,0,0,1,1,0,0,0
10356,0,1,1,0,1,1,1,0,0,1,1,0,0,1,0,0,0,0
10357,0,1,1,0,1,1,1,0,0,0,1,0,1,1,0,0,0,0
10358,0,1,1,0,1,1,1,0,0,0,1,0,0,1,0,0,1,0
10359,0,1,1,0,1,1,1,0,0,0,0,0,0,1,1,0,0,1
10360,0,1,1,0,1,1,1,0,0,1,0,0,0,1,0,0,0,1
10361,0,1,1,0,1,1,1,0,0,0,0,0,1,1,0,0,0,1
10362,0,1,1,0,1,1,1,0,0,0,0,0,0,1,0,0,1,1
10363,0,1,1,0,1,1,1,0,0,1,0,0,0,1,1,0,0,0
10364,0,1,1,0,1,1,1,0,0,0,0,0,1,1,1,0,0,0
10365,0,1,1,0,1,1,1,0,0,0,0,0,0,1,1,0,1,0
10366,0,1,1,0,1,1,1,0,0,1,0,0,1,1,0,0,0,0
10367,0,1,1,0,1,1,1,0,0,1,0,0,0,1,0,0,1,0
10368,0,1,1,0,1,1,1,0,0,0,0,0,1,1,0,0,1,0
10369,0,1,1,0,1,1,1,0,0,0,1,0,0,0,1,0,0,1
10370,0,1,1,0,1,1,1,0,0,1,1,0,0,0,0,0,0,1
10371,0,1,1,0,1,1,1,0,0,0,1,0,1,0,0,0,0,1
10372,0,1,1,0,1,1,1,0,0,0,1,0,0,0,0,0,1,1
10373,0,1,1,0,1,1,1,0,0,1,1,0,0,0,1,0,0,0
10374,0,1,1,0,1,1,1,0,0,0,1,0,1,0,1,0,0,0
10375,0,1,1,0,1,1,1,0,0,0,1,0,0,0,1,0,1,0
10376,0,1,1,0,1,1,1,0,0,1,1,0,1,0,0,0,0,0
10377,0,1,1,0,1,1,1,0,0,1,1,0,0,0,0,0,1,0
10378,0,1,1,0,1,1,1,0,0,0,1,0,1,0,0,0,1,0
10379,0,1,1,0,1,1,1,0,0,1,0,0,0,0,1,0,0,1
10380,0,1,1,0,1,1,1,0,0,0,0,0,1,0,1,0,0,1
10381,0,1,1,0,1,1,1,0,0,0,0,0,0,0,1,0,1,1
10382,0,1,1,0,1,1,1,0,0,1,0,0,1,0,0,0,0,1
10383,0,1,1,0,1,1,1,0,0,1,0,0,0,0,0,0,1,1
10384,0,1,1,0,1,1,1,0,0,0,0,0,1,0,0,0,1,1
10385,0,1,1,0,1,1,1,0,0,1,0,0,1,0,1,0,0,0
10386,0,1,1,0,1,1,1,0,0,1,0,0,0,0,1,0,1,0
10387,0,1,1,0,1,1,1,0,0,0,0,0,1,0,1,0,1,0
10388,0,1,1,0,1,1,1,0,0,1,0,0,1,0,0,0,1,0
10389,0,1,1,0,1,1,0,0,0,0,1,1,0,1,0,0,0,1
10390,0,1,1,0,1,1,0,0,0,0,1,1,0,1,1,0,0,0
10391,0,1,1,0,1,1,0,0,0,1,1,1,0,1,0,0,0,0
10392,0,1,1,0,1,1,0,0,0,0,1,1,1,1,0,0,0,0
10393,0,1,1,0,1,1,0,0,0,0,1,1,0,1,0,0,1,0
10394,0,1,1,0,1,1,0,0,0,0,0,1,0,1,1,0,0,1
10395,0,1,1,0,1,1,0,0,0,1,0,1,0,1,0,0,0,1
10396,0,1,1,0,1,1,0,0,0,0,0,1,1,1,0,0,0,1
10397,0,1,1,0,1,1,0,0,0,0,0,1,0,1,0,0,1,1
10398,0,1,1,0,1,1,0,0,0,1,0,1,0,1,1,0,0,0
10399,0,1,1,0,1,1,0,0,0,0,0,1,1,1,1,0,0,0
10400,0,1,1,0,1,1,0,0,0,0,0,1,0,1,1,0,1,0
10401,0,1,1,0,1,1,0,0,0,1,0,1,1,1,0,0,0,0
10402,0,1,1,0,1,1,0,0,0,1,0,1,0,1,0,0,1,0
10403,0,1,1,0,1,1,0,0,0,0,0,1,1,1,0,0,1,0
10404,0,1,1,0,1,1,0,0,0,0,1,1,0,0,1,0,0,1
10405,0,1,1,0,1,1,0,0,0,1,1,1,0,0,0,0,0,1
10406,0,1,1,0,1,1,0,0,0,0,1,1,1,0,0,0,0,1
10407,0,1,1,0,1,1,0,0,0,0,1,1,0,0,0,0,1,1
10408,0,1,1,0,1,1,0,0,0,1,1,1,0,0,1,0,0,0
10409,0,1,1,0,1,1,0,0,0,0,1,1,1,0,1,0,0,0
10410,0,1,1,0,1,1,0,0,0,0,1,1,0,0,1,0,1,0
10411,0,1,1,0,1,1,0,0,0,1,1,1,1,0,0,0,0,0
10412,0,1,1,0,1,1,0,0,0,1,1,1,0,0,0,0,1,0
10413,0,1,1,0,1,1,0,0,0,0,1,1,1,0,0,0,1,0
10414,0,1,1,0,1,1,0,0,0,1,0,1,0,0,1,0,0,1
10415,0,1,1,0,1,1,0,0,0,0,0,1,1,0,1,0,0,1
10416,0,1,1,0,1,1,0,0,0,0,0,1,0,0,1,0,1,1
10417,0,1,1,0,1,1,0,0,0,1,0,1,1,0,0,0,0,1
10418,0,1,1,0,1,1,0,0,0,1,0,1,0,0,0,0,1,1
10419,0,1,1,0,1,1,0,0,0,0,0,1,1,0,0,0,1,1
10420,0,1,1,0,1,1,0,0,0,1,0,1,1,0,1,0,0,0
10421,0,1,1,0,1,1,0,0,0,1,0,1,0,0,1,0,1,0
10422,0,1,1,0,1,1,0,0,0,0,0,1,1,0,1,0,1,0
10423,0,1,1,0,1,1,0,0,0,1,0,1,1,0,0,0,1,0
10424,0,1,1,0,1,1,0,0,0,0,1,0,0,1,1,0,0,1
10425,0,1,1,0,1,1,0,0,0,1,1,0,0,1,0,0,0,1
10426,0,1,1,0,1,1,0,0,0,0,1,0,1,1,0,0,0,1
10427,0,1,1,0,1,1,0,0,0,0,1,0,0,1,0,0,1,1
10428,0,1,1,0,1,1,0,0,0,1,1,0,0,1,1,0,0,0
10429,0,1,1,0,1,1,0,0,0,0,1,0,1,1,1,0,0,0
10430,0,1,1,0,1,1,0,0,0,0,1,0,0,1,1,0,1,0
10431,0,1,1,0,1,1,0,0,0,1,1,0,1,1,0,0,0,0
10432,0,1,1,0,1,1,0,0,0,1,1,0,0,1,0,0,1,0
10433,0,1,1,0,1,1,0,0,0,0,1,0,1,1,0,0,1,0
10434,0,1,1,0,1,1,0,0,0,1,0,0,0,1,1,0,0,1
10435,0,1,1,0,1,1,0,0,0,0,0,0,1,1,1,0,0,1
10436,0,1,1,0,1,1,0,0,0,0,0,0,0,1,1,0,1,1
10437,0,1,1,0,1,1,0,0,0,1,0,0,1,1,0,0,0,1
10438,0,1,1,0,1,1,0,0,0,1,0,0,0,1,0,0,1,1
10439,0,1,1,0,1,1,0,0,0,0,0,0,1,1,0,0,1,1
10440,0,1,1,0,1,1,0,0,0,1,0,0,1,1,1,0,0,0
10441,0,1,1,0,1,1,0,0,0,1,0,0,0,1,1,0,1,0
10442,0,1,1,0,1,1,0,0,0,0,0,0,1,1,1,0,1,0
10443,0,1,1,0,1,1,0,0,0,1,0,0,1,1,0,0,1,0
10444,0,1,1,0,1,1,0,0,0,1,1,0,0,0,1,0,0,1
10445,0,1,1,0,1,1,0,0,0,0,1,0,1,0,1,0,0,1
10446,0,1,1,0,1,1,0,0,0,0,1,0,0,0,1,0,1,1
10447,0,1,1,0,1,1,0,0,0,1,1,0,1,0,0,0,0,1
10448,0,1,1,0,1,1,0,0,0,1,1,0,0,0,0,0,1,1
10449,0,1,1,0,1,1,0,0,0,0,1,0,1,0,0,0,1,1
10450,0,1,1,0,1,1,0,0,0,1,1,0,1,0,1,0,0,0
10451,0,1,1,0,1,1,0,0,0,1,1,0,0,0,1,0,1,0
10452,0,1,1,0,1,1,0,0,0,0,1,0,1,0,1,0,1,0
10453,0,1,1,0,1,1,0,0,0,1,1,0,1,0,0,0,1,0
10454,0,1,1,0,1,1,0,0,0,1,0,0,1,0,1,0,0,1
10455,0,1,1,0,1,1,0,0,0,1,0,0,0,0,1,0,1,1
10456,0,1,1,0,1,1,0,0,0,0,0,0,1,0,1,0,1,1
10457,0,1,1,0,1,1,0,0,0,1,0,0,1,0,0,0,1,1
10458,0,1,1,0,1,1,0,0,0,1,0,0,1,0,1,0,1,0
10459,0,1,0,1,1,1,1,0,0,0,1,1,0,1,0,0,0,0
10460,0,1,0,1,1,1,1,0,0,0,0,1,0,1,0,0,0,1
10461,0,1,0,1,1,1,1,0,0,0,0,1,0,1,1,0,0,0
10462,0,1,0,1,1,1,1,0,0,1,0,1,0,1,0,0,0,0
10463,0,1,0,1,1,1,1,0,0,0,0,1,1,1,0,0,0,0
10464,0,1,0,1,1,1,1,0,0,0,0,1,0,1,0,0,1,0
10465,0,1,0,1,1,1,1,0,0,0,1,1,0,0,0,0,0,1
10466,0,1,0,1,1,1,1,0,0,0,1,1,0,0,1,0,0,0
10467,0,1,0,1,1,1,1,0,0,1,1,1,0,0,0,0,0,0
10468,0,1,0,1,1,1,1,0,0,0,1,1,1,0,0,0,0,0
10469,0,1,0,1,1,1,1,0,0,0,1,1,0,0,0,0,1,0
10470,0,1,0,1,1,1,1,0,0,0,0,1,0,0,1,0,0,1
10471,0,1,0,1,1,1,1,0,0,1,0,1,0,0,0,0,0,1
10472,0,1,0,1,1,1,1,0,0,0,0,1,1,0,0,0,0,1
10473,0,1,0,1,1,1,1,0,0,0,0,1,0,0,0,0,1,1
10474,0,1,0,1,1,1,1,0,0,1,0,1,0,0,1,0,0,0
10475,0,1,0,1,1,1,1,0,0,0,0,1,1,0,1,0,0,0
10476,0,1,0,1,1,1,1,0,0,0,0,1,0,0,1,0,1,0
10477,0,1,0,1,1,1,1,0,0,1,0,1,1,0,0,0,0,0
10478,0,1,0,1,1,1,1,0,0,1,0,1,0,0,0,0,1,0
10479,0,1,0,1,1,1,1,0,0,0,0,1,1,0,0,0,1,0
10480,0,1,0,1,1,1,1,0,0,0,1,0,0,1,0,0,0,1
10481,0,1,0,1,1,1,1,0,0,0,1,0,0,1,1,0,0,0
10482,0,1,0,1,1,1,1,0,0,1,1,0,0,1,0,0,0,0
10483,0,1,0,1,1,1,1,0,0,0,1,0,1,1,0,0,0,0
10484,0,1,0,1,1,1,1,0,0,0,1,0,0,1,0,0,1,0
10485,0,1,0,1,1,1,1,0,0,0,0,0,0,1,1,0,0,1
10486,0,1,0,1,1,1,1,0,0,1,0,0,0,1,0,0,0,1
10487,0,1,0,1,1,1,1,0,0,0,0,0,1,1,0,0,0,1
10488,0,1,0,1,1,1,1,0,0,0,0,0,0,1,0,0,1,1
10489,0,1,0,1,1,1,1,0,0,1,0,0,0,1,1,0,0,0
10490,0,1,0,1,1,1,1,0,0,0,0,0,1,1,1,0,0,0
10491,0,1,0,1,1,1,1,0,0,0,0,0,0,1,1,0,1,0
10492,0,1,0,1,1,1,1,0,0,1,0,0,1,1,0,0,0,0
10493,0,1,0,1,1,1,1,0,0,1,0,0,0,1,0,0,1,0
10494,0,1,0,1,1,1,1,0,0,0,0,0,1,1,0,0,1,0
10495,0,1,0,1,1,1,1,0,0,0,1,0,0,0,1,0,0,1
10496,0,1,0,1,1,1,1,0,0,1,1,0,0,0,0,0,0,1
10497,0,1,0,1,1,1,1,0,0,0,1,0,1,0,0,0,0,1
10498,0,1,0,1,1,1,1,0,0,0,1,0,0,0,0,0,1,1
10499,0,1,0,1,1,1,1,0,0,1,1,0,0,0,1,0,0,0
10500,0,1,0,1,1,1,1,0,0,0,1,0,1,0,1,0,0,0
10501,0,1,0,1,1,1,1,0,0,0,1,0,0,0,1,0,1,0
10502,0,1,0,1,1,1,1,0,0,1,1,0,1,0,0,0,0,0
10503,0,1,0,1,1,1,1,0,0,1,1,0,0,0,0,0,1,0
10504,0,1,0,1,1,1,1,0,0,0,1,0,1,0,0,0,1,0
10505,0,1,0,1,1,1,1,0,0,1,0,0,0,0,1,0,0,1
10506,0,1,0,1,1,1,1,0,0,0,0,0,1,0,1,0,0,1
10507,0,1,0,1,1,1,1,0,0,0,0,0,0,0,1,0,1,1
10508,0,1,0,1,1,1,1,0,0,1,0,0,1,0,0,0,0,1
10509,0,1,0,1,1,1,1,0,0,1,0,0,0,0,0,0,1,1
10510,0,1,0,1,1,1,1,0,0,0,0,0,1,0,0,0,1,1
10511,0,1,0,1,1,1,1,0,0,1,0,0,1,0,1,0,0,0
10512,0,1,0,1,1,1,1,0,0,1,0,0,0,0,1,0,1,0
10513,0,1,0,1,1,1,1,0,0,0,0,0,1,0,1,0,1,0
10514,0,1,0,1,1,1,1,0,0,1,0,0,1,0,0,0,1,0
10515,0,1,0,1,1,1,0,0,0,0,1,1,0,1,0,0,0,1
10516,0,1,0,1,1,1,0,0,0,0,1,1,0,1,1,0,0,0
10517,0,1,0,1,1,1,0,0,0,1,1,1,0,1,0,0,0,0
10518,0,1,0,1,1,1,0,0,0,0,1,1,1,1,0,0,0,0
10519,0,1,0,1,1,1,0,0,0,0,1,1,0,1,0,0,1,0
10520,0,1,0,1,1,1,0,0,0,0,0,1,0,1,1,0,0,1
10521,0,1,0,1,1,1,0,0,0,1,0,1,0,1,0,0,0,1
10522,0,1,0,1,1,1,0,0,0,0,0,1,1,1,0,0,0,1
10523,0,1,0,1,1,1,0,0,0,0,0,1,0,1,0,0,1,1
10524,0,1,0,1,1,1,0,0,0,1,0,1,0,1,1,0,0,0
10525,0,1,0,1,1,1,0,0,0,0,0,1,1,1,1,0,0,0
10526,0,1,0,1,1,1,0,0,0,0,0,1,0,1,1,0,1,0
10527,0,1,0,1,1,1,0,0,0,1,0,1,1,1,0,0,0,0
10528,0,1,0,1,1,1,0,0,0,1,0,1,0,1,0,0,1,0
10529,0,1,0,1,1,1,0,0,0,0,0,1,1,1,0,0,1,0
10530,0,1,0,1,1,1,0,0,0,0,1,1,0,0,1,0,0,1
10531,0,1,0,1,1,1,0,0,0,1,1,1,0,0,0,0,0,1
10532,0,1,0,1,1,1,0,0,0,0,1,1,1,0,0,0,0,1
10533,0,1,0,1,1,1,0,0,0,0,1,1,0,0,0,0,1,1
10534,0,1,0,1,1,1,0,0,0,1,1,1,0,0,1,0,0,0
10535,0,1,0,1,1,1,0,0,0,0,1,1,1,0,1,0,0,0
10536,0,1,0,1,1,1,0,0,0,0,1,1,0,0,1,0,1,0
10537,0,1,0,1,1,1,0,0,0,1,1,1,1,0,0,0,0,0
10538,0,1,0,1,1,1,0,0,0,1,1,1,0,0,0,0,1,0
10539,0,1,0,1,1,1,0,0,0,0,1,1,1,0,0,0,1,0
10540,0,1,0,1,1,1,0,0,0,1,0,1,0,0,1,0,0,1
10541,0,1,0,1,1,1,0,0,0,0,0,1,1,0,1,0,0,1
10542,0,1,0,1,1,1,0,0,0,0,0,1,0,0,1,0,1,1
10543,0,1,0,1,1,1,0,0,0,1,0,1,1,0,0,0,0,1
10544,0,1,0,1,1,1,0,0,0,1,0,1,0,0,0,0,1,1
10545,0,1,0,1,1,1,0,0,0,0,0,1,1,0,0,0,1,1
10546,0,1,0,1,1,1,0,0,0,1,0,1,1,0,1,0,0,0
10547,0,1,0,1,1,1,0,0,0,1,0,1,0,0,1,0,1,0
10548,0,1,0,1,1,1,0,0,0,0,0,1,1,0,1,0,1,0
10549,0,1,0,1,1,1,0,0,0,1,0,1,1,0,0,0,1,0
10550,0,1,0,1,1,1,0,0,0,0,1,0,0,1,1,0,0,1
10551,0,1,0,1,1,1,0,0,0,1,1,0,0,1,0,0,0,1
10552,0,1,0,1,1,1,0,0,0,0,1,0,1,1,0,0,0,1
10553,0,1,0,1,1,1,0,0,0,0,1,0,0,1,0,0,1,1
10554,0,1,0,1,1,1,0,0,0,1,1,0,0,1,1,0,0,0
10555,0,1,0,1,1,1,0,0,0,0,1,0,1,1,1,0,0,0
10556,0,1,0,1,1,1,0,0,0,0,1,0,0,1,1,0,1,0
10557,0,1,0,1,1,1,0,0,0,1,1,0,1,1,0,0,0,0
10558,0,1,0,1,1,1,0,0,0,1,1,0,0,1,0,0,1,0
10559,0,1,0,1,1,1,0,0,0,0,1,0,1,1,0,0,1,0
10560,0,1,0,1,1,1,0,0,0,1,0,0,0,1,1,0,0,1
10561,0,1,0,1,1,1,0,0,0,0,0,0,1,1,1,0,0,1
10562,0,1,0,1,1,1,0,0,0,0,0,0,0,1,1,0,1,1
10563,0,1,0,1,1,1,0,0,0,1,0,0,1,1,0,0,0,1
10564,0,1,0,1,1,1,0,0,0,1,0,0,0,1,0,0,1,1
10565,0,1,0,1,1,1,0,0,0,0,0,0,1,1,0,0,1,1
10566,0,1,0,1,1,1,0,0,0,1,0,0,1,1,1,0,0,0
10567,0,1,0,1,1,1,0,0,0,1,0,0,0,1,1,0,1,0
10568,0,1,0,1,1,1,0,0,0,0,0,0,1,1,1,0,1,0
10569,0,1,0,1,1,1,0,0,0,1,0,0,1,1,0,0,1,0
10570,0,1,0,1,1,1,0,0,0,1,1,0,0,0,1,0,0,1
10571,0,1,0,1,1,1,0,0,0,0,1,0,1,0,1,0,0,1
10572,0,1,0,1,1,1,0,0,0,0,1,0,0,0,1,0,1,1
10573,0,1,0,1,1,1,0,0,0,1,1,0,1,0,0,0,0,1
10574,0,1,0,1,1,1,0,0,0,1,1,0,0,0,0,0,1,1
10575,0,1,0,1,1,1,0,0,0,0,1,0,1,0,0,0,1,1
10576,0,1,0,1,1,1,0,0,0,1,1,0,1,0,1,0,0,0
10577,0,1,0,1,1,1,0,0,0,1,1,0,0,0,1,0,1,0
10578,0,1,0,1,1,1,0,0,0,0,1,0,1,0,1,0,1,0
10579,0,1,0,1,1,1,0,0,0,1,1,0,1,0,0,0,1,0
10580,0,1,0,1,1,1,0,0,0,1,0,0,1,0,1,0,0,1
10581,0,1,0,1,1,1,0,0,0,1,0,0,0,0,1,0,1,1
10582,0,1,0,1,1,1,0,0,0,0,0,0,1,0,1,0,1,1
10583,0,1,0,1,1,1,0,0,0,1,0,0,1,0,0,0,1,1
10584,0,1,0,1,1,1,0,0,0,1,0,0,1,0,1,0,1,0
10585,1,1,1,0,1,0,1,0,0,0,1,1,0,1,0,0,0,0
10586,1,1,1,0,1,0,1,0,0,0,0,1,0,1,0,0,0,1
10587,1,1,1,0,1,0,1,0,0,0,0,1,0,1,1,0,0,0
10588,1,1,1,0,1,0,1,0,0,1,0,1,0,1,0,0,0,0
10589,1,1,1,0,1,0,1,0,0,0,0,1,1,1,0,0,0,0
10590,1,1,1,0,1,0,1,0,0,0,0,1,0,1,0,0,1,0
10591,1,1,1,0,1,0,1,0,0,0,1,1,0,0,0,0,0,1
10592,1,1,1,0,1,0,1,0,0,0,1,1,0,0,1,0,0,0
10593,1,1,1,0,1,0,1,0,0,1,1,1,0,0,0,0,0,0
10594,1,1,1,0,1,0,1,0,0,0,1,1,1,0,0,0,0,0
10595,1,1,1,0,1,0,1,0,0,0,1,1,0,0,0,0,1,0
10596,1,1,1,0,1,0,1,0,0,0,0,1,0,0,1,0,0,1
10597,1,1,1,0,1,0,1,0,0,1,0,1,0,0,0,0,0,1
10598,1,1,1,0,1,0,1,0,0,0,0,1,1,0,0,0,0,1
10599,1,1,1,0,1,0,1,0,0,0,0,1,0,0,0,0,1,1
10600,1,1,1,0,1,0,1,0,0,1,0,1,0,0,1,0,0,0
10601,1,1,1,0,1,0,1,0,0,0,0,1,1,0,1,0,0,0
10602,1,1,1,0,1,0,1,0,0,0,0,1,0,0,1,0,1,0
10603,1,1,1,0,1,0,1,0,0,1,0,1,1,0,0,0,0,0
10604,1,1,1,0,1,0,1,0,0,1,0,1,0,0,0,0,1,0
10605,1,1,1,0,1,0,1,0,0,0,0,1,1,0,0,0,1,0
10606,1,1,1,0,1,0,1,0,0,0,1,0,0,1,0,0,0,1
10607,1,1,1,0,1,0,1,0,0,0,1,0,0,1,1,0,0,0
10608,1,1,1,0,1,0,1,0,0,1,1,0,0,1,0,0,0,0
10609,1,1,1,0,1,0,1,0,0,0,1,0,1,1,0,0,0,0
10610,1,1,1,0,1,0,1,0,0,0,1,0,0,1,0,0,1,0
10611,1,1,1,0,1,0,1,0,0,0,0,0,0,1,1,0,0,1
10612,1,1,1,0,1,0,1,0,0,1,0,0,0,1,0,0,0,1
10613,1,1,1,0,1,0,1,0,0,0,0,0,1,1,0,0,0,1
10614,1,1,1,0,1,0,1,0,0,0,0,0,0,1,0,0,1,1
10615,1,1,1,0,1,0,1,0,0,1,0,0,0,1,1,0,0,0
10616,1,1,1,0,1,0,1,0,0,0,0,0,1,1,1,0,0,0
10617,1,1,1,0,1,0,1,0,0,0,0,0,0,1,1,0,1,0
10618,1,1,1,0,1,0,1,0,0,1,0,0,1,1,0,0,0,0
10619,1,1,1,0,1,0,1,0,0,1,0,0,0,1,0,0,1,0
10620,1,1,1,0,1,0,1,0,0,0,0,0,1,1,0,0,1,0
10621,1,1,1,0,1,0,1,0,0,0,1,0,0,0,1,0,0,1
10622,1,1,1,0,1,0,1,0,0,1,1,0,0,0,0,0,0,1
10623,1,1,1,0,1,0,1,0,0,0,1,0,1,0,0,0,0,1
10624,1,1,1,0,1,0,1,0,0,0,1,0,0,0,0,0,1,1
10625,1,1,1,0,1,0,1,0,0,1,1,0,0,0,1,0,0,0
10626,1,1,1,0,1,0,1,0,0,0,1,0,1,0,1,0,0,0
10627,1,1,1,0,1,0,1,0,0,0,1,0,0,0,1,0,1,0
10628,1,1,1,0,1,0,1,0,0,1,1,0,1,0,0,0,0,0
10629,1,1,1,0,1,0,1,0,0,1,1,0,0,0,0,0,1,0
10630,1,1,1,0,1,0,1,0,0,0,1,0,1,0,0,0,1,0
10631,1,1,1,0,1,0,1,0,0,1,0,0,0,0,1,0,0,1
10632,1,1,1,0,1,0,1,0,0,0,0,0,1,0,1,0,0,1
10633,1,1,1,0,1,0,1,0,0,0,0,0,0,0,1,0,1,1
10634,1,1,1,0,1,0,1,0,0,1,0,0,1,0,0,0,0,1
10635,1,1,1,0,1,0,1,0,0,1,0,0,0,0,0,0,1,1
10636,1,1,1,0,1,0,1,0,0,0,0,0,1,0,0,0,1,1
10637,1,1,1,0,1,0,1,0,0,1,0,0,1,0,1,0,0,0
10638,1,1,1,0,1,0,1,0,0,1,0,0,0,0,1,0,1,0
10639,1,1,1,0,1,0,1,0,0,0,0,0,1,0,1,0,1,0
10640,1,1,1,0,1,0,1,0,0,1,0,0,1,0,0,0,1,0
10641,1,1,1,0,1,0,0,0,0,0,1,1,0,1,0,0,0,1
10642,1,1,1,0,1,0,0,0,0,0,1,1,0,1,1,0,0,0
10643,1,1,1,0,1,0,0,0,0,1,1,1,0,1,0,0,0,0
10644,1,1,1,0,1,0,0,0,0,0,1,1,1,1,0,0,0,0
10645,1,1,1,0,1,0,0,0,0,0,1,1,0,1,0,0,1,0
10646,1,1,1,0,1,0,0,0,0,0,0,1,0,1,1,0,0,1
10647,1,1,1,0,1,0,0,0,0,1,0,1,0,1,0,0,0,1
10648,1,1,1,0,1,0,0,0,0,0,0,1,1,1,0,0,0,1
10649,1,1,1,0,1,0,0,0,0,0,0,1,0,1,0,0,1,1
10650,1,1,1,0,1,0,0,0,0,1,0,1,0,1,1,0,0,0
10651,1,1,1,0,1,0,0,0,0,0,0,1,1,1,1,0,0,0
10652,1,1,1,0,1,0,0,0,0,0,0,1,0,1,1,0,1,0
10653,1,1,1,0,1,0,0,0,0,1,0,1,1,1,0,0,0,0
10654,1,1,1,0,1,0,0,0,0,1,0,1,0,1,0,0,1,0
10655,1,1,1,0,1,0,0,0,0,0,0,1,1,1,0,0,1,0
10656,1,1,1,0,1,0,0,0,0,0,1,1,0,0,1,0,0,1
10657,1,1,1,0,1,0,0,0,0,1,1,1,0,0,0,0,0,1
10658,1,1,1,0,1,0,0,0,0,0,1,1,1,0,0,0,0,1
10659,1,1,1,0,1,0,0,0,0,0,1,1,0,0,0,0,1,1
10660,1,1,1,0,1,0,0,0,0,1,1,1,0,0,1,0,0,0
10661,1,1,1,0,1,0,0,0,0,0,1,1,1,0,1,0,0,0
10662,1,1,1,0,1,0,0,0,0,0,1,1,0,0,1,0,1,0
10663,1,1,1,0,1,0,0,0,0,1,1,1,1,0,0,0,0,0
10664,1,1,1,0,1,0,0,0,0,1,1,1,0,0,0,0,1,0
10665,1,1,1,0,1,0,0,0,0,0,1,1,1,0,0,0,1,0
10666,1,1,1,0,1,0,0,0,0,1,0,1,0,0,1,0,0,1
10667,1,1,1,0,1,0,0,0,0,0,0,1,1,0,1,0,0,1
10668,1,1,1,0,1,0,0,0,0,0,0,1,0,0,1,0,1,1
10669,1,1,1,0,1,0,0,0,0,1,0,1,1,0,0,0,0,1
10670,1,1,1,0,1,0,0,0,0,1,0,1,0,0,0,0,1,1
10671,1,1,1,0,1,0,0,0,0,0,0,1,1,0,0,0,1,1
10672,1,1,1,0,1,0,0,0,0,1,0,1,1,0,1,0,0,0
10673,1,1,1,0,1,0,0,0,0,1,0,1,0,0,1,0,1,0
10674,1,1,1,0,1,0,0,0,0,0,0,1,1,0,1,0,1,0
10675,1,1,1,0,1,0,0,0,0,1,0,1,1,0,0,0,1,0
10676,1,1,1,0,1,0,0,0,0,0,1,0,0,1,1,0,0,1
10677,1,1,1,0,1,0,0,0,0,1,1,0,0,1,0,0,0,1
10678,1,1,1,0,1,0,0,0,0,0,1,0,1,1,0,0,0,1
10679,1,1,1,0,1,0,0,0,0,0,1,0,0,1,0,0,1,1
10680,1,1,1,0,1,0,0,0,0,1,1,0,0,1,1,0,0,0
10681,1,1,1,0,1,0,0,0,0,0,1,0,1,1,1,0,0,0
10682,1,1,1,0,1,0,0,0,0,0,1,0,0,1,1,0,1,0
10683,1,1,1,0,1,0,0,0,0,1,1,0,1,1,0,0,0,0
10684,1,1,1,0,1,0,0,0,0,1,1,0,0,1,0,0,1,0
10685,1,1,1,0,1,0,0,0,0,0,1,0,1,1,0,0,1,0
10686,1,1,1,0,1,0,0,0,0,1,0,0,0,1,1,0,0,1
10687,1,1,1,0,1,0,0,0,0,0,0,0,1,1,1,0,0,1
10688,1,1,1,0,1,0,0,0,0,0,0,0,0,1,1,0,1,1
10689,1,1,1,0,1,0,0,0,0,1,0,0,1,1,0,0,0,1
10690,1,1,1,0,1,0,0,0,0,1,0,0,0,1,0,0,1,1
10691,1,1,1,0,1,0,0,0,0,0,0,0,1,1,0,0,1,1
10692,1,1,1,0,1,0,0,0,0,1,0,0,1,1,1,0,0,0
10693,1,1,1,0,1,0,0,0,0,1,0,0,0,1,1,0,1,0
10694,1,1,1,0,1,0,0,0,0,0,0,0,1,1,1,0,1,0
10695,1,1,1,0,1,0,0,0,0,1,0,0,1,1,0,0,1,0
10696,1,1,1,0,1,0,0,0,0,1,1,0,0,0,1,0,0,1
10697,1,1,1,0,1,0,0,0,0,0,1,0,1,0,1,0,0,1
10698,1,1,1,0,1,0,0,0,0,0,1,0,0,0,1,0,1,1
10699,1,1,1,0,1,0,0,0,0,1,1,0,1,0,0,0,0,1
10700,1,1,1,0,1,0,0,0,0,1,1,0,0,0,0,0,1,1
10701,1,1,1,0,1,0,0,0,0,0,1,0,1,0,0,0,1,1
10702,1,1,1,0,1,0,0,0,0,1,1,0,1,0,1,0,0,0
10703,1,1,1,0,1,0,0,0,0,1,1,0,0,0,1,0,1,0
10704,1,1,1,0,1,0,0,0,0,0,1,0,1,0,1,0,1,0
10705,1,1,1,0,1,0,0,0,0,1,1,0,1,0,0,0,1,0
10706,1,1,1,0,1,0,0,0,0,1,0,0,1,0,1,0,0,1
10707,1,1,1,0,1,0,0,0,0,1,0,0,0,0,1,0,1,1
10708,1,1,1,0,1,0,0,0,0,0,0,0,1,0,1,0,1,1
10709,1,1,1,0,1,0,0,0,0,1,0,0,1,0,0,0,1,1
10710,1,1,1,0,1,0,0,0,0,1,0,0,1,0,1,0,1,0
10711,1,1,0,1,1,0,1,0,0,0,1,1,0,1,0,0,0,0
10712,1,1,0,1,1,0,1,0,0,0,0,1,0,1,0,0,0,1
10713,1,1,0,1,1,0,1,0,0,0,0,1,0,1,1,0,0,0
10714,1,1,0,1,1,0,1,0,0,1,0,1,0,1,0,0,0,0
10715,1,1,0,1,1,0,1,0,0,0,0,1,1,1,0,0,0,0
10716,1,1,0,1,1,0,1,0,0,0,0,1,0,1,0,0,1,0
10717,1,1,0,1,1,0,1,0,0,0,1,1,0,0,0,0,0,1
10718,1,1,0,1,1,0,1,0,0,0,1,1,0,0,1,0,0,0
10719,1,1,0,1,1,0,1,0,0,1,1,1,0,0,0,0,0,0
10720,1,1,0,1,1,0,1,0,0,0,1,1,1,0,0,0,0,0
10721,1,1,0,1,1,0,1,0,0,0,1,1,0,0,0,0,1,0
10722,1,1,0,1,1,0,1,0,0,0,0,1,0,0,1,0,0,1
10723,1,1,0,1,1,0,1,0,0,1,0,1,0,0,0,0,0,1
10724,1,1,0,1,1,0,1,0,0,0,0,1,1,0,0,0,0,1
10725,1,1,0,1,1,0,1,0,0,0,0,1,0,0,0,0,1,1
10726,1,1,0,1,1,0,1,0,0,1,0,1,0,0,1,0,0,0
10727,1,1,0,1,1,0,1,0,0,0,0,1,1,0,1,0,0,0
10728,1,1,0,1,1,0,1,0,0,0,0,1,0,0,1,0,1,0
10729,1,1,0,1,1,0,1,0,0,1,0,1,1,0,0,0,0,0
10730,1,1,0,1,1,0,1,0,0,1,0,1,0,0,0,0,1,0
10731,1,1,0,1,1,0,1,0,0,0,0,1,1,0,0,0,1,0
10732,1,1,0,1,1,0,1,0,0,0,1,0,0,1,0,0,0,1
10733,1,1,0,1,1,0,1,0,0,0,1,0,0,1,1,0,0,0
10734,1,1,0,1,1,0,1,0,0,1,1,0,0,1,0,0,0,0
10735,1,1,0,1,1,0,1,0,0,0,1,0,1,1,0,0,0,0
10736,1,1,0,1,1,0,1,0,0,0,1,0,0,1,0,0,1,0
10737,1,1,0,1,1,0,1,0,0,0,0,0,0,1,1,0,0,1
10738,1,1,0,1,1,0,1,0,0,1,0,0,0,1,0,0,0,1
10739,1,1,0,1,1,0,1,0,0,0,0,0,1,1,0,0,0,1
10740,1,1,0,1,1,0,1,0,0,0,0,0,0,1,0,0,1,1
10741,1,1,0,1,1,0,1,0,0,1,0,0,0,1,1,0,0,0
10742,1,1,0,1,1,0,1,0,0,0,0,0,1,1,1,0,0,0
10743,1,1,0,1,1,0,1,0,0,0,0,0,0,1,1,0,1,0
10744,1,1,0,1,1,0,1,0,0,1,0,0,1,1,0,0,0,0
10745,1,1,0,1,1,0,1,0,0,1,0,0,0,1,0,0,1,0
10746,1,1,0,1,1,0,1,0,0,0,0,0,1,1,0,0,1,0
10747,1,1,0,1,1,0,1,0,0,0,1,0,0,0,1,0,0,1
10748,1,1,0,1,1,0,1,0,0,1,1,0,0,0,0,0,0,1
10749,1,1,0,1,1,0,1,0,0,0,1,0,1,0,0,0,0,1
10750,1,1,0,1,1,0,1,0,0,0,1,0,0,0,0,0,1,1
10751,1,1,0,1,1,0,1,0,0,1,1,0,0,0,1,0,0,0
10752,1,1,0,1,1,0,1,0,0,0,1,0,1,0,1,0,0,0
10753,1,1,0,1,1,0,1,0,0,0,1,0,0,0,1,0,1,0
10754,1,1,0,1,1,0,1,0,0,1,1,0,1,0,0,0,0,0
10755,1,1,0,1,1,0,1,0,0,1,1,0,0,0,0,0,1,0
10756,1,1,0,1,1,0,1,0,0,0,1,0,1,0,0,0,1,0
10757,1,1,0,1,1,0,1,0,0,1,0,0,0,0,1,0,0,1
10758,1,1,0,1,1,0,1,0,0,0,0,0,1,0,1,0,0,1
10759,1,1,0,1,1,0,1,0,0,0,0,0,0,0,1,0,1,1
10760,1,1,0,1,1,0,1,0,0,1,0,0,1,0,0,0,0,1
10761,1,1,0,1,1,0,1,0,0,1,0,0,0,0,0,0,1,1
10762,1,1,0,1,1,0,1,0,0,0,0,0,1,0,0,0,1,1
10763,1,1,0,1,1,0,1,0,0,1,0,0,1,0,1,0,0,0
10764,1,1,0,1,1,0,1,0,0,1,0,0,0,0,1,0,1,0
10765,1,1,0,1,1,0,1,0,0,0,0,0,1,0,1,0,1,0
10766,1,1,0,1,1,0,1,0,0,1,0,0,1,0,0,0,1,0
10767,1,1,0,1,1,0,0,0,0,0,1,1,0,1,0,0,0,1
10768,1,1,0,1,1,0,0,0,0,0,1,1,0,1,1,0,0,0
10769,1,1,0,1,1,0,0,0,0,1,1,1,0,1,0,0,0,0
10770,1,1,0,1,1,0,0,0,0,0,1,1,1,1,0,0,0,0
10771,1,1,0,1,1,0,0,0,0,0,1,1,0,1,0,0,1,0
10772,1,1,0,1,1,0,0,0,0,0,0,1,0,1,1,0,0,1
10773,1,1,0,1,1,0,0,0,0,1,0,1,0,1,0,0,0,1
10774,1,1,0,1,1,0,0,0,0,0,0,1,1,1,0,0,0,1
10775,1,1,0,1,1,0,0,0,0,0,0,1,0,1,0,0,1,1
10776,1,1,0,1,1,0,0,0,0,1,0,1,0,1,1,0,0,0
10777,1,1,0,1,1,0,0,0,0,0,0,1,1,1,1,0,0,0
10778,1,1,0,1,1,0,0,0,0,0,0,1,0,1,1,0,1,0
10779,1,1,0,1,1,0,0,0,0,1,0,1,1,1,0,0,0,0
10780,1,1,0,1,1,0,0,0,0,1,0,1,0,1,0,0,1,0
10781,1,1,0,1,1,0,0,0,0,0,0,1,1,1,0,0,1,0
10782,1,1,0,1,1,0,0,0,0,0,1,1,0,0,1,0,0,1
10783,1,1,0,1,1,0,0,0,0,1,1,1,0,0,0,0,0,1
10784,1,1,0,1,1,0,0,0,0,0,1,1,1,0,0,0,0,1
10785,1,1,0,1,1,0,0,0,0,0,1,1,0,0,0,0,1,1
10786,1,1,0,1,1,0,0,0,0,1,1,1,0,0,1,0,0,0
10787,1,1,0,1,1,0,0,0,0,0,1,1,1,0,1,0,0,0
10788,1,1,0,1,1,0,0,0,0,0,1,1,0,0,1,0,1,0
10789,1,1,0,1,1,0,0,0,0,1,1,1,1,0,0,0,0,0
10790,1,1,0,1,1,0,0,0,0,1,1,1,0,0,0,0,1,0
10791,1,1,0,1,1,0,0,0,0,0,1,1,1,0,0,0,1,0
10792,1,1,0,1,1,0,0,0,0,1,0,1,0,0,1,0,0,1
10793,1,1,0,1,1,0,0,0,0,0,0,1,1,0,1,0,0,1
10794,1,1,0,1,1,0,0,0,0,0,0,1,0,0,1,0,1,1
10795,1,1,0,1,1,0,0,0,0,1,0,1,1,0,0,0,0,1
10796,1,1,0,1,1,0,0,0,0,1,0,1,0,0,0,0,1,1
10797,1,1,0,1,1,0,0,0,0,0,0,1,1,0,0,0,1,1
10798,1,1,0,1,1,0,0,0,0,1,0,1,1,0,1,0,0,0
10799,1,1,0,1,1,0,0,0,0,1,0,1,0,0,1,0,1,0
10800,1,1,0,1,1,0,0,0,0,0,0,1,1,0,1,0,1,0
10801,1,1,0,1,1,0,0,0,0,1,0,1,1,0,0,0,1,0
10802,1,1,0,1,1,0,0,0,0,0,1,0,0,1,1,0,0,1
10803,1,1,0,1,1,0,0,0,0,1,1,0,0,1,0,0,0,1
10804,1,1,0,1,1,0,0,0,0,0,1,0,1,1,0,0,0,1
10805,1,1,0,1,1,0,0,0,0,0,1,0,0,1,0,0,1,1
10806,1,1,0,1,1,0,0,0,0,1,1,0,0,1,1,0,0,0
10807,1,1,0,1,1,0,0,0,0,0,1,0,1,1,1,0,0,0
10808,1,1,0,1,1,0,0,0,0,0,1,0,0,1,1,0,1,0
10809,1,1,0,1,1,0,0,0,0,1,1,0,1,1,0,0,0,0
10810,1,1,0,1,1,0,0,0,0,1,1,0,0,1,0,0,1,0
10811,1,1,0,1,1,0,0,0,0,0,1,0,1,1,0,0,1,0
10812,1,1,0,1,1,0,0,0,0,1,0,0,0,1,1,0,0,1
10813,1,1,0,1,1,0,0,0,0,0,0,0,1,1,1,0,0,1
10814,1,1,0,1,1,0,0,0,0,0,0,0,0,1,1,0,1,1
10815,1,1,0,1,1,0,0,0,0,1,0,0,1,1,0,0,0,1
10816,1,1,0,1,1,0,0,0,0,1,0,0,0,1,0,0,1,1
10817,1,1,0,1,1,0,0,0,0,0,0,0,1,1,0,0,1,1
10818,1,1,0,1,1,0,0,0,0,1,0,0,1,1,1,0,0,0
10819,1,1,0,1,1,0,0,0,0,1,0,0,0,1,1,0,1,0
10820,1,1,0,1,1,0,0,0,0,0,0,0,1,1,1,0,1,0
10821,1,1,0,1,1,0,0,0,0,1,0,0,1,1,0,0,1,0
10822,1,1,0,1,1,0,0,0,0,1,1,0,0,0,1,0,0,1
10823,1,1,0,1,1,0,0,0,0,0,1,0,1,0,1,0,0,1
10824,1,1,0,1,1,0,0,0,0,0,1,0,0,0,1,0,1,1
10825,1,1,0,1,1,0,0,0,0,1,1,0,1,0,0,0,0,1
10826,1,1,0,1,1,0,0,0,0,1,1,0,0,0,0,0,1,1
10827,1,1,0,1,1,0,0,0,0,0,1,0,1,0,0,0,1,1
10828,1,1,0,1,1,0,0,0,0,1,1,0,1,0,1,0,0,0
10829,1,1,0,1,1,0,0,0,0,1,1,0,0,0,1,0,1,0
10830,1,1,0,1,1,0,0,0,0,0,1,0,1,0,1,0,1,0
10831,1,1,0,1,1,0,0,0,0,1,1,0,1,0,0,0,1,0
10832,1,1,0,1,1,0,0,0,0,1,0,0,1,0,1,0,0,1
10833,1,1,0,1,1,0,0,0,0,1,0,0,0,0,1,0,1,1
10834,1,1,0,1,1,0,0,0,0,0,0,0,1,0,1,0,1,1
10835,1,1,0,1,1,0,0,0,0,1,0,0,1,0,0,0,1,1
10836,1,1,0,1,1,0,0,0,0,1,0,0,1,0,1,0,1,0
10837,0,1,1,1,1,0,1,0,0,0,1,1,0,1,0,0,0,0
10838,0,1,1,1,1,0,1,0,0,0,0,1,0,1,0,0,0,1
10839,0,1,1,1,1,0,1,0,0,0,0,1,0,1,1,0,0,0
10840,0,1,1,1,1,0,1,0,0,1,0,1,0,1,0,0,0,0
10841,0,1,1,1,1,0,1,0,0,0,0,1,1,1,0,0,0,0
10842,0,1,1,1,1,0,1,0,0,0,0,1,0,1,0,0,1,0
10843,0,1,1,1,1,0,1,0,0,0,1,1,0,0,0,0,0,1
10844,0,1,1,1,1,0,1,0,0,0,1,1,0,0,1,0,0,0
10845,0,1,1,1,1,0,1,0,0,1,1,1,0,0,0,0,0,0
10846,0,1,1,1,1,0,1,0,0,0,1,1,1,0,0,0,0,0
10847,0,1,1,1,1,0,1,0,0,0,1,1,0,0,0,0,1,0
10848,0,1,1,1,1,0,1,0,0,0,0,1,0,0,1,0,0,1
10849,0,1,1,1,1,0,1,0,0,1,0,1,0,0,0,0,0,1
10850,0,1,1,1,1,0,1,0,0,0,0,1,1,0,0,0,0,1
10851,0,1,1,1,1,0,1,0,0,0,0,1,0,0,0,0,1,1
10852,0,1,1,1,1,0,1,0,0,1,0,1,0,0,1,0,0,0
10853,0,1,1,1,1,0,1,0,0,0,0,1,1,0,1,0,0,0
10854,0,1,1,1,1,0,1,0,0,0,0,1,0,0,1,0,1,0
10855,0,1,1,1,1,0,1,0,0,1,0,1,1,0,0,0,0,0
10856,0,1,1,1,1,0,1,0,0,1,0,1,0,0,0,0,1,0
10857,0,1,1,1,1,0,1,0,0,0,0,1,1,0,0,0,1,0
10858,0,1,1,1,1,0,1,0,0,0,1,0,0,1,0,0,0,1
10859,0,1,1,1,1,0,1,0,0,0,1,0,0,1,1,0,0,0
10860,0,1,1,1,1,0,1,0,0,1,1,0,0,1,0,0,0,0
10861,0,1,1,1,1,0,1,0,0,0,1,0,1,1,0,0,0,0
10862,0,1,1,1,1,0,1,0,0,0,1,0,0,1,0,0,1,0
10863,0,1,1,1,1,0,1,0,0,0,0,0,0,1,1,0,0,1
10864,0,1,1,1,1,0,1,0,0,1,0,0,0,1,0,0,0,1
10865,0,1,1,1,1,0,1,0,0,0,0,0,1,1,0,0,0,1
10866,0,1,1,1,1,0,1,0,0,0,0,0,0,1,0,0,1,1
10867,0,1,1,1,1,0,1,0,0,1,0,0,0,1,1,0,0,0
10868,0,1,1,1,1,0,1,0,0,0,0,0,1,1,1,0,0,0
10869,0,1,1,1,1,0,1,0,0,0,0,0,0,1,1,0,1,0
10870,0,1,1,1,1,0,1,0,0,1,0,0,1,1,0,0,0,0
10871,0,1,1,1,1,0,1,0,0,1,0,0,0,1,0,0,1,0
10872,0,1,1,1,1,0,1,0,0,0,0,0,1,1,0,0,1,0
10873,0,1,1,1,1,0,1,0,0,0,1,0,0,0,1,0,0,1
10874,0,1,1,1,1,0,1,0,0,1,1,0,0,0,0,0,0,1
10875,0,1,1,1,1,0,1,0,0,0,1,0,1,0,0,0,0,1
10876,0,1,1,1,1,0,1,0,0,0,1,0,0,0,0,0,1,1
10877,0,1,1,1,1,0,1,0,0,1,1,0,0,0,1,0,0,0
10878,0,1,1,1,1,0,1,0,0,0,1,0,1,0,1,0,0,0
10879,0,1,1,1,1,0,1,0,0,0,1,0,0,0,1,0,1,0
10880,0,1,1,1,1,0,1,0,0,1,1,0,1,0,0,0,0,0
10881,0,1,1,1,1,0,1,0,0,1,1,0,0,0,0,0,1,0
10882,0,1,1,1,1,0,1,0,0,0,1,0,1,0,0,0,1,0
10883,0,1,1,1,1,0,1,0,0,1,0,0,0,0,1,0,0,1
10884,0,1,1,1,1,0,1,0,0,0,0,0,1,0,1,0,0,1
10885,0,1,1,1,1,0,1,0,0,0,0,0,0,0,1,0,1,1
10886,0,1,1,1,1,0,1,0,0,1,0,0,1,0,0,0,0,1
10887,0,1,1,1,1,0,1,0,0,1,0,0,0,0,0,0,1,1
10888,0,1,1,1,1,0,1,0,0,0,0,0,1,0,0,0,1,1
10889,0,1,1,1,1,0,1,0,0,1,0,0,1,0,1,0,0,0
10890,0,1,1,1,1,0,1,0,0,1,0,0,0,0,1,0,1,0
10891,0,1,1,1,1,0,1,0,0,0,0,0,1,0,1,0,1,0
10892,0,1,1,1,1,0,1,0,0,1,0,0,1,0,0,0,1,0
10893,0,1,1,1,1,0,0,0,0,0,1,1,0,1,0,0,0,1
10894,0,1,1,1,1,0,0,0,0,0,1,1,0,1,1,0,0,0
10895,0,1,1,1,1,0,0,0,0,1,1,1,0,1,0,0,0,0
10896,0,1,1,1,1,0,0,0,0,0,1,1,1,1,0,0,0,0
10897,0,1,1,1,1,0,0,0,0,0,1,1,0,1,0,0,1,0
10898,0,1,1,1,1,0,0,0,0,0,0,1,0,1,1,0,0,1
10899,0,1,1,1,1,0,0,0,0,1,0,1,0,1,0,0,0,1
10900,0,1,1,1,1,0,0,0,0,0,0,1,1,1,0,0,0,1
10901,0,1,1,1,1,0,0,0,0,0,0,1,0,1,0,0,1,1
10902,0,1,1,1,1,0,0,0,0,1,0,1,0,1,1,0,0,0
10903,0,1,1,1,1,0,0,0,0,0,0,1,1,1,1,0,0,0
10904,0,1,1,1,1,0,0,0,0,0,0,1,0,1,1,0,1,0
10905,0,1,1,1,1,0,0,0,0,1,0,1,1,1,0,0,0,0
10906,0,1,1,1,1,0,0,0,0,1,0,1,0,1,0,0,1,0
10907,0,1,1,1,1,0,0,0,0,0,0,1,1,1,0,0,1,0
10908,0,1,1,1,1,0,0,0,0,0,1,1,0,0,1,0,0,1
10909,0,1,1,1,1,0,0,0,0,1,1,1,0,0,0,0,0,1
10910,0,1,1,1,1,0,0,0,0,0,1,1,1,0,0,0,0,1
10911,0,1,1,1,1,0,0,0,0,0,1,1,0,0,0,0,1,1
10912,0,1,1,1,1,0,0,0,0,1,1,1,0,0,1,0,0,0
10913,0,1,1,1,1,0,0,0,0,0,1,1,1,0,1,0,0,0
10914,0,1,1,1,1,0,0,0,0,0,1,1,0,0,1,0,1,0
10915,0,1,1,1,1,0,0,0,0,1,1,1,1,0,0,0,0,0
10916,0,1,1,1,1,0,0,0,0,1,1,1,0,0,0,0,1,0
10917,0,1,1,1,1,0,0,0,0,0,1,1,1,0,0,0,1,0
10918,0,1,1,1,1,0,0,0,0,1,0,1,0,0,1,0,0,1
10919,0,1,1,1,1,0,0,0,0,0,0,1,1,0,1,0,0,1
10920,0,1,1,1,1,0,0,0,0,0,0,1,0,0,1,0,1,1
10921,0,1,1,1,1,0,0,0,0,1,0,1,1,0,0,0,0,1
10922,0,1,1,1,1,0,0,0,0,1,0,1,0,0,0,0,1,1
10923,0,1,1,1,1,0,0,0,0,0,0,1,1,0,0,0,1,1
10924,0,1,1,1,1,0,0,0,0,1,0,1,1,0,1,0,0,0
10925,0,1,1,1,1,0,0,0,0,1,0,1,0,0,1,0,1,0
10926,0,1,1,1,1,0,0,0,0,0,0,1,1,0,1,0,1,0
10927,0,1,1,1,1,0,0,0,0,1,0,1,1,0,0,0,1,0
10928,0,1,1,1,1,0,0,0,0,0,1,0,0,1,1,0,0,1
10929,0,1,1,1,1,0,0,0,0,1,1,0,0,1,0,0,0,1
10930,0,1,1,1,1,0,0,0,0,0,1,0,1,1,0,0,0,1
10931,0,1,1,1,1,0,0,0,0,0,1,0,0,1,0,0,1,1
10932,0,1,1,1,1,0,0,0,0,1,1,0,0,1,1,0,0,0
10933,0,1,1,1,1,0,0,0,0,0,1,0,1,1,1,0,0,0
10934,0,1,1,1,1,0,0,0,0,0,1,0,0,1,1,0,1,0
10935,0,1,1,1,1,0,0,0,0,1,1,0,1,1,0,0,0,0
10936,0,1,1,1,1,0,0,0,0,1,1,0,0,1,0,0,1,0
10937,0,1,1,1,1,0,0,0,0,0,1,0,1,1,0,0,1,0
10938,0,1,1,1,1,0,0,0,0,1,0,0,0,1,1,0,0,1
10939,0,1,1,1,1,0,0,0,0,0,0,0,1,1,1,0,0,1
10940,0,1,1,1,1,0,0,0,0,0,0,0,0,1,1,0,1,1
10941,0,1,1,1,1,0,0,0,0,1,0,0,1,1,0,0,0,1
10942,0,1,1,1,1,0,0,0,0,1,0,0,0,1,0,0,1,1
10943,0,1,1,1,1,0,0,0,0,0,0,0,1,1,0,0,1,1
10944,0,1,1,1,1,0,0,0,0,1,0,0,1,1,1,0,0,0
10945,0,1,1,1,1,0,0,0,0,1,0,0,0,1,1,0,1,0
10946,0,1,1,1,1,0,0,0,0,0,0,0,1,1,1,0,1,0
10947,0,1,1,1,1,0,0,0,0,1,0,0,1,1,0,0,1,0
10948,0,1,1,1,1,0,0,0,0,1,1,0,0,0,1,0,0,1
10949,0,1,1,1,1,0,0,0,0,0,1,0,1,0,1,0,0,1
10950,0,1,1,1,1,0,0,0,0,0,1,0,0,0,1,0,1,1
10951,0,1,1,1,1,0,0,0,0,1,1,0,1,0,0,0,0,1
10952,0,1,1,1,1,0,0,0,0,1,1,0,0,0,0,0,1,1
10953,0,1,1,1,1,0,0,0,0,0,1,0,1,0,0,0,1,1
10954,0,1,1,1,1,0,0,0,0,1,1,0,1,0,1,0,0,0
10955,0,1,1,1,1,0,0,0,0,1,1,0,0,0,1,0,1,0
10956,0,1,1,1,1,0,0,0,0,0,1,0,1,0,1,0,1,0
10957,0,1,1,1,1,0,0,0,0,1,1,0,1,0,0,0,1,0
10958,0,1,1,1,1,0,0,0,0,1,0,0,1,0,1,0,0,1
10959,0,1,1,1,1,0,0,0,0,1,0,0,0,0,1,0,1,1
10960,0,1,1,1,1,0,0,0,0,0,0,0,1,0,1,0,1,1
10961,0,1,1,1,1,0,0,0,0,1,0,0,1,0,0,0,1,1
10962,0,1,1,1,1,0,0,0,0,1,0,0,1,0,1,0,1,0
10963,1,0,1,0,1,1,1,0,0,0,1,1,0,1,0,0,0,0
10964,1,0,1,0,1,1,1,0,0,0,0,1,0,1,0,0,0,1
10965,1,0,1,0,1,1,1,0,0,0,0,1,0,1,1,0,0,0
10966,1,0,1,0,1,1,1,0,0,1,0,1,0,1,0,0,0,0
10967,1,0,1,0,1,1,1,0,0,0,0,1,1,1,0,0,0,0
10968,1,0,1,0,1,1,1,0,0,0,0,1,0,1,0,0,1,0
10969,1,0,1,0,1,1,1,0,0,0,1,1,0,0,0,0,0,1
10970,1,0,1,0,1,1,1,0,0,0,1,1,0,0,1,0,0,0
10971,1,0,1,0,1,1,1,0,0,1,1,1,0,0,0,0,0,0
10972,1,0,1,0,1,1,1,0,0,0,1,1,1,0,0,0,0,0
10973,1,0,1,0,1,1,1,0,0,0,1,1,0,0,0,0,1,0
10974,1,0,1,0,1,1,1,0,0,0,0,1,0,0,1,0,0,1
10975,1,0,1,0,1,1,1,0,0,1,0,1,0,0,0,0,0,1
10976,1,0,1,0,1,1,1,0,0,0,0,1,1,0,0,0,0,1
10977,1,0,1,0,1,1,1,0,0,0,0,1,0,0,0,0,1,1
10978,1,0,1,0,1,1,1,0,0,1,0,1,0,0,1,0,0,0
10979,1,0,1,0,1,1,1,0,0,0,0,1,1,0,1,0,0,0
10980,1,0,1,0,1,1,1,0,0,0,0,1,0,0,1,0,1,0
10981,1,0,1,0,1,1,1,0,0,1,0,1,1,0,0,0,0,0
10982,1,0,1,0,1,1,1,0,0,1,0,1,0,0,0,0,1,0
10983,1,0,1,0,1,1,1,0,0,0,0,1,1,0,0,0,1,0
10984,1,0,1,0,1,1,1,0,0,0,1,0,0,1,0,0,0,1
10985,1,0,1,0,1,1,1,0,0,0,1,0,0,1,1,0,0,0
10986,1,0,1,0,1,1,1,0,0,1,1,0,0,1,0,0,0,0
10987,1,0,1,0,1,1,1,0,0,0,1,0,1,1,0,0,0,0
10988,1,0,1,0,1,1,1,0,0,0,1,0,0,1,0,0,1,0
10989,1,0,1,0,1,1,1,0,0,0,0,0,0,1,1,0,0,1
10990,1,0,1,0,1,1,1,0,0,1,0,0,0,1,0,0,0,1
10991,1,0,1,0,1,1,1,0,0,0,0,0,1,1,0,0,0,1
10992,1,0,1,0,1,1,1,0,0,0,0,0,0,1,0,0,1,1
10993,1,0,1,0,1,1,1,0,0,1,0,0,0,1,1,0,0,0
10994,1,0,1,0,1,1,1,0,0,0,0,0,1,1,1,0,0,0
10995,1,0,1,0,1,1,1,0,0,0,0,0,0,1,1,0,1,0
10996,1,0,1,0,1,1,1,0,0,1,0,0,1,1,0,0,0,0
10997,1,0,1,0,1,1,1,0,0,1,0,0,0,1,0,0,1,0
10998,1,0,1,0,1,1,1,0,0,0,0,0,1,1,0,0,1,0
10999,1,0,1,0,1,1,1,0,0,0,1,0,0,0,1,0,0,1
11000,1,0,1,0,1,1,1,0,0,1,1,0,0,0,0,0,0,1
11001,1,0,1,0,1,1,1,0,0,0,1,0,1,0,0,0,0,1
11002,1,0,1,0,1,1,1,0,0,0,1,0,0,0,0,0,1,1
11003,1,0,1,0,1,1,1,0,0,1,1,0,0,0,1,0,0,0
11004,1,0,1,0,1,1,1,0,0,0,1,0,1,0,1,0,0,0
11005,1,0,1,0,1,1,1,0,0,0,1,0,0,0,1,0,1,0
11006,1,0,1,0,1,1,1,0,0,1,1,0,1,0,0,0,0,0
11007,1,0,1,0,1,1,1,0,0,1,1,0,0,0,0,0,1,0
11008,1,0,1,0,1,1,1,0,0,0,1,0,1,0,0,0,1,0
11009,1,0,1,0,1,1,1,0,0,1,0,0,0,0,1,0,0,1
11010,1,0,1,0,1,1,1,0,0,0,0,0,1,0,1,0,0,1
11011,1,0,1,0,1,1,1,0,0,0,0,0,0,0,1,0,1,1
11012,1,0,1,0,1,1,1,0,0,1,0,0,1,0,0,0,0,1
11013,1,0,1,0,1,1,1,0,0,1,0,0,0,0,0,0,1,1
11014,1,0,1,0,1,1,1,0,0,0,0,0,1,0,0,0,1,1
11015,1,0,1,0,1,1,1,0,0,1,0,0,1,0,1,0,0,0
11016,1,0,1,0,1,1,1,0,0,1,0,0,0,0,1,0,1,0
11017,1,0,1,0,1,1,1,0,0,0,0,0,1,0,1,0,1,0
11018,1,0,1,0,1,1,1,0,0,1,0,0,1,0,0,0,1,0
11019,1,0,1,0,1,1,0,0,0,0,1,1,0,1,0,0,0,1
11020,1,0,1,0,1,1,0,0,0,0,1,1,0,1,1,0,0,0
11021,1,0,1,0,1,1,0,0,0,1,1,1,0,1,0,0,0,0
11022,1,0,1,0,1,1,0,0,0,0,1,1,1,1,0,0,0,0
11023,1,0,1,0,1,1,0,0,0,0,1,1,0,1,0,0,1,0
11024,1,0,1,0,1,1,0,0,0,0,0,1,0,1,1,0,0,1
11025,1,0,1,0,1,1,0,0,0,1,0,1,0,1,0,0,0,1
11026,1,0,1,0,1,1,0,0,0,0,0,1,1,1,0,0,0,1
11027,1,0,1,0,1,1,0,0,0,0,0,1,0,1,0,0,1,1
11028,1,0,1,0,1,1,0,0,0,1,0,1,0,1,1,0,0,0
11029,1,0,1,0,1,1,0,0,0,0,0,1,1,1,1,0,0,0
11030,1,0,1,0,1,1,0,0,0,0,0,1,0,1,1,0,1,0
11031,1,0,1,0,1,1,0,0,0,1,0,1,1,1,0,0,0,0
11032,1,0,1,0,1,1,0,0,0,1,0,1,0,1,0,0,1,0
11033,1,0,1,0,1,1,0,0,0,0,0,1,1,1,0,0,1,0
11034,1,0,1,0,1,1,0,0,0,0,1,1,0,0,1,0,0,1
11035,1,0,1,0,1,1,0,0,0,1,1,1,0,0,0,0,0,1
11036,1,0,1,0,1,1,0,0,0,0,1,1,1,0,0,0,0,1
11037,1,0,1,0,1,1,0,0,0,0,1,1,0,0,0,0,1,1
11038,1,0,1,0,1,1,0,0,0,1,1,1,0,0,1,0,0,0
11039,1,0,1,0,1,1,0,0,0,0,1,1,1,0,1,0,0,0
11040,1,0,1,0,1,1,0,0,0,0,1,1,0,0,1,0,1,0
11041,1,0,1,0,1,1,0,0,0,1,1,1,1,0,0,0,0,0
11042,1,0,1,0,1,1,0,0,0,1,1,1,0,0,0,0,1,0
11043,1,0,1,0,1,1,0,0,0,0,1,1,1,0,0,0,1,0
11044,1,0,1,0,1,1,0,0,0,1,0,1,0,0,1,0,0,1
11045,1,0,1,0,1,1,0,0,0,0,0,1,1,0,1,0,0,1
11046,1,0,1,0,1,1,0,0,0,0,0,1,0,0,1,0,1,1
11047,1,0,1,0,1,1,0,0,0,1,0,1,1,0,0,0,0,1
11048,1,0,1,0,1,1,0,0,0,1,0,1,0,0,0,0,1,1
11049,1,0,1,0,1,1,0,0,0,0,0,1,1,0,0,0,1,1
11050,1,0,1,0,1,1,0,0,0,1,0,1,1,0,1,0,0,0
11051,1,0,1,0,1,1,0,0,0,1,0,1,0,0,1,0,1,0
11052,1,0,1,0,1,1,0,0,0,0,0,1,1,0,1,0,1,0
11053,1,0,1,0,1,1,0,0,0,1,0,1,1,0,0,0,1,0
11054,1,0,1,0,1,1,0,0,0,0,1,0,0,1,1,0,0,1
11055,1,0,1,0,1,1,0,0,0,1,1,0,0,1,0,0,0,1
11056,1,0,1,0,1,1,0,0,0,0,1,0,1,1,0,0,0,1
11057,1,0,1,0,1,1,0,0,0,0,1,0,0,1,0,0,1,1
11058,1,0,1,0,1,1,0,0,0,1,1,0,0,1,1,0,0,0
11059,1,0,1,0,1,1,0,0,0,0,1,0,1,1,1,0,0,0
11060,1,0,1,0,1,1,0,0,0,0,1,0,0,1,1,0,1,0
11061,1,0,1,0,1,1,0,0,0,1,1,0,1,1,0,0,0,0
11062,1,0,1,0,1,1,0,0,0,1,1,0,0,1,0,0,1,0
11063,1,0,1,0,1,1,0,0,0,0,1,0,1,1,0,0,1,0
11064,1,0,1,0,1,1,0,0,0,1,0,0,0,1,1,0,0,1
11065,1,0,1,0,1,1,0,0,0,0,0,0,1,1,1,0,0,1
11066,1,0,1,0,1,1,0,0,0,0,0,0,0,1,1,0,1,1
11067,1,0,1,0,1,1,0,0,0,1,0,0,1,1,0,0,0,1
11068,1,0,1,0,1,1,0,0,0,1,0,0,0,1,0,0,1,1
11069,1,0,1,0,1,1,0,0,0,0,0,0,1,1,0,0,1,1
11070,1,0,1,0,1,1,0,0,0,1,0,0,1,1,1,0,0,0
11071,1,0,1,0,1,1,0,0,0,1,0,0,0,1,1,0,1,0
11072,1,0,1,0,1,1,0,0,0,0,0,0,1,1,1,0,1,0
11073,1,0,1,0,1,1,0,0,0,1,0,0,1,1,0,0,1,0
11074,1,0,1,0,1,1,0,0,0,1,1,0,0,0,1,0,0,1
11075,1,0,1,0,1,1,0,0,0,0,1,0,1,0,1,0,0,1
11076,1,0,1,0,1,1,0,0,0,0,1,0,0,0,1,0,1,1
11077,1,0,1,0,1,1,0,0,0,1,1,0,1,0,0,0,0,1
11078,1,0,1,0,1,1,0,0,0,1,1,0,0,0,0,0,1,1
11079,1,0,1,0,1,1,0,0,0,0,1,0,1,0,0,0,1,1
11080,1,0,1,0,1,1,0,0,0,1,1,0,1,0,1,0,0,0
11081,1,0,1,0,1,1,0,0,0,1,1,0,0,0,1,0,1,0
11082,1,0,1,0,1,1,0,0,0,0,1,0,1,0,1,0,1,0
11083,1,0,1,0,1,1,0,0,0,1,1,0,1,0,0,0,1,0
11084,1,0,1,0,1,1,0,0,0,1,0,0,1,0,1,0,0,1
11085,1,0,1,0,1,1,0,0,0,1,0,0,0,0,1,0,1,1
11086,1,0,1,0,1,1,0,0,0,0,0,0,1,0,1,0,1,1
11087,1,0,1,0,1,1,0,0,0,1,0,0,1,0,0,0,1,1
11088,1,0,1,0,1,1,0,0,0,1,0,0,1,0,1,0,1,0
11089,1,0,0,1,1,1,1,0,0,0,1,1,0,1,0,0,0,0
11090,1,0,0,1,1,1,1,0,0,0,0,1,0,1,0,0,0,1
11091,1,0,0,1,1,1,1,0,0,0,0,1,0,1,1,0,0,0
11092,1,0,0,1,1,1,1,0,0,1,0,1,0,1,0,0,0,0
11093,1,0,0,1,1,1,1,0,0,0,0,1,1,1,0,0,0,0
11094,1,0,0,1,1,1,1,0,0,0,0,1,0,1,0,0,1,0
11095,1,0,0,1,1,1,1,0,0,0,1,1,0,0,0,0,0,1
11096,1,0,0,1,1,1,1,0,0,0,1,1,0,0,1,0,0,0
11097,1,0,0,1,1,1,1,0,0,1,1,1,0,0,0,0,0,0
11098,1,0,0,1,1,1,1,0,0,0,1,1,1,0,0,0,0,0
11099,1,0,0,1,1,1,1,0,0,0,1,1,0,0,0,0,1,0
11100,1,0,0,1,1,1,1,0,0,0,0,1,0,0,1,0,0,1
11101,1,0,0,1,1,1,1,0,0,1,0,1,0,0,0,0,0,1
11102,1,0,0,1,1,1,1,0,0,0,0,1,1,0,0,0,0,1
11103,1,0,0,1,1,1,1,0,0,0,0,1,0,0,0,0,1,1
11104,1,0,0,1,1,1,1,0,0,1,0,1,0,0,1,0,0,0
11105,1,0,0,1,1,1,1,0,0,0,0,1,1,0,1,0,0,0
11106,1,0,0,1,1,1,1,0,0,0,0,1,0,0,1,0,1,0
11107,1,0,0,1,1,1,1,0,0,1,0,1,1,0,0,0,0,0
11108,1,0,0,1,1,1,1,0,0,1,0,1,0,0,0,0,1,0
11109,1,0,0,1,1,1,1,0,0,0,0,1,1,0,0,0,1,0
11110,1,0,0,1,1,1,1,0,0,0,1,0,0,1,0,0,0,1
11111,1,0,0,1,1,1,1,0,0,0,1,0,0,1,1,0,0,0
11112,1,0,0,1,1,1,1,0,0,1,1,0,0,1,0,0,0,0
11113,1,0,0,1,1,1,1,0,0,0,1,0,1,1,0,0,0,0
11114,1,0,0,1,1,1,1,0,0,0,1,0,0,1,0,0,1,0
11115,1,0,0,1,1,1,1,0,0,0,0,0,0,1,1,0,0,1
11116,1,0,0,1,1,1,1,0,0,1,0,0,0,1,0,0,0,1
11117,1,0,0,1,1,1,1,0,0,0,0,0,1,1,0,0,0,1
11118,1,0,0,1,1,1,1,0,0,0,0,0,0,1,0,0,1,1
11119,1,0,0,1,1,1,1,0,0,1,0,0,0,1,1,0,0,0
11120,1,0,0,1,1,1,1,0,0,0,0,0,1,1,1,0,0,0
11121,1,0,0,1,1,1,1,0,0,0,0,0,0,1,1,0,1,0
11122,1,0,0,1,1,1,1,0,0,1,0,0,1,1,0,0,0,0
11123,1,0,0,1,1,1,1,0,0,1,0,0,0,1,0,0,1,0
11124,1,0,0,1,1,1,1,0,0,0,0,0,1,1,0,0,1,0
11125,1,0,0,1,1,1,1,0,0,0,1,0,0,0,1,0,0,1
11126,1,0,0,1,1,1,1,0,0,1,1,0,0,0,0,0,0,1
11127,1,0,0,1,1,1,1,0,0,0,1,0,1,0,0,0,0,1
11128,1,0,0,1,1,1,1,0,0,0,1,0,0,0,0,0,1,1
11129,1,0,0,1,1,1,1,0,0,1,1,0,0,0,1,0,0,0
11130,1,0,0,1,1,1,1,0,0,0,1,0,1,0,1,0,0,0
11131,1,0,0,1,1,1,1,0,0,0,1,0,0,0,1,0,1,0
11132,1,0,0,1,1,1,1,0,0,1,1,0,1,0,0,0,0,0
11133,1,0,0,1,1,1,1,0,0,1,1,0,0,0,0,0,1,0
11134,1,0,0,1,1,1,1,0,0,0,1,0,1,0,0,0,1,0
11135,1,0,0,1,1,1,1,0,0,1,0,0,0,0,1,0,0,1
11136,1,0,0,1,1,1,1,0,0,0,0,0,1,0,1,0,0,1
11137,1,0,0,1,1,1,1,0,0,0,0,0,0,0,1,0,1,1
11138,1,0,0,1,1,1,1,0,0,1,0,0,1,0,0,0,0,1
11139,1,0,0,1,1,1,1,0,0,1,0,0,0,0,0,0,1,1
11140,1,0,0,1,1,1,1,0,0,0,0,0,1,0,0,0,1,1
11141,1,0,0,1,1,1,1,0,0,1,0,0,1,0,1,0,0,0
11142,1,0,0,1,1,1,1,0,0,1,0,0,0,0,1,0,1,0
11143,1,0,0,1,1,1,1,0,0,0,0,0,1,0,1,0,1,0
11144,1,0,0,1,1,1,1,0,0,1,0,0,1,0,0,0,1,0
11145,1,0,0,1,1,1,0,0,0,0,1,1,0,1,0,0,0,1
11146,1,0,0,1,1,1,0,0,0,0,1,1,0,1,1,0,0,0
11147,1,0,0,1,1,1,0,0,0,1,1,1,0,1,0,0,0,0
11148,1,0,0,1,1,1,0,0,0,0,1,1,1,1,0,0,0,0
11149,1,0,0,1,1,1,0,0,0,0,1,1,0,1,0,0,1,0
11150,1,0,0,1,1,1,0,0,0,0,0,1,0,1,1,0,0,1
11151,1,0,0,1,1,1,0,0,0,1,0,1,0,1,0,0,0,1
11152,1,0,0,1,1,1,0,0,0,0,0,1,1,1,0,0,0,1
11153,1,0,0,1,1,1,0,0,0,0,0,1,0,1,0,0,1,1
11154,1,0,0,1,1,1,0,0,0,1,0,1,0,1,1,0,0,0
11155,1,0,0,1,1,1,0,0,0,0,0,1,1,1,1,0,0,0
11156,1,0,0,1,1,1,0,0,0,0,0,1,0,1,1,0,1,0
11157,1,0,0,1,1,1,0,0,0,1,0,1,1,1,0,0,0,0
11158,1,0,0,1,1,1,0,0,0,1,0,1,0,1,0,0,1,0
11159,1,0,0,1,1,1,0,0,0,0,0,1,1,1,0,0,1,0
11160,1,0,0,1,1,1,0,0,0,0,1,1,0,0,1,0,0,1
11161,1,0,0,1,1,1,0,0,0,1,1,1,0,0,0,0,0,1
11162,1,0,0,1,1,1,0,0,0,0,1,1,1,0,0,0,0,1
11163,1,0,0,1,1,1,0,0,0,0,1,1,0,0,0,0,1,1
11164,1,0,0,1,1,1,0,0,0,1,1,1,0,0,1,0,0,0
11165,1,0,0,1,1,1,0,0,0,0,1,1,1,0,1,0,0,0
11166,1,0,0,1,1,1,0,0,0,0,1,1,0,0,1,0,1,0
11167,1,0,0,1,1,1,0,0,0,1,1,1,1,0,0,0,0,0
11168,1,0,0,1,1,1,0,0,0,1,1,1,0,0,0,0,1,0
11169,1,0,0,1,1,1,0,0,0,0,1,1,1,0,0,0,1,0
11170,1,0,0,1,1,1,0,0,0,1,0,1,0,0,1,0,0,1
11171,1,0,0,1,1,1,0,0,0,0,0,1,1,0,1,0,0,1
11172,1,0,0,1,1,1,0,0,0,0,0,1,0,0,1,0,1,1
11173,1,0,0,1,1,1,0,0,0,1,0,1,1,0,0,0,0,1
11174,1,0,0,1,1,1,0,0,0,1,0,1,0,0,0,0,1,1
11175,1,0,0,1,1,1,0,0,0,0,0,1,1,0,0,0,1,1
11176,1,0,0,1,1,1,0,0,0,1,0,1,1,0,1,0,0,0
11177,1,0,0,1,1,1,0,0,0,1,0,1,0,0,1,0,1,0
11178,1,0,0,1,1,1,0,0,0,0,0,1,1,0,1,0,1,0
11179,1,0,0,1,1,1,0,0,0,1,0,1,1,0,0,0,1,0
11180,1,0,0,1,1,1,0,0,0,0,1,0,0,1,1,0,0,1
11181,1,0,0,1,1,1,0,0,0,1,1,0,0,1,0,0,0,1
11182,1,0,0,1,1,1,0,0,0,0,1,0,1,1,0,0,0,1
11183,1,0,0,1,1,1,0,0,0,0,1,0,0,1,0,0,1,1
11184,1,0,0,1,1,1,0,0,0,1,1,0,0,1,1,0,0,0
11185,1,0,0,1,1,1,0,0,0,0,1,0,1,1,1,0,0,0
11186,1,0,0,1,1,1,0,0,0,0,1,0,0,1,1,0,1,0
11187,1,0,0,1,1,1,0,0,0,1,1,0,1,1,0,0,0,0
11188,1,0,0,1,1,1,0,0,0,1,1,0,0,1,0,0,1,0
11189,1,0,0,1,1,1,0,0,0,0,1,0,1,1,0,0,1,0
11190,1,0,0,1,1,1,0,0,0,1,0,0,0,1,1,0,0,1
11191,1,0,0,1,1,1,0,0,0,0,0,0,1,1,1,0,0,1
11192,1,0,0,1,1,1,0,0,0,0,0,0,0,1,1,0,1,1
11193,1,0,0,1,1,1,0,0,0,1,0,0,1,1,0,0,0,1
11194,1,0,0,1,1,1,0,0,0,1,0,0,0,1,0,0,1,1
11195,1,0,0,1,1,1,0,0,0,0,0,0,1,1,0,0,1,1
11196,1,0,0,1,1,1,0,0,0,1,0,0,1,1,1,0,0,0
11197,1,0,0,1,1,1,0,0,0,1,0,0,0,1,1,0,1,0
11198,1,0,0,1,1,1,0,0,0,0,0,0,1,1,1,0,1,0
11199,1,0,0,1,1,1,0,0,0,1,0,0,1,1,0,0,1,0
11200,1,0,0,1,1,1,0,0,0,1,1,0,0,0,1,0,0,1
11201,1,0,0,1,1,1,0,0,0,0,1,0,1,0,1,0,0,1
11202,1,0,0,1,1,1,0,0,0,0,1,0,0,0,1,0,1,1
11203,1,0,0,1,1,1,0,0,0,1,1,0,1,0,0,0,0,1
11204,1,0,0,1,1,1,0,0,0,1,1,0,0,0,0,0,1,1
11205,1,0,0,1,1,1,0,0,0,0,1,0,1,0,0,0,1,1
11206,1,0,0,1,1,1,0,0,0,1,1,0,1,0,1,0,0,0
11207,1,0,0,1,1,1,0,0,0,1,1,0,0,0,1,0,1,0
11208,1,0,0,1,1,1,0,0,0,0,1,0,1,0,1,0,1,0
11209,1,0,0,1,1,1,0,0,0,1,1,0,1,0,0,0,1,0
11210,1,0,0,1,1,1,0,0,0,1,0,0,1,0,1,0,0,1
11211,1,0,0,1,1,1,0,0,0,1,0,0,0,0,1,0,1,1
11212,1,0,0,1,1,1,0,0,0,0,0,0,1,0,1,0,1,1
11213,1,0,0,1,1,1,0,0,0,1,0,0,1,0,0,0,1,1
11214,1,0,0,1,1,1,0,0,0,1,0,0,1,0,1,0,1,0
11215,0,0,1,1,1,1,1,0,0,0,1,1,0,1,0,0,0,0
11216,0,0,1,1,1,1,1,0,0,0,0,1,0,1,0,0,0,1
11217,0,0,1,1,1,1,1,0,0,0,0,1,0,1,1,0,0,0
11218,0,0,1,1,1,1,1,0,0,1,0,1,0,1,0,0,0,0
11219,0,0,1,1,1,1,1,0,0,0,0,1,1,1,0,0,0,0
11220,0,0,1,1,1,1,1,0,0,0,0,1,0,1,0,0,1,0
11221,0,0,1,1,1,1,1,0,0,0,1,1,0,0,0,0,0,1
11222,0,0,1,1,1,1,1,0,0,0,1,1,0,0,1,0,0,0
11223,0,0,1,1,1,1,1,0,0,1,1,1,0,0,0,0,0,0
11224,0,0,1,1,1,1,1,0,0,0,1,1,1,0,0,0,0,0
11225,0,0,1,1,1,1,1,0,0,0,1,1,0,0,0,0,1,0
11226,0,0,1,1,1,1,1,0,0,0,0,1,0,0,1,0,0,1
11227,0,0,1,1,1,1,1,0,0,1,0,1,0,0,0,0,0,1
11228,0,0,1,1,1,1,1,0,0,0,0,1,1,0,0,0,0,1
11229,0,0,1,1,1,1,1,0,0,0,0,1,0,0,0,0,1,1
11230,0,0,1,1,1,1,1,0,0,1,0,1,0,0,1,0,0,0
11231,0,0,1,1,1,1,1,0,0,0,0,1,1,0,1,0,0,0
11232,0,0,1,1,1,1,1,0,0,0,0,1,0,0,1,0,1,0
11233,0,0,1,1,1,1,1,0,0,1,0,1,1,0,0,0,0,0
11234,0,0,1,1,1,1,1,0,0,1,0,1,0,0,0,0,1,0
11235,0,0,1,1,1,1,1,0,0,0,0,1,1,0,0,0,1,0
11236,0,0,1,1,1,1,1,0,0,0,1,0,0,1,0,0,0,1
11237,0,0,1,1,1,1,1,0,0,0,1,0,0,1,1,0,0,0
11238,0,0,1,1,1,1,1,0,0,1,1,0,0,1,0,0,0,0
11239,0,0,1,1,1,1,1,0,0,0,1,0,1,1,0,0,0,0
11240,0,0,1,1,1,1,1,0,0,0,1,0,0,1,0,0,1,0
11241,0,0,1,1,1,1,1,0,0,0,0,0,0,1,1,0,0,1
11242,0,0,1,1,1,1,1,0,0,1,0,0,0,1,0,0,0,1
11243,0,0,1,1,1,1,1,0,0,0,0,0,1,1,0,0,0,1
11244,0,0,1,1,1,1,1,0,0,0,0,0,0,1,0,0,1,1
11245,0,0,1,1,1,1,1,0,0,1,0,0,0,1,1,0,0,0
11246,0,0,1,1,1,1,1,0,0,0,0,0,1,1,1,0,0,0
11247,0,0,1,1,1,1,1,0,0,0,0,0,0,1,1,0,1,0
11248,0,0,1,1,1,1,1,0,0,1,0,0,1,1,0,0,0,0
11249,0,0,1,1,1,1,1,0,0,1,0,0,0,1,0,0,1,0
11250,0,0,1,1,1,1,1,0,0,0,0,0,1,1,0,0,1,0
11251,0,0,1,1,1,1,1,0,0,0,1,0,0,0,1,0,0,1
11252,0,0,1,1,1,1,1,0,0,1,1,0,0,0,0,0,0,1
11253,0,0,1,1,1,1,1,0,0,0,1,0,1,0,0,0,0,1
11254,0,0,1,1,1,1,1,0,0,0,1,0,0,0,0,0,1,1
11255,0,0,1,1,1,1,1,0,0,1,1,0,0,0,1,0,0,0
11256,0,0,1,1,1,1,1,0,0,0,1,0,1,0,1,0,0,0
11257,0,0,1,1,1,1,1,0,0,0,1,0,0,0,1,0,1,0
11258,0,0,1,1,1,1,1,0,0,1,1,0,1,0,0,0,0,0
11259,0,0,1,1,1,1,1,0,0,1,1,0,0,0,0,0,1,0
11260,0,0,1,1,1,1,1,0,0,0,1,0,1,0,0,0,1,0
11261,0,0,1,1,1,1,1,0,0,1,0,0,0,0,1,0,0,1
11262,0,0,1,1,1,1,1,0,0,0,0,0,1,0,1,0,0,1
11263,0,0,1,1,1,1,1,0,0,0,0,0,0,0,1,0,1,1
11264,0,0,1,1,1,1,1,0,0,1,0,0,1,0,0,0,0,1
11265,0,0,1,1,1,1,1,0,0,1,0,0,0,0,0,0,1,1
11266,0,0,1,1,1,1,1,0,0,0,0,0,1,0,0,0,1,1
11267,0,0,1,1,1,1,1,0,0,1,0,0,1,0,1,0,0,0
11268,0,0,1,1,1,1,1,0,0,1,0,0,0,0,1,0,1,0
11269,0,0,1,1,1,1,1,0,0,0,0,0,1,0,1,0,1,0
11270,0,0,1,1,1,1,1,0,0,1,0,0,1,0,0,0,1,0
11271,0,0,1,1,1,1,0,0,0,0,1,1,0,1,0,0,0,1
11272,0,0,1,1,1,1,0,0,0,0,1,1,0,1,1,0,0,0
11273,0,0,1,1,1,1,0,0,0,1,1,1,0,1,0,0,0,0
11274,0,0,1,1,1,1,0,0,0,0,1,1,1,1,0,0,0,0
11275,0,0,1,1,1,1,0,0,0,0,1,1,0,1,0,0,1,0
11276,0,0,1,1,1,1,0,0,0,0,0,1,0,1,1,0,0,1
11277,0,0,1,1,1,1,0,0,0,1,0,1,0,1,0,0,0,1
11278,0,0,1,1,1,1,0,0,0,0,0,1,1,1,0,0,0,1
11279,0,0,1,1,1,1,0,0,0,0,0,1,0,1,0,0,1,1
11280,0,0,1,1,1,1,0,0,0,1,0,1,0,1,1,0,0,0
11281,0,0,1,1,1,1,0,0,0,0,0,1,1,1,1,0,0,0
11282,0,0,1,1,1,1,0,0,0,0,0,1,0,1,1,0,1,0
11283,0,0,1,1,1,1,0,0,0,1,0,1,1,1,0,0,0,0
11284,0,0,1,1,1,1,0,0,0,1,0,1,0,1,0,0,1,0
11285,0,0,1,1,1,1,0,0,0,0,0,1,1,1,0,0,1,0
11286,0,0,1,1,1,1,0,0,0,0,1,1,0,0,1,0,0,1
11287,0,0,1,1,1,1,0,0,0,1,1,1,0,0,0,0,0,1
11288,0,0,1,1,1,1,0,0,0,0,1,1,1,0,0,0,0,1
11289,0,0,1,1,1,1,0,0,0,0,1,1,0,0,0,0,1,1
11290,0,0,1,1,1,1,0,0,0,1,1,1,0,0,1,0,0,0
11291,0,0,1,1,1,1,0,0,0,0,1,1,1,0,1,0,0,0
11292,0,0,1,1,1,1,0,0,0,0,1,1,0,0,1,0,1,0
11293,0,0,1,1,1,1,0,0,0,1,1,1,1,0,0,0,0,0
11294,0,0,1,1,1,1,0,0,0,1,1,1,0,0,0,0,1,0
11295,0,0,1,1,1,1,0,0,0,0,1,1,1,0,0,0,1,0
11296,0,0,1,1,1,1,0,0,0,1,0,1,0,0,1,0,0,1
11297,0,0,1,1,1,1,0,0,0,0,0,1,1,0,1,0,0,1
11298,0,0,1,1,1,1,0,0,0,0,0,1,0,0,1,0,1,1
11299,0,0,1,1,1,1,0,0,0,1,0,1,1,0,0,0,0,1
11300,0,0,1,1,1,1,0,0,0,1,0,1,0,0,0,0,1,1
11301,0,0,1,1,1,1,0,0,0,0,0,1,1,0,0,0,1,1
11302,0,0,1,1,1,1,0,0,0,1,0,1,1,0,1,0,0,0
11303,0,0,1,1,1,1,0,0,0,1,0,1,0,0,1,0,1,0
11304,0,0,1,1,1,1,0,0,0,0,0,1,1,0,1,0,1,0
11305,0,0,1,1,1,1,0,0,0,1,0,1,1,0,0,0,1,0
11306,0,0,1,1,1,1,0,0,0,0,1,0,0,1,1,0,0,1
11307,0,0,1,1,1,1,0,0,0,1,1,0,0,1,0,0,0,1
11308,0,0,1,1,1,1,0,0,0,0,1,0,1,1,0,0,0,1
11309,0,0,1,1,1,1,0,0,0,0,1,0,0,1,0,0,1,1
11310,0,0,1,1,1,1,0,0,0,1,1,0,0,1,1,0,0,0
11311,0,0,1,1,1,1,0,0,0,0,1,0,1,1,1,0,0,0
11312,0,0,1,1,1,1,0,0,0,0,1,0,0,1,1,0,1,0
11313,0,0,1,1,1,1,0,0,0,1,1,0,1,1,0,0,0,0
11314,0,0,1,1,1,1,0,0,0,1,1,0,0,1,0,0,1,0
11315,0,0,1,1,1,1,0,0,0,0,1,0,1,1,0,0,1,0
11316,0,0,1,1,1,1,0,0,0,1,0,0,0,1,1,0,0,1
11317,0,0,1,1,1,1,0,0,0,0,0,0,1,1,1,0,0,1
11318,0,0,1,1,1,1,0,0,0,0,0,0,0,1,1,0,1,1
11319,0,0,1,1,1,1,0,0,0,1,0,0,1,1,0,0,0,1
11320,0,0,1,1,1,1,0,0,0,1,0,0,0,1,0,0,1,1
11321,0,0,1,1,1,1,0,0,0,0,0,0,1,1,0,0,1,1
11322,0,0,1,1,1,1,0,0,0,1,0,0,1,1,1,0,0,0
11323,0,0,1,1,1,1,0,0,0,1,0,0,0,1,1,0,1,0
11324,0,0,1,1,1,1,0,0,0,0,0,0,1,1,1,0,1,0
11325,0,0,1,1,1,1,0,0,0,1,0,0,1,1,0,0,1,0
11326,0,0,1,1,1,1,0,0,0,1,1,0,0,0,1,0,0,1
11327,0,0,1,1,1,1,0,0,0,0,1,0,1,0,1,0,0,1
11328,0,0,1,1,1,1,0,0,0,0,1,0,0,0,1,0,1,1
11329,0,0,1,1,1,1,0,0,0,1,1,0,1,0,0,0,0,1
11330,0,0,1,1,1,1,0,0,0,1,1,0,0,0,0,0,1,1
11331,0,0,1,1,1,1,0,0,0,0,1,0,1,0,0,0,1,1
11332,0,0,1,1,1,1,0,0,0,1,1,0,1,0,1,0,0,0
11333,0,0,1,1,1,1,0,0,0,1,1,0,0,0,1,0,1,0
11334,0,0,1,1,1,1,0,0,0,0,1,0,1,0,1,0,1,0
11335,0,0,1,1,1,1,0,0,0,1,1,0,1,0,0,0,1,0
11336,0,0,1,1,1,1,0,0,0,1,0,0,1,0,1,0,0,1
11337,0,0,1,1,1,1,0,0,0,1,0,0,0,0,1,0,1,1
11338,0,0,1,1,1,1,0,0,0,0,0,0,1,0,1,0,1,1
11339,0,0,1,1,1,1,0,0,0,1,0,0,1,0,0,0,1,1
11340,0,0,1,1,1,1,0,0,0,1,0,0,1,0,1,0,1,0
11341,1,0,1,1,1,0,1,0,0,0,1,1,0,1,0,0,0,0
11342,1,0,1,1,1,0,1,0,0,0,0,1,0,1,0,0,0,1
11343,1,0,1,1,1,0,1,0,0,0,0,1,0,1,1,0,0,0
11344,1,0,1,1,1,0,1,0,0,1,0,1,0,1,0,0,0,0
11345,1,0,1,1,1,0,1,0,0,0,0,1,1,1,0,0,0,0
11346,1,0,1,1,1,0,1,0,0,0,0,1,0,1,0,0,1,0
11347,1,0,1,1,1,0,1,0,0,0,1,1,0,0,0,0,0,1
11348,1,0,1,1,1,0,1,0,0,0,1,1,0,0,1,0,0,0
11349,1,0,1,1,1,0,1,0,0,1,1,1,0,0,0,0,0,0
11350,1,0,1,1,1,0,1,0,0,0,1,1,1,0,0,0,0,0
11351,1,0,1,1,1,0,1,0,0,0,1,1,0,0,0,0,1,0
11352,1,0,1,1,1,0,1,0,0,0,0,1,0,0,1,0,0,1
11353,1,0,1,1,1,0,1,0,0,1,0,1,0,0,0,0,0,1
11354,1,0,1,1,1,0,1,0,0,0,0,1,1,0,0,0,0,1
11355,1,0,1,1,1,0,1,0,0,0,0,1,0,0,0,0,1,1
11356,1,0,1,1,1,0,1,0,0,1,0,1,0,0,1,0,0,0
11357,1,0,1,1,1,0,1,0,0,0,0,1,1,0,1,0,0,0
11358,1,0,1,1,1,0,1,0,0,0,0,1,0,0,1,0,1,0
11359,1,0,1,1,1,0,1,0,0,1,0,1,1,0,0,0,0,0
11360,1,0,1,1,1,0,1,0,0,1,0,1,0,0,0,0,1,0
11361,1,0,1,1,1,0,1,0,0,0,0,1,1,0,0,0,1,0
11362,1,0,1,1,1,0,1,0,0,0,1,0,0,1,0,0,0,1
11363,1,0,1,1,1,0,1,0,0,0,1,0,0,1,1,0,0,0
11364,1,0,1,1,1,0,1,0,0,1,1,0,0,1,0,0,0,0
11365,1,0,1,1,1,0,1,0,0,0,1,0,1,1,0,0,0,0
11366,1,0,1,1,1,0,1,0,0,0,1,0,0,1,0,0,1,0
11367,1,0,1,1,1,0,1,0,0,0,0,0,0,1,1,0,0,1
11368,1,0,1,1,1,0,1,0,0,1,0,0,0,1,0,0,0,1
11369,1,0,1,1,1,0,1,0,0,0,0,0,1,1,0,0,0,1
11370,1,0,1,1,1,0,1,0,0,0,0,0,0,1,0,0,1,1
11371,1,0,1,1,1,0,1,0,0,1,0,0,0,1,1,0,0,0
11372,1,0,1,1,1,0,1,0,0,0,0,0,1,1,1,0,0,0
11373,1,0,1,1,1,0,1,0,0,0,0,0,0,1,1,0,1,0
11374,1,0,1,1,1,0,1,0,0,1,0,0,1,1,0,0,0,0
11375,1,0,1,1,1,0,1,0,0,1,0,0,0,1,0,0,1,0
11376,1,0,1,1,1,0,1,0,0,0,0,0,1,1,0,0,1,0
11377,1,0,1,1,1,0,1,0,0,0,1,0,0,0,1,0,0,1
11378,1,0,1,1,1,0,1,0,0,1,1,0,0,0,0,0,0,1
11379,1,0,1,1,1,0,1,0,0,0,1,0,1,0,0,0,0,1
11380,1,0,1,1,1,0,1,0,0,0,1,0,0,0,0,0,1,1
11381,1,0,1,1,1,0,1,0,0,1,1,0,0,0,1,0,0,0
11382,1,0,1,1,1,0,1,0,0,0,1,0,1,0,1,0,0,0
11383,1,0,1,1,1,0,1,0,0,0,1,0,0,0,1,0,1,0
11384,1,0,1,1,1,0,1,0,0,1,1,0,1,0,0,0,0,0
11385,1,0,1,1,1,0,1,0,0,1,1,0,0,0,0,0,1,0
11386,1,0,1,1,1,0,1,0,0,0,1,0,1,0,0,0,1,0
11387,1,0,1,1,1,0,1,0,0,1,0,0,0,0,1,0,0,1
11388,1,0,1,1,1,0,1,0,0,0,0,0,1,0,1,0,0,1
11389,1,0,1,1,1,0,1,0,0,0,0,0,0,0,1,0,1,1
11390,1,0,1,1,1,0,1,0,0,1,0,0,1,0,0,0,0,1
11391,1,0,1,1,1,0,1,0,0,1,0,0,0,0,0,0,1,1
11392,1,0,1,1,1,0,1,0,0,0,0,0,1,0,0,0,1,1
11393,1,0,1,1,1,0,1,0,0,1,0,0,1,0,1,0,0,0
11394,1,0,1,1,1,0,1,0,0,1,0,0,0,0,1,0,1,0
11395,1,0,1,1,1,0,1,0,0,0,0,0,1,0,1,0,1,0
11396,1,0,1,1,1,0,1,0,0,1,0,0,1,0,0,0,1,0
11397,1,0,1,1,1,0,0,0,0,0,1,1,0,1,0,0,0,1
11398,1,0,1,1,1,0,0,0,0,0,1,1,0,1,1,0,0,0
11399,1,0,1,1,1,0,0,0,0,1,1,1,0,1,0,0,0,0
11400,1,0,1,1,1,0,0,0,0,0,1,1,1,1,0,0,0,0
11401,1,0,1,1,1,0,0,0,0,0,1,1,0,1,0,0,1,0
11402,1,0,1,1,1,0,0,0,0,0,0,1,0,1,1,0,0,1
11403,1,0,1,1,1,0,0,0,0,1,0,1,0,1,0,0,0,1
11404,1,0,1,1,1,0,0,0,0,0,0,1,1,1,0,0,0,1
11405,1,0,1,1,1,0,0,0,0,0,0,1,0,1,0,0,1,1
11406,1,0,1,1,1,0,0,0,0,1,0,1,0,1,1,0,0,0
11407,1,0,1,1,1,0,0,0,0,0,0,1,1,1,1,0,0,0
11408,1,0,1,1,1,0,0,0,0,0,0,1,0,1,1,0,1,0
11409,1,0,1,1,1,0,0,0,0,1,0,1,1,1,0,0,0,0
11410,1,0,1,1,1,0,0,0,0,1,0,1,0,1,0,0,1,0
11411,1,0,1,1,1,0,0,0,0,0,0,1,1,1,0,0,1,0
11412,1,0,1,1,1,0,0,0,0,0,1,1,0,0,1,0,0,1
11413,1,0,1,1,1,0,0,0,0,1,1,1,0,0,0,0,0,1
11414,1,0,1,1,1,0,0,0,0,0,1,1,1,0,0,0,0,1
11415,1,0,1,1,1,0,0,0,0,0,1,1,0,0,0,0,1,1
11416,1,0,1,1,1,0,0,0,0,1,1,1,0,0,1,0,0,0
11417,1,0,1,1,1,0,0,0,0,0,1,1,1,0,1,0,0,0
11418,1,0,1,1,1,0,0,0,0,0,1,1,0,0,1,0,1,0
11419,1,0,1,1,1,0,0,0,0,1,1,1,1,0,0,0,0,0
11420,1,0,1,1,1,0,0,0,0,1,1,1,0,0,0,0,1,0
11421,1,0,1,1,1,0,0,0,0,0,1,1,1,0,0,0,1,0
11422,1,0,1,1,1,0,0,0,0,1,0,1,0,0,1,0,0,1
11423,1,0,1,1,1,0,0,0,0,0,0,1,1,0,1,0,0,1
11424,1,0,1,1,1,0,0,0,0,0,0,1,0,0,1,0,1,1
11425,1,0,1,1,1,0,0,0,0,1,0,1,1,0,0,0,0,1
11426,1,0,1,1,1,0,0,0,0,1,0,1,0,0,0,0,1,1
11427,1,0,1,1,1,0,0,0,0,0,0,1,1,0,0,0,1,1
11428,1,0,1,1,1,0,0,0,0,1,0,1,1,0,1,0,0,0
11429,1,0,1,1,1,0,0,0,0,1,0,1,0,0,1,0,1,0
11430,1,0,1,1,1,0,0,0,0,0,0,1,1,0,1,0,1,0
11431,1,0,1,1,1,0,0,0,0,1,0,1,1,0,0,0,1,0
11432,1,0,1,1,1,0,0,0,0,0,1,0,0,1,1,0,0,1
11433,1,0,1,1,1,0,0,0,0,1,1,0,0,1,0,0,0,1
11434,1,0,1,1,1,0,0,0,0,0,1,0,1,1,0,0,0,1
11435,1,0,1,1,1,0,0,0,0,0,1,0,0,1,0,0,1,1
11436,1,0,1,1,1,0,0,0,0,1,1,0,0,1,1,0,0,0
11437,1,0,1,1,1,0,0,0,0,0,1,0,1,1,1,0,0,0
11438,1,0,1,1,1,0,0,0,0,0,1,0,0,1,1,0,1,0
11439,1,0,1,1,1,0,0,0,0,1,1,0,1,1,0,0,0,0
11440,1,0,1,1,1,0,0,0,0,1,1,0,0,1,0,0,1,0
11441,1,0,1,1,1,0,0,0,0,0,1,0,1,1,0,0,1,0
11442,1,0,1,1,1,0,0,0,0,1,0,0,0,1,1,0,0,1
11443,1,0,1,1,1,0,0,0,0,0,0,0,1,1,1,0,0,1
11444,1,0,1,1,1,0,0,0,0,0,0,0,0,1,1,0,1,1
11445,1,0,1,1,1,0,0,0,0,1,0,0,1,1,0,0,0,1
11446,1,0,1,1,1,0,0,0,0,1,0,0,0,1,0,0,1,1
11447,1,0,1,1,1,0,0,0,0,0,0,0,1,1,0,0,1,1
11448,1,0,1,1,1,0,0,0,0,1,0,0,1,1,1,0,0,0
11449,1,0,1,1,1,0,0,0,0,1,0,0,0,1,1,0,1,0
11450,1,0,1,1,1,0,0,0,0,0,0,0,1,1,1,0,1,0
11451,1,0,1,1,1,0,0,0,0,1,0,0,1,1,0,0,1,0
11452,1,0,1,1,1,0,0,0,0,1,1,0,0,0,1,0,0,1
11453,1,0,1,1,1,0,0,0,0,0,1,0,1,0,1,0,0,1
11454,1,0,1,1,1,0,0,0,0,0,1,0,0,0,1,0,1,1
11455,1,0,1,1,1,0,0,0,0,1,1,0,1,0,0,0,0,1
11456,1,0,1,1,1,0,0,0,0,1,1,0,0,0,0,0,1,1
11457,1,0,1,1,1,0,0,0,0,0,1,0,1,0,0,0,1,1
11458,1,0,1,1,1,0,0,0,0,1,1,0,1,0,1,0,0,0
11459,1,0,1,1,1,0,0,0,0,1,1,0,0,0,1,0,1,0
11460,1,0,1,1,1,0,0,0,0,0,1,0,1,0,1,0,1,0
11461,1,0,1,1,1,0,0,0,0,1,1,0,1,0,0,0,1,0
11462,1,0,1,1,1,0,0,0,0,1,0,0,1,0,1,0,0,1
11463,1,0,1,1,1,0,0,0,0,1,0,0,0,0,1,0,1,1
11464,1,0,1,1,1,0,0,0,0,0,0,0,1,0,1,0,1,1
11465,1,0,1,1,1,0,0,0,0,1,0,0,1,0,0,0,1,1
11466,1,0,1,1,1,0,0,0,0,1,0,0,1,0,1,0,1,0
11467,0,1,0,0,0,1,1,0,1,0,1,1,0,1,0,1,0,0
11468,0,1,0,0,0,1,1,0,1,0,0,1,0,1,0,1,0,1
11469,0,1,0,0,0,1,1,0,1,0,0,1,0,1,1,1,0,0
11470,0,1,0,0,0,1,1,0,1,1,0,1,0,1,0,1,0,0
11471,0,1,0,0,0,1,1,0,1,0,0,1,1,1,0,1,0,0
11472,0,1,0,0,0,1,1,0,1,0,0,1,0,1,0,1,1,0
11473,0,1,0,0,0,1,1,0,1,0,1,1,0,0,0,1,0,1
11474,0,1,0,0,0,1,1,0,1,0,1,1,0,0,1,1,0,0
11475,0,1,0,0,0,1,1,0,1,1,1,1,0,0,0,1,0,0
11476,0,1,0,0,0,1,1,0,1,0,1,1,1,0,0,1,0,0
11477,0,1,0,0,0,1,1,0,1,0,1,1,0,0,0,1,1,0
11478,0,1,0,0,0,1,1,0,1,0,0,1,0,0,1,1,0,1
11479,0,1,0,0,0,1,1,0,1,1,0,1,0,0,0,1,0,1
11480,0,1,0,0,0,1,1,0,1,0,0,1,1,0,0,1,0,1
11481,0,1,0,0,0,1,1,0,1,0,0,1,0,0,0,1,1,1
11482,0,1,0,0,0,1,1,0,1,1,0,1,0,0,1,1,0,0
11483,0,1,0,0,0,1,1,0,1,0,0,1,1,0,1,1,0,0
11484,0,1,0,0,0,1,1,0,1,0,0,1,0,0,1,1,1,0
11485,0,1,0,0,0,1,1,0,1,1,0,1,1,0,0,1,0,0
11486,0,1,0,0,0,1,1,0,1,1,0,1,0,0,0,1,1,0
11487,0,1,0,0,0,1,1,0,1,0,0,1,1,0,0,1,1,0
11488,0,1,0,0,0,1,1,0,1,0,1,0,0,1,0,1,0,1
11489,0,1,0,0,0,1,1,0,1,0,1,0,0,1,1,1,0,0
11490,0,1,0,0,0,1,1,0,1,1,1,0,0,1,0,1,0,0
11491,0,1,0,0,0,1,1,0,1,0,1,0,1,1,0,1,0,0
11492,0,1,0,0,0,1,1,0,1,0,1,0,0,1,0,1,1,0
11493,0,1,0,0,0,1,1,0,1,0,0,0,0,1,1,1,0,1
11494,0,1,0,0,0,1,1,0,1,1,0,0,0,1,0,1,0,1
11495,0,1,0,0,0,1,1,0,1,0,0,0,1,1,0,1,0,1
11496,0,1,0,0,0,1,1,0,1,0,0,0,0,1,0,1,1,1
11497,0,1,0,0,0,1,1,0,1,1,0,0,0,1,1,1,0,0
11498,0,1,0,0,0,1,1,0,1,0,0,0,1,1,1,1,0,0
11499,0,1,0,0,0,1,1,0,1,0,0,0,0,1,1,1,1,0
11500,0,1,0,0,0,1,1,0,1,1,0,0,1,1,0,1,0,0
11501,0,1,0,0,0,1,1,0,1,1,0,0,0,1,0,1,1,0
11502,0,1,0,0,0,1,1,0,1,0,0,0,1,1,0,1,1,0
11503,0,1,0,0,0,1,1,0,1,0,1,0,0,0,1,1,0,1
11504,0,1,0,0,0,1,1,0,1,1,1,0,0,0,0,1,0,1
11505,0,1,0,0,0,1,1,0,1,0,1,0,1,0,0,1,0,1
11506,0,1,0,0,0,1,1,0,1,0,1,0,0,0,0,1,1,1
11507,0,1,0,0,0,1,1,0,1,1,1,0,0,0,1,1,0,0
11508,0,1,0,0,0,1,1,0,1,0,1,0,1,0,1,1,0,0
11509,0,1,0,0,0,1,1,0,1,0,1,0,0,0,1,1,1,0
11510,0,1,0,0,0,1,1,0,1,1,1,0,1,0,0,1,0,0
11511,0,1,0,0,0,1,1,0,1,1,1,0,0,0,0,1,1,0
11512,0,1,0,0,0,1,1,0,1,0,1,0,1,0,0,1,1,0
11513,0,1,0,0,0,1,1,0,1,1,0,0,0,0,1,1,0,1
11514,0,1,0,0,0,1,1,0,1,0,0,0,1,0,1,1,0,1
11515,0,1,0,0,0,1,1,0,1,0,0,0,0,0,1,1,1,1
11516,0,1,0,0,0,1,1,0,1,1,0,0,1,0,0,1,0,1
11517,0,1,0,0,0,1,1,0,1,1,0,0,0,0,0,1,1,1
11518,0,1,0,0,0,1,1,0,1,0,0,0,1,0,0,1,1,1
11519,0,1,0,0,0,1,1,0,1,1,0,0,1,0,1,1,0,0
11520,0,1,0,0,0,1,1,0,1,1,0,0,0,0,1,1,1,0
11521,0,1,0,0,0,1,1,0,1,0,0,0,1,0,1,1,1,0
11522,0,1,0,0,0,1,1,0,1,1,0,0,1,0,0,1,1,0
11523,0,1,0,0,0,1,0,0,1,0,1,1,0,1,0,1,0,1
11524,0,1,0,0,0,1,0,0,1,0,1,1,0,1,1,1,0,0
11525,0,1,0,0,0,1,0,0,1,1,1,1,0,1,0,1,0,0
11526,0,1,0,0,0,1,0,0,1,0,1,1,1,1,0,1,0,0
11527,0,1,0,0,0,1,0,0,1,0,1,1,0,1,0,1,1,0
11528,0,1,0,0,0,1,0,0,1,0,0,1,0,1,1,1,0,1
11529,0,1,0,0,0,1,0,0,1,1,0,1,0,1,0,1,0,1
11530,0,1,0,0,0,1,0,0,1,0,0,1,1,1,0,1,0,1
11531,0,1,0,0,0,1,0,0,1,0,0,1,0,1,0,1,1,1
11532,0,1,0,0,0,1,0,0,1,1,0,1,0,1,1,1,0,0
11533,0,1,0,0,0,1,0,0,1,0,0,1,1,1,1,1,0,0
11534,0,1,0,0,0,1,0,0,1,0,0,1,0,1,1,1,1,0
11535,0,1,0,0,0,1,0,0,1,1,0,1,1,1,0,1,0,0
11536,0,1,0,0,0,1,0,0,1,1,0,1,0,1,0,1,1,0
11537,0,1,0,0,0,1,0,0,1,0,0,1,1,1,0,1,1,0
11538,0,1,0,0,0,1,0,0,1,0,1,1,0,0,1,1,0,1
11539,0,1,0,0,0,1,0,0,1,1,1,1,0,0,0,1,0,1
11540,0,1,0,0,0,1,0,0,1,0,1,1,1,0,0,1,0,1
11541,0,1,0,0,0,1,0,0,1,0,1,1,0,0,0,1,1,1
11542,0,1,0,0,0,1,0,0,1,1,1,1,0,0,1,1,0,0
11543,0,1,0,0,0,1,0,0,1,0,1,1,1,0,1,1,0,0
11544,0,1,0,0,0,1,0,0,1,0,1,1,0,0,1,1,1,0
11545,0,1,0,0,0,1,0,0,1,1,1,1,1,0,0,1,0,0
11546,0,1,0,0,0,1,0,0,1,1,1,1,0,0,0,1,1,0
11547,0,1,0,0,0,1,0,0,1,0,1,1,1,0,0,1,1,0
11548,0,1,0,0,0,1,0,0,1,1,0,1,0,0,1,1,0,1
11549,0,1,0,0,0,1,0,0,1,0,0,1,1,0,1,1,0,1
11550,0,1,0,0,0,1,0,0,1,0,0,1,0,0,1,1,1,1
11551,0,1,0,0,0,1,0,0,1,1,0,1,1,0,0,1,0,1
11552,0,1,0,0,0,1,0,0,1,1,0,1,0,0,0,1,1,1
11553,0,1,0,0,0,1,0,0,1,0,0,1,1,0,0,1,1,1
11554,0,1,0,0,0,1,0,0,1,1,0,1,1,0,1,1,0,0
11555,0,1,0,0,0,1,0,0,1,1,0,1,0,0,1,1,1,0
11556,0,1,0,0,0,1,0,0,1,0,0,1,1,0,1,1,1,0
11557,0,1,0,0,0,1,0,0,1,1,0,1,1,0,0,1,1,0
11558,0,1,0,0,0,1,0,0,1,0,1,0,0,1,1,1,0,1
11559,0,1,0,0,0,1,0,0,1,1,1,0,0,1,0,1,0,1
11560,0,1,0,0,0,1,0,0,1,0,1,0,1,1,0,1,0,1
11561,0,1,0,0,0,1,0,0,1,0,1,0,0,1,0,1,1,1
11562,0,1,0,0,0,1,0,0,1,1,1,0,0,1,1,1,0,0
11563,0,1,0,0,0,1,0,0,1,0,1,0,1,1,1,1,0,0
11564,0,1,0,0,0,1,0,0,1,0,1,0,0,1,1,1,1,0
11565,0,1,0,0,0,1,0,0,1,1,1,0,1,1,0,1,0,0
11566,0,1,0,0,0,1,0,0,1,1,1,0,0,1,0,1,1,0
11567,0,1,0,0,0,1,0,0,1,0,1,0,1,1,0,1,1,0
11568,0,1,0,0,0,1,0,0,1,1,0,0,0,1,1,1,0,1
11569,0,1,0,0,0,1,0,0,1,0,0,0,1,1,1,1,0,1
11570,0,1,0,0,0,1,0,0,1,0,0,0,0,1,1,1,1,1
11571,0,1,0,0,0,1,0,0,1,1,0,0,1,1,0,1,0,1
11572,0,1,0,0,0,1,0,0,1,1,0,0,0,1,0,1,1,1
11573,0,1,0,0,0,1,0,0,1,0,0,0,1,1,0,1,1,1
11574,0,1,0,0,0,1,0,0,1,1,0,0,1,1,1,1,0,0
11575,0,1,0,0,0,1,0,0,1,1,0,0,0,1,1,1,1,0
11576,0,1,0,0,0,1,0,0,1,0,0,0,1,1,1,1,1,0
11577,0,1,0,0,0,1,0,0,1,1,0,0,1,1,0,1,1,0
11578,0,1,0,0,0,1,0,0,1,1,1,0,0,0,1,1,0,1
11579,0,1,0,0,0,1,0,0,1,0,1,0,1,0,1,1,0,1
11580,0,1,0,0,0,1,0,0,1,0,1,0,0,0,1,1,1,1
11581,0,1,0,0,0,1,0,0,1,1,1,0,1,0,0,1,0,1
11582,0,1,0,0,0,1,0,0,1,1,1,0,0,0,0,1,1,1
11583,0,1,0,0,0,1,0,0,1,0,1,0,1,0,0,1,1,1
11584,0,1,0,0,0,1,0,0,1,1,1,0,1,0,1,1,0,0
11585,0,1,0,0,0,1,0,0,1,1,1,0,0,0,1,1,1,0
11586,0,1,0,0,0,1,0,0,1,0,1,0,1,0,1,1,1,0
11587,0,1,0,0,0,1,0,0,1,1,1,0,1,0,0,1,1,0
11588,0,1,0,0,0,1,0,0,1,1,0,0,1,0,1,1,0,1
11589,0,1,0,0,0,1,0,0,1,1,0,0,0,0,1,1,1,1
11590,0,1,0,0,0,1,0,0,1,0,0,0,1,0,1,1,1,1
11591,0,1,0,0,0,1,0,0,1,1,0,0,1,0,0,1,1,1
11592,0,1,0,0,0,1,0,0,1,1,0,0,1,0,1,1,1,0
11593,1,1,0,0,0,0,1,0,1,0,1,1,0,1,0,1,0,0
11594,1,1,0,0,0,0,1,0,1,0,0,1,0,1,0,1,0,1
11595,1,1,0,0,0,0,1,0,1,0,0,1,0,1,1,1,0,0
11596,1,1,0,0,0,0,1,0,1,1,0,1,0,1,0,1,0,0
11597,1,1,0,0,0,0,1,0,1,0,0,1,1,1,0,1,0,0
11598,1,1,0,0,0,0,1,0,1,0,0,1,0,1,0,1,1,0
11599,1,1,0,0,0,0,1,0,1,0,1,1,0,0,0,1,0,1
11600,1,1,0,0,0,0,1,0,1,0,1,1,0,0,1,1,0,0
11601,1,1,0,0,0,0,1,0,1,1,1,1,0,0,0,1,0,0
11602,1,1,0,0,0,0,1,0,1,0,1,1,1,0,0,1,0,0
11603,1,1,0,0,0,0,1,0,1,0,1,1,0,0,0,1,1,0
11604,1,1,0,0,0,0,1,0,1,0,0,1,0,0,1,1,0,1
11605,1,1,0,0,0,0,1,0,1,1,0,1,0,0,0,1,0,1
11606,1,1,0,0,0,0,1,0,1,0,0,1,1,0,0,1,0,1
11607,1,1,0,0,0,0,1,0,1,0,0,1,0,0,0,1,1,1
11608,1,1,0,0,0,0,1,0,1,1,0,1,0,0,1,1,0,0
11609,1,1,0,0,0,0,1,0,1,0,0,1,1,0,1,1,0,0
11610,1,1,0,0,0,0,1,0,1,0,0,1,0,0,1,1,1,0
11611,1,1,0,0,0,0,1,0,1,1,0,1,1,0,0,1,0,0
11612,1,1,0,0,0,0,1,0,1,1,0,1,0,0,0,1,1,0
11613,1,1,0,0,0,0,1,0,1,0,0,1,1,0,0,1,1,0
11614,1,1,0,0,0,0,1,0,1,0,1,0,0,1,0,1,0,1
11615,1,1,0,0,0,0,1,0,1,0,1,0,0,1,1,1,0,0
11616,1,1,0,0,0,0,1,0,1,1,1,0,0,1,0,1,0,0
11617,1,1,0,0,0,0,1,0,1,0,1,0,1,1,0,1,0,0
11618,1,1,0,0,0,0,1,0,1,0,1,0,0,1,0,1,1,0
11619,1,1,0,0,0,0,1,0,1,0,0,0,0,1,1,1,0,1
11620,1,1,0,0,0,0,1,0,1,1,0,0,0,1,0,1,0,1
11621,1,1,0,0,0,0,1,0,1,0,0,0,1,1,0,1,0,1
11622,1,1,0,0,0,0,1,0,1,0,0,0,0,1,0,1,1,1
11623,1,1,0,0,0,0,1,0,1,1,0,0,0,1,1,1,0,0
11624,1,1,0,0,0,0,1,0,1,0,0,0,1,1,1,1,0,0
11625,1,1,0,0,0,0,1,0,1,0,0,0,0,1,1,1,1,0
11626,1,1,0,0,0,0,1,0,1,1,0,0,1,1,0,1,0,0
11627,1,1,0,0,0,0,1,0,1,1,0,0,0,1,0,1,1,0
11628,1,1,0,0,0,0,1,0,1,0,0,0,1,1,0,1,1,0
11629,1,1,0,0,0,0,1,0,1,0,1,0,0,0,1,1,0,1
11630,1,1,0,0,0,0,1,0,1,1,1,0,0,0,0,1,0,1
11631,1,1,0,0,0,0,1,0,1,0,1,0,1,0,0,1,0,1
11632,1,1,0,0,0,0,1,0,1,0,1,0,0,0,0,1,1,1
11633,1,1,0,0,0,0,1,0,1,1,1,0,0,0,1,1,0,0
11634,1,1,0,0,0,0,1,0,1,0,1,0,1,0,1,1,0,0
11635,1,1,0,0,0,0,1,0,1,0,1,0,0,0,1,1,1,0
11636,1,1,0,0,0,0,1,0,1,1,1,0,1,0,0,1,0,0
11637,1,1,0,0,0,0,1,0,1,1,1,0,0,0,0,1,1,0
11638,1,1,0,0,0,0,1,0,1,0,1,0,1,0,0,1,1,0
11639,1,1,0,0,0,0,1,0,1,1,0,0,0,0,1,1,0,1
11640,1,1,0,0,0,0,1,0,1,0,0,0,1,0,1,1,0,1
11641,1,1,0,0,0,0,1,0,1,0,0,0,0,0,1,1,1,1
11642,1,1,0,0,0,0,1,0,1,1,0,0,1,0,0,1,0,1
11643,1,1,0,0,0,0,1,0,1,1,0,0,0,0,0,1,1,1
11644,1,1,0,0,0,0,1,0,1,0,0,0,1,0,0,1,1,1
11645,1,1,0,0,0,0,1,0,1,1,0,0,1,0,1,1,0,0
11646,1,1,0,0,0,0,1,0,1,1,0,0,0,0,1,1,1,0
11647,1,1,0,0,0,0,1,0,1,0,0,0,1,0,1,1,1,0
11648,1,1,0,0,0,0,1,0,1,1,0,0,1,0,0,1,1,0
11649,1,1,0,0,0,0,0,0,1,0,1,1,0,1,0,1,0,1
11650,1,1,0,0,0,0,0,0,1,0,1,1,0,1,1,1,0,0
11651,1,1,0,0,0,0,0,0,1,1,1,1,0,1,0,1,0,0
11652,1,1,0,0,0,0,0,0,1,0,1,1,1,1,0,1,0,0
11653,1,1,0,0,0,0,0,0,1,0,1,1,0,1,0,1,1,0
11654,1,1,0,0,0,0,0,0,1,0,0,1,0,1,1,1,0,1
11655,1,1,0,0,0,0,0,0,1,1,0,1,0,1,0,1,0,1
11656,1,1,0,0,0,0,0,0,1,0,0,1,1,1,0,1,0,1
11657,1,1,0,0,0,0,0,0,1,0,0,1,0,1,0,1,1,1
11658,1,1,0,0,0,0,0,0,1,1,0,1,0,1,1,1,0,0
11659,1,1,0,0,0,0,0,0,1,0,0,1,1,1,1,1,0,0
11660,1,1,0,0,0,0,0,0,1,0,0,1,0,1,1,1,1,0
11661,1,1,0,0,0,0,0,0,1,1,0,1,1,1,0,1,0,0
11662,1,1,0,0,0,0,0,0,1,1,0,1,0,1,0,1,1,0
11663,1,1,0,0,0,0,0,0,1,0,0,1,1,1,0,1,1,0
11664,1,1,0,0,0,0,0,0,1,0,1,1,0,0,1,1,0,1
11665,1,1,0,0,0,0,0,0,1,1,1,1,0,0,0,1,0,1
11666,1,1,0,0,0,0,0,0,1,0,1,1,1,0,0,1,0,1
11667,1,1,0,0,0,0,0,0,1,0,1,1,0,0,0,1,1,1
11668,1,1,0,0,0,0,0,0,1,1,1,1,0,0,1,1,0,0
11669,1,1,0,0,0,0,0,0,1,0,1,1,1,0,1,1,0,0
11670,1,1,0,0,0,0,0,0,1,0,1,1,0,0,1,1,1,0
11671,1,1,0,0,0,0,0,0,1,1,1,1,1,0,0,1,0,0
11672,1,1,0,0,0,0,0,0,1,1,1,1,0,0,0,1,1,0
11673,1,1,0,0,0,0,0,0,1,0,1,1,1,0,0,1,1,0
11674,1,1,0,0,0,0,0,0,1,1,0,1,0,0,1,1,0,1
11675,1,1,0,0,0,0,0,0,1,0,0,1,1,0,1,1,0,1
11676,1,1,0,0,0,0,0,0,1,0,0,1,0,0,1,1,1,1
11677,1,1,0,0,0,0,0,0,1,1,0,1,1,0,0,1,0,1
11678,1,1,0,0,0,0,0,0,1,1,0,1,0,0,0,1,1,1
11679,1,1,0,0,0,0,0,0,1,0,0,1,1,0,0,1,1,1
11680,1,1,0,0,0,0,0,0,1,1,0,1,1,0,1,1,0,0
11681,1,1,0,0,0,0,0,0,1,1,0,1,0,0,1,1,1,0
11682,1,1,0,0,0,0,0,0,1,0,0,1,1,0,1,1,1,0
11683,1,1,0,0,0,0,0,0,1,1,0,1,1,0,0,1,1,0
11684,1,1,0,0,0,0,0,0,1,0,1,0,0,1,1,1,0,1
11685,1,1,0,0,0,0,0,0,1,1,1,0,0,1,0,1,0,1
11686,1,1,0,0,0,0,0,0,1,0,1,0,1,1,0,1,0,1
11687,1,1,0,0,0,0,0,0,1,0,1,0,0,1,0,1,1,1
11688,1,1,0,0,0,0,0,0,1,1,1,0,0,1,1,1,0,0
11689,1,1,0,0,0,0,0,0,1,0,1,0,1,1,1,1,0,0
11690,1,1,0,0,0,0,0,0,1,0,1,0,0,1,1,1,1,0
11691,1,1,0,0,0,0,0,0,1,1,1,0,1,1,0,1,0,0
11692,1,1,0,0,0,0,0,0,1,1,1,0,0,1,0,1,1,0
11693,1,1,0,0,0,0,0,0,1,0,1,0,1,1,0,1,1,0
11694,1,1,0,0,0,0,0,0,1,1,0,0,0,1,1,1,0,1
11695,1,1,0,0,0,0,0,0,1,0,0,0,1,1,1,1,0,1
11696,1,1,0,0,0,0,0,0,1,0,0,0,0,1,1,1,1,1
11697,1,1,0,0,0,0,0,0,1,1,0,0,1,1,0,1,0,1
11698,1,1,0,0,0,0,0,0,1,1,0,0,0,1,0,1,1,1
11699,1,1,0,0,0,0,0,0,1,0,0,0,1,1,0,1,1,1
11700,1,1,0,0,0,0,0,0,1,1,0,0,1,1,1,1,0,0
11701,1,1,0,0,0,0,0,0,1,1,0,0,0,1,1,1,1,0
11702,1,1,0,0,0,0,0,0,1,0,0,0,1,1,1,1,1,0
11703,1,1,0,0,0,0,0,0,1,1,0,0,1,1,0,1,1,0
11704,1,1,0,0,0,0,0,0,1,1,1,0,0,0,1,1,0,1
11705,1,1,0,0,0,0,0,0,1,0,1,0,1,0,1,1,0,1
11706,1,1,0,0,0,0,0,0,1,0,1,0,0,0,1,1,1,1
11707,1,1,0,0,0,0,0,0,1,1,1,0,1,0,0,1,0,1
11708,1,1,0,0,0,0,0,0,1,1,1,0,0,0,0,1,1,1
11709,1,1,0,0,0,0,0,0,1,0,1,0,1,0,0,1,1,1
11710,1,1,0,0,0,0,0,0,1,1,1,0,1,0,1,1,0,0
11711,1,1,0,0,0,0,0,0,1,1,1,0,0,0,1,1,1,0
11712,1,1,0,0,0,0,0,0,1,0,1,0,1,0,1,1,1,0
11713,1,1,0,0,0,0,0,0,1,1,1,0,1,0,0,1,1,0
11714,1,1,0,0,0,0,0,0,1,1,0,0,1,0,1,1,0,1
11715,1,1,0,0,0,0,0,0,1,1,0,0,0,0,1,1,1,1
11716,1,1,0,0,0,0,0,0,1,0,0,0,1,0,1,1,1,1
11717,1,1,0,0,0,0,0,0,1,1,0,0,1,0,0,1,1,1
11718,1,1,0,0,0,0,0,0,1,1,0,0,1,0,1,1,1,0
11719,0,1,1,0,0,0,1,0,1,0,1,1,0,1,0,1,0,0
11720,0,1,1,0,0,0,1,0,1,0,0,1,0,1,0,1,0,1
11721,0,1,1,0,0,0,1,0,1,0,0,1,0,1,1,1,0,0
11722,0,1,1,0,0,0,1,0,1,1,0,1,0,1,0,1,0,0
11723,0,1,1,0,0,0,1,0,1,0,0,1,1,1,0,1,0,0
11724,0,1,1,0,0,0,1,0,1,0,0,1,0,1,0,1,1,0
11725,0,1,1,0,0,0,1,0,1,0,1,1,0,0,0,1,0,1
11726,0,1,1,0,0,0,1,0,1,0,1,1,0,0,1,1,0,0
11727,0,1,1,0,0,0,1,0,1,1,1,1,0,0,0,1,0,0
11728,0,1,1,0,0,0,1,0,1,0,1,1,1,0,0,1,0,0
11729,0,1,1,0,0,0,1,0,1,0,1,1,0,0,0,1,1,0
11730,0,1,1,0,0,0,1,0,1,0,0,1,0,0,1,1,0,1
11731,0,1,1,0,0,0,1,0,1,1,0,1,0,0,0,1,0,1
11732,0,1,1,0,0,0,1,0,1,0,0,1,1,0,0,1,0,1
11733,0,1,1,0,0,0,1,0,1,0,0,1,0,0,0,1,1,1
11734,0,1,1,0,0,0,1,0,1,1,0,1,0,0,1,1,0,0
11735,0,1,1,0,0,0,1,0,1,0,0,1,1,0,1,1,0,0
11736,0,1,1,0,0,0,1,0,1,0,0,1,0,0,1,1,1,0
11737,0,1,1,0,0,0,1,0,1,1,0,1,1,0,0,1,0,0
11738,0,1,1,0,0,0,1,0,1,1,0,1,0,0,0,1,1,0
11739,0,1,1,0,0,0,1,0,1,0,0,1,1,0,0,1,1,0
11740,0,1,1,0,0,0,1,0,1,0,1,0,0,1,0,1,0,1
11741,0,1,1,0,0,0,1,0,1,0,1,0,0,1,1,1,0,0
11742,0,1,1,0,0,0,1,0,1,1,1,0,0,1,0,1,0,0
11743,0,1,1,0,0,0,1,0,1,0,1,0,1,1,0,1,0,0
11744,0,1,1,0,0,0,1,0,1,0,1,0,0,1,0,1,1,0
11745,0,1,1,0,0,0,1,0,1,0,0,0,0,1,1,1,0,1
11746,0,1,1,0,0,0,1,0,1,1,0,0,0,1,0,1,0,1
11747,0,1,1,0,0,0,1,0,1,0,0,0,1,1,0,1,0,1
11748,0,1,1,0,0,0,1,0,1,0,0,0,0,1,0,1,1,1
11749,0,1,1,0,0,0,1,0,1,1,0,0,0,1,1,1,0,0
11750,0,1,1,0,0,0,1,0,1,0,0,0,1,1,1,1,0,0
11751,0,1,1,0,0,0,1,0,1,0,0,0,0,1,1,1,1,0
11752,0,1,1,0,0,0,1,0,1,1,0,0,1,1,0,1,0,0
11753,0,1,1,0,0,0,1,0,1,1,0,0,0,1,0,1,1,0
11754,0,1,1,0,0,0,1,0,1,0,0,0,1,1,0,1,1,0
11755,0,1,1,0,0,0,1,0,1,0,1,0,0,0,1,1,0,1
11756,0,1,1,0,0,0,1,0,1,1,1,0,0,0,0,1,0,1
11757,0,1,1,0,0,0,1,0,1,0,1,0,1,0,0,1,0,1
11758,0,1,1,0,0,0,1,0,1,0,1,0,0,0,0,1,1,1
11759,0,1,1,0,0,0,1,0,1,1,1,0,0,0,1,1,0,0
11760,0,1,1,0,0,0,1,0,1,0,1,0,1,0,1,1,0,0
11761,0,1,1,0,0,0,1,0,1,0,1,0,0,0,1,1,1,0
11762,0,1,1,0,0,0,1,0,1,1,1,0,1,0,0,1,0,0
11763,0,1,1,0,0,0,1,0,1,1,1,0,0,0,0,1,1,0
11764,0,1,1,0,0,0,1,0,1,0,1,0,1,0,0,1,1,0
11765,0,1,1,0,0,0,1,0,1,1,0,0,0,0,1,1,0,1
11766,0,1,1,0,0,0,1,0,1,0,0,0,1,0,1,1,0,1
11767,0,1,1,0,0,0,1,0,1,0,0,0,0,0,1,1,1,1
11768,0,1,1,0,0,0,1,0,1,1,0,0,1,0,0,1,0,1
11769,0,1,1,0,0,0,1,0,1,1,0,0,0,0,0,1,1,1
11770,0,1,1,0,0,0,1,0,1,0,0,0,1,0,0,1,1,1
11771,0,1,1,0,0,0,1,0,1,1,0,0,1,0,1,1,0,0
11772,0,1,1,0,0,0,1,0,1,1,0,0,0,0,1,1,1,0
11773,0,1,1,0,0,0,1,0,1,0,0,0,1,0,1,1,1,0
11774,0,1,1,0,0,0,1,0,1,1,0,0,1,0,0,1,1,0
11775,0,1,1,0,0,0,0,0,1,0,1,1,0,1,0,1,0,1
11776,0,1,1,0,0,0,0,0,1,0,1,1,0,1,1,1,0,0
11777,0,1,1,0,0,0,0,0,1,1,1,1,0,1,0,1,0,0
11778,0,1,1,0,0,0,0,0,1,0,1,1,1,1,0,1,0,0
11779,0,1,1,0,0,0,0,0,1,0,1,1,0,1,0,1,1,0
11780,0,1,1,0,0,0,0,0,1,0,0,1,0,1,1,1,0,1
11781,0,1,1,0,0,0,0,0,1,1,0,1,0,1,0,1,0,1
11782,0,1,1,0,0,0,0,0,1,0,0,1,1,1,0,1,0,1
11783,0,1,1,0,0,0,0,0,1,0,0,1,0,1,0,1,1,1
11784,0,1,1,0,0,0,0,0,1,1,0,1,0,1,1,1,0,0
11785,0,1,1,0,0,0,0,0,1,0,0,1,1,1,1,1,0,0
11786,0,1,1,0,0,0,0,0,1,0,0,1,0,1,1,1,1,0
11787,0,1,1,0,0,0,0,0,1,1,0,1,1,1,0,1,0,0
11788,0,1,1,0,0,0,0,0,1,1,0,1,0,1,0,1,1,0
11789,0,1,1,0,0,0,0,0,1,0,0,1,1,1,0,1,1,0
11790,0,1,1,0,0,0,0,0,1,0,1,1,0,0,1,1,0,1
11791,0,1,1,0,0,0,0,0,1,1,1,1,0,0,0,1,0,1
11792,0,1,1,0,0,0,0,0,1,0,1,1,1,0,0,1,0,1
11793,0,1,1,0,0,0,0,0,1,0,1,1,0,0,0,1,1,1
11794,0,1,1,0,0,0,0,0,1,1,1,1,0,0,1,1,0,0
11795,0,1,1,0,0,0,0,0,1,0,1,1,1,0,1,1,0,0
11796,0,1,1,0,0,0,0,0,1,0,1,1,0,0,1,1,1,0
11797,0,1,1,0,0,0,0,0,1,1,1,1,1,0,0,1,0,0
11798,0,1,1,0,0,0,0,0,1,1,1,1,0,0,0,1,1,0
11799,0,1,1,0,0,0,0,0,1,0,1,1,1,0,0,1,1,0
11800,0,1,1,0,0,0,0,0,1,1,0,1,0,0,1,1,0,1
11801,0,1,1,0,0,0,0,0,1,0,0,1,1,0,1,1,0,1
11802,0,1,1,0,0,0,0,0,1,0,0,1,0,0,1,1,1,1
11803,0,1,1,0,0,0,0,0,1,1,0,1,1,0,0,1,0,1
11804,0,1,1,0,0,0,0,0,1,1,0,1,0,0,0,1,1,1
11805,0,1,1,0,0,0,0,0,1,0,0,1,1,0,0,1,1,1
11806,0,1,1,0,0,0,0,0,1,1,0,1,1,0,1,1,0,0
11807,0,1,1,0,0,0,0,0,1,1,0,1,0,0,1,1,1,0
11808,0,1,1,0,0,0,0,0,1,0,0,1,1,0,1,1,1,0
11809,0,1,1,0,0,0,0,0,1,1,0,1,1,0,0,1,1,0
11810,0,1,1,0,0,0,0,0,1,0,1,0,0,1,1,1,0,1
11811,0,1,1,0,0,0,0,0,1,1,1,0,0,1,0,1,0,1
11812,0,1,1,0,0,0,0,0,1,0,1,0,1,1,0,1,0,1
11813,0,1,1,0,0,0,0,0,1,0,1,0,0,1,0,1,1,1
11814,0,1,1,0,0,0,0,0,1,1,1,0,0,1,1,1,0,0
11815,0,1,1,0,0,0,0,0,1,0,1,0,1,1,1,1,0,0
11816,0,1,1,0,0,0,0,0,1,0,1,0,0,1,1,1,1,0
11817,0,1,1,0,0,0,0,0,1,1,1,0,1,1,0,1,0,0
11818,0,1,1,0,0,0,0,0,1,1,1,0,0,1,0,1,1,0
11819,0,1,1,0,0,0,0,0,1,0,1,0,1,1,0,1,1,0
11820,0,1,1,0,0,0,0,0,1,1,0,0,0,1,1,1,0,1
11821,0,1,1,0,0,0,0,0,1,0,0,0,1,1,1,1,0,1
11822,0,1,1,0,0,0,0,0,1,0,0,0,0,1,1,1,1,1
11823,0,1,1,0,0,0,0,0,1,1,0,0,1,1,0,1,0,1
11824,0,1,1,0,0,0,0,0,1,1,0,0,0,1,0,1,1,1
11825,0,1,1,0,0,0,0,0,1,0,0,0,1,1,0,1,1,1
11826,0,1,1,0,0,0,0,0,1,1,0,0,1,1,1,1,0,0
11827,0,1,1,0,0,0,0,0,1,1,0,0,0,1,1,1,1,0
11828,0,1,1,0,0,0,0,0,1,0,0,0,1,1,1,1,1,0
11829,0,1,1,0,0,0,0,0,1,1,0,0,1,1,0,1,1,0
11830,0,1,1,0,0,0,0,0,1,1,1,0,0,0,1,1,0,1
11831,0,1,1,0,0,0,0,0,1,0,1,0,1,0,1,1,0,1
11832,0,1,1,0,0,0,0,0,1,0,1,0,0,0,1,1,1,1
11833,0,1,1,0,0,0,0,0,1,1,1,0,1,0,0,1,0,1
11834,0,1,1,0,0,0,0,0,1,1,1,0,0,0,0,1,1,1
11835,0,1,1,0,0,0,0,0,1,0,1,0,1,0,0,1,1,1
11836,0,1,1,0,0,0,0,0,1,1,1,0,1,0,1,1,0,0
11837,0,1,1,0,0,0,0,0,1,1,1,0,0,0,1,1,1,0
11838,0,1,1,0,0,0,0,0,1,0,1,0,1,0,1,1,1,0
11839,0,1,1,0,0,0,0,0,1,1,1,0,1,0,0,1,1,0
11840,0,1,1,0,0,0,0,0,1,1,0,0,1,0,1,1,0,1
11841,0,1,1,0,0,0,0,0,1,1,0,0,0,0,1,1,1,1
11842,0,1,1,0,0,0,0,0,1,0,0,0,1,0,1,1,1,1
11843,0,1,1,0,0,0,0,0,1,1,0,0,1,0,0,1,1,1
11844,0,1,1,0,0,0,0,0,1,1,0,0,1,0,1,1,1,0
11845,0,1,0,1,0,0,1,0,1,0,1,1,0,1,0,1,0,0
11846,0,1,0,1,0,0,1,0,1,0,0,1,0,1,0,1,0,1
11847,0,1,0,1,0,0,1,0,1,0,0,1,0,1,1,1,0,0
11848,0,1,0,1,0,0,1,0,1,1,0,1,0,1,0,1,0,0
11849,0,1,0,1,0,0,1,0,1,0,0,1,1,1,0,1,0,0
11850,0,1,0,1,0,0,1,0,1,0,0,1,0,1,0,1,1,0
11851,0,1,0,1,0,0,1,0,1,0,1,1,0,0,0,1,0,1
11852,0,1,0,1,0,0,1,0,1,0,1,1,0,0,1,1,0,0
11853,0,1,0,1,0,0,1,0,1,1,1,1,0,0,0,1,0,0
11854,0,1,0,1,0,0,1,0,1,0,1,1,1,0,0,1,0,0
11855,0,1,0,1,0,0,1,0,1,0,1,1,0,0,0,1,1,0
11856,0,1,0,1,0,0,1,0,1,0,0,1,0,0,1,1,0,1
11857,0,1,0,1,0,0,1,0,1,1,0,1,0,0,0,1,0,1
11858,0,1,0,1,0,0,1,0,1,0,0,1,1,0,0,1,0,1
11859,0,1,0,1,0,0,1,0,1,0,0,1,0,0,0,1,1,1
11860,0,1,0,1,0,0,1,0,1,1,0,1,0,0,1,1,0,0
11861,0,1,0,1,0,0,1,0,1,0,0,1,1,0,1,1,0,0
11862,0,1,0,1,0,0,1,0,1,0,0,1,0,0,1,1,1,0
11863,0,1,0,1,0,0,1,0,1,1,0,1,1,0,0,1,0,0
11864,0,1,0,1,0,0,1,0,1,1,0,1,0,0,0,1,1,0
11865,0,1,0,1,0,0,1,0,1,0,0,1,1,0,0,1,1,0
11866,0,1,0,1,0,0,1,0,1,0,1,0,0,1,0,1,0,1
11867,0,1,0,1,0,0,1,0,1,0,1,0,0,1,1,1,0,0
11868,0,1,0,1,0,0,1,0,1,1,1,0,0,1,0,1,0,0
11869,0,1,0,1,0,0,1,0,1,0,1,0,1,1,0,1,0,0
11870,0,1,0,1,0,0,1,0,1,0,1,0,0,1,0,1,1,0
11871,0,1,0,1,0,0,1,0,1,0,0,0,0,1,1,1,0,1
11872,0,1,0,1,0,0,1,0,1,1,0,0,0,1,0,1,0,1
11873,0,1,0,1,0,0,1,0,1,0,0,0,1,1,0,1,0,1
11874,0,1,0,1,0,0,1,0,1,0,0,0,0,1,0,1,1,1
11875,0,1,0,1,0,0,1,0,1,1,0,0,0,1,1,1,0,0
11876,0,1,0,1,0,0,1,0,1,0,0,0,1,1,1,1,0,0
11877,0,1,0,1,0,0,1,0,1,0,0,0,0,1,1,1,1,0
11878,0,1,0,1,0,0,1,0,1,1,0,0,1,1,0,1,0,0
11879,0,1,0,1,0,0,1,0,1,1,0,0,0,1,0,1,1,0
11880,0,1,0,1,0,0,1,0,1,0,0,0,1,1,0,1,1,0
11881,0,1,0,1,0,0,1,0,1,0,1,0,0,0,1,1,0,1
11882,0,1,0,1,0,0,1,0,1,1,1,0,0,0,0,1,0,1
11883,0,1,0,1,0,0,1,0,1,0,1,0,1,0,0,1,0,1
11884,0,1,0,1,0,0,1,0,1,0,1,0,0,0,0,1,1,1
11885,0,1,0,1,0,0,1,0,1,1,1,0,0,0,1,1,0,0
11886,0,1,0,1,0,0,1,0,1,0,1,0,1,0,1,1,0,0
11887,0,1,0,1,0,0,1,0,1,0,1,0,0,0,1,1,1,0
11888,0,1,0,1,0,0,1,0,1,1,1,0,1,0,0,1,0,0
11889,0,1,0,1,0,0,1,0,1,1,1,0,0,0,0,1,1,0
11890,0,1,0,1,0,0,1,0,1,0,1,0,1,0,0,1,1,0
11891,0,1,0,1,0,0,1,0,1,1,0,0,0,0,1,1,0,1
11892,0,1,0,1,0,0,1,0,1,0,0,0,1,0,1,1,0,1
11893,0,1,0,1,0,0,1,0,1,0,0,0,0,0,1,1,1,1
11894,0,1,0,1,0,0,1,0,1,1,0,0,1,0,0,1,0,1
11895,0,1,0,1,0,0,1,0,1,1,0,0,0,0,0,1,1,1
11896,0,1,0,1,0,0,1,0,1,0,0,0,1,0,0,1,1,1
11897,0,1,0,1,0,0,1,0,1,1,0,0,1,0,1,1,0,0
11898,0,1,0,1,0,0,1,0,1,1,0,0,0,0,1,1,1,0
11899,0,1,0,1,0,0,1,0,1,0,0,0,1,0,1,1,1,0
11900,0,1,0,1,0,0,1,0,1,1,0,0,1,0,0,1,1,0
11901,0,1,0,1,0,0,0,0,1,0,1,1,0,1,0,1,0,1
11902,0,1,0,1,0,0,0,0,1,0,1,1,0,1,1,1,0,0
11903,0,1,0,1,0,0,0,0,1,1,1,1,0,1,0,1,0,0
11904,0,1,0,1,0,0,0,0,1,0,1,1,1,1,0,1,0,0
11905,0,1,0,1,0,0,0,0,1,0,1,1,0,1,0,1,1,0
11906,0,1,0,1,0,0,0,0,1,0,0,1,0,1,1,1,0,1
11907,0,1,0,1,0,0,0,0,1,1,0,1,0,1,0,1,0,1
11908,0,1,0,1,0,0,0,0,1,0,0,1,1,1,0,1,0,1
11909,0,1,0,1,0,0,0,0,1,0,0,1,0,1,0,1,1,1
11910,0,1,0,1,0,0,0,0,1,1,0,1,0,1,1,1,0,0
11911,0,1,0,1,0,0,0,0,1,0,0,1,1,1,1,1,0,0
11912,0,1,0,1,0,0,0,0,1,0,0,1,0,1,1,1,1,0
11913,0,1,0,1,0,0,0,0,1,1,0,1,1,1,0,1,0,0
11914,0,1,0,1,0,0,0,0,1,1,0,1,0,1,0,1,1,0
11915,0,1,0,1,0,0,0,0,1,0,0,1,1,1,0,1,1,0
11916,0,1,0,1,0,0,0,0,1,0,1,1,0,0,1,1,0,1
11917,0,1,0,1,0,0,0,0,1,1,1,1,0,0,0,1,0,1
11918,0,1,0,1,0,0,0,0,1,0,1,1,1,0,0,1,0,1
11919,0,1,0,1,0,0,0,0,1,0,1,1,0,0,0,1,1,1
11920,0,1,0,1,0,0,0,0,1,1,1,1,0,0,1,1,0,0
11921,0,1,0,1,0,0,0,0,1,0,1,1,1,0,1,1,0,0
11922,0,1,0,1,0,0,0,0,1,0,1,1,0,0,1,1,1,0
11923,0,1,0,1,0,0,0,0,1,1,1,1,1,0,0,1,0,0
11924,0,1,0,1,0,0,0,0,1,1,1,1,0,0,0,1,1,0
11925,0,1,0,1,0,0,0,0,1,0,1,1,1,0,0,1,1,0
11926,0,1,0,1,0,0,0,0,1,1,0,1,0,0,1,1,0,1
11927,0,1,0,1,0,0,0,0,1,0,0,1,1,0,1,1,0,1
11928,0,1,0,1,0,0,0,0,1,0,0,1,0,0,1,1,1,1
11929,0,1,0,1,0,0,0,0,1,1,0,1,1,0,0,1,0,1
11930,0,1,0,1,0,0,0,0,1,1,0,1,0,0,0,1,1,1
11931,0,1,0,1,0,0,0,0,1,0,0,1,1,0,0,1,1,1
11932,0,1,0,1,0,0,0,0,1,1,0,1,1,0,1,1,0,0
11933,0,1,0,1,0,0,0,0,1,1,0,1,0,0,1,1,1,0
11934,0,1,0,1,0,0,0,0,1,0,0,1,1,0,1,1,1,0
11935,0,1,0,1,0,0,0,0,1,1,0,1,1,0,0,1,1,0
11936,0,1,0,1,0,0,0,0,1,0,1,0,0,1,1,1,0,1
11937,0,1,0,1,0,0,0,0,1,1,1,0,0,1,0,1,0,1
11938,0,1,0,1,0,0,0,0,1,0,1,0,1,1,0,1,0,1
11939,0,1,0,1,0,0,0,0,1,0,1,0,0,1,0,1,1,1
11940,0,1,0,1,0,0,0,0,1,1,1,0,0,1,1,1,0,0
11941,0,1,0,1,0,0,0,0,1,0,1,0,1,1,1,1,0,0
11942,0,1,0,1,0,0,0,0,1,0,1,0,0,1,1,1,1,0
11943,0,1,0,1,0,0,0,0,1,1,1,0,1,1,0,1,0,0
11944,0,1,0,1,0,0,0,0,1,1,1,0,0,1,0,1,1,0
11945,0,1,0,1,0,0,0,0,1,0,1,0,1,1,0,1,1,0
11946,0,1,0,1,0,0,0,0,1,1,0,0,0,1,1,1,0,1
11947,0,1,0,1,0,0,0,0,1,0,0,0,1,1,1,1,0,1
11948,0,1,0,1,0,0,0,0,1,0,0,0,0,1,1,1,1,1
11949,0,1,0,1,0,0,0,0,1,1,0,0,1,1,0,1,0,1
11950,0,1,0,1,0,0,0,0,1,1,0,0,0,1,0,1,1,1
11951,0,1,0,1,0,0,0,0,1,0,0,0,1,1,0,1,1,1
11952,0,1,0,1,0,0,0,0,1,1,0,0,1,1,1,1,0,0
11953,0,1,0,1,0,0,0,0,1,1,0,0,0,1,1,1,1,0
11954,0,1,0,1,0,0,0,0,1,0,0,0,1,1,1,1,1,0
11955,0,1,0,1,0,0,0,0,1,1,0,0,1,1,0,1,1,0
11956,0,1,0,1,0,0,0,0,1,1,1,0,0,0,1,1,0,1
11957,0,1,0,1,0,0,0,0,1,0,1,0,1,0,1,1,0,1
11958,0,1,0,1,0,0,0,0,1,0,1,0,0,0,1,1,1,1
11959,0,1,0,1,0,0,0,0,1,1,1,0,1,0,0,1,0,1
11960,0,1,0,1,0,0,0,0,1,1,1,0,0,0,0,1,1,1
11961,0,1,0,1,0,0,0,0,1,0,1,0,1,0,0,1,1,1
11962,0,1,0,1,0,0,0,0,1,1,1,0,1,0,1,1,0,0
11963,0,1,0,1,0,0,0,0,1,1,1,0,0,0,1,1,1,0
11964,0,1,0,1,0,0,0,0,1,0,1,0,1,0,1,1,1,0
11965,0,1,0,1,0,0,0,0,1,1,1,0,1,0,0,1,1,0
11966,0,1,0,1,0,0,0,0,1,1,0,0,1,0,1,1,0,1
11967,0,1,0,1,0,0,0,0,1,1,0,0,0,0,1,1,1,1
11968,0,1,0,1,0,0,0,0,1,0,0,0,1,0,1,1,1,1
11969,0,1,0,1,0,0,0,0,1,1,0,0,1,0,0,1,1,1
11970,0,1,0,1,0,0,0,0,1,1,0,0,1,0,1,1,1,0
11971,1,0,0,0,0,1,1,0,1,0,1,1,0,1,0,1,0,0
11972,1,0,0,0,0,1,1,0,1,0,0,1,0,1,0,1,0,1
11973,1,0,0,0,0,1,1,0,1,0,0,1,0,1,1,1,0,0
11974,1,0,0,0,0,1,1,0,1,1,0,1,0,1,0,1,0,0
11975,1,0,0,0,0,1,1,0,1,0,0,1,1,1,0,1,0,0
11976,1,0,0,0,0,1,1,0,1,0,0,1,0,1,0,1,1,0
11977,1,0,0,0,0,1,1,0,1,0,1,1,0,0,0,1,0,1
11978,1,0,0,0,0,1,1,0,1,0,1,1,0,0,1,1,0,0
11979,1,0,0,0,0,1,1,0,1,1,1,1,0,0,0,1,0,0
11980,1,0,0,0,0,1,1,0,1,0,1,1,1,0,0,1,0,0
11981,1,0,0,0,0,1,1,0,1,0,1,1,0,0,0,1,1,0
11982,1,0,0,0,0,1,1,0,1,0,0,1,0,0,1,1,0,1
11983,1,0,0,0,0,1,1,0,1,1,0,1,0,0,0,1,0,1
11984,1,0,0,0,0,1,1,0,1,0,0,1,1,0,0,1,0,1
11985,1,0,0,0,0,1,1,0,1,0,0,1,0,0,0,1,1,1
11986,1,0,0,0,0,1,1,0,1,1,0,1,0,0,1,1,0,0
11987,1,0,0,0,0,1,1,0,1,0,0,1,1,0,1,1,0,0
11988,1,0,0,0,0,1,1,0,1,0,0,1,0,0,1,1,1,0
11989,1,0,0,0,0,1,1,0,1,1,0,1,1,0,0,1,0,0
11990,1,0,0,0,0,1,1,0,1,1,0,1,0,0,0,1,1,0
11991,1,0,0,0,0,1,1,0,1,0,0,1,1,0,0,1,1,0
11992,1,0,0,0,0,1,1,0,1,0,1,0,0,1,0,1,0,1
11993,1,0,0,0,0,1,1,0,1,0,1,0,0,1,1,1,0,0
11994,1,0,0,0,0,1,1,0,1,1,1,0,0,1,0,1,0,0
11995,1,0,0,0,0,1,1,0,1,0,1,0,1,1,0,1,0,0
11996,1,0,0,0,0,1,1,0,1,0,1,0,0,1,0,1,1,0
11997,1,0,0,0,0,1,1,0,1,0,0,0,0,1,1,1,0,1
11998,1,0,0,0,0,1,1,0,1,1,0,0,0,1,0,1,0,1
11999,1,0,0,0,0,1,1,0,1,0,0,0,1,1,0,1,0,1
12000,1,0,0,0,0,1,1,0,1,0,0,0,0,1,0,1,1,1
12001,1,0,0,0,0,1,1,0,1,1,0,0,0,1,1,1,0,0
12002,1,0,0,0,0,1,1,0,1,0,0,0,1,1,1,1,0,0
12003,1,0,0,0,0,1,1,0,1,0,0,0,0,1,1,1,1,0
12004,1,0,0,0,0,1,1,0,1,1,0,0,1,1,0,1,0,0
12005,1,0,0,0,0,1,1,0,1,1,0,0,0,1,0,1,1,0
12006,1,0,0,0,0,1,1,0,1,0,0,0,1,1,0,1,1,0
12007,1,0,0,0,0,1,1,0,1,0,1,0,0,0,1,1,0,1
12008,1,0,0,0,0,1,1,0,1,1,1,0,0,0,0,1,0,1
12009,1,0,0,0,0,1,1,0,1,0,1,0,1,0,0,1,0,1
12010,1,0,0,0,0,1,1,0,1,0,1,0,0,0,0,1,1,1
12011,1,0,0,0,0,1,1,0,1,1,1,0,0,0,1,1,0,0
12012,1,0,0,0,0,1,1,0,1,0,1,0,1,0,1,1,0,0
12013,1,0,0,0,0,1,1,0,1,0,1,0,0,0,1,1,1,0
12014,1,0,0,0,0,1,1,0,1,1,1,0,1,0,0,1,0,0
12015,1,0,0,0,0,1,1,0,1,1,1,0,0,0,0,1,1,0
12016,1,0,0,0,0,1,1,0,1,0,1,0,1,0,0,1,1,0
12017,1,0,0,0,0,1,1,0,1,1,0,0,0,0,1,1,0,1
12018,1,0,0,0,0,1,1,0,1,0,0,0,1,0,1,1,0,1
12019,1,0,0,0,0,1,1,0,1,0,0,0,0,0,1,1,1,1
12020,1,0,0,0,0,1,1,0,1,1,0,0,1,0,0,1,0,1
12021,1,0,0,0,0,1,1,0,1,1,0,0,0,0,0,1,1,1
12022,1,0,0,0,0,1,1,0,1,0,0,0,1,0,0,1,1,1
12023,1,0,0,0,0,1,1,0,1,1,0,0,1,0,1,1,0,0
12024,1,0,0,0,0,1,1,0,1,1,0,0,0,0,1,1,1,0
12025,1,0,0,0,0,1,1,0,1,0,0,0,1,0,1,1,1,0
12026,1,0,0,0,0,1,1,0,1,1,0,0,1,0,0,1,1,0
12027,1,0,0,0,0,1,0,0,1,0,1,1,0,1,0,1,0,1
12028,1,0,0,0,0,1,0,0,1,0,1,1,0,1,1,1,0,0
12029,1,0,0,0,0,1,0,0,1,1,1,1,0,1,0,1,0,0
12030,1,0,0,0,0,1,0,0,1,0,1,1,1,1,0,1,0,0
12031,1,0,0,0,0,1,0,0,1,0,1,1,0,1,0,1,1,0
12032,1,0,0,0,0,1,0,0,1,0,0,1,0,1,1,1,0,1
12033,1,0,0,0,0,1,0,0,1,1,0,1,0,1,0,1,0,1
12034,1,0,0,0,0,1,0,0,1,0,0,1,1,1,0,1,0,1
12035,1,0,0,0,0,1,0,0,1,0,0,1,0,1,0,1,1,1
12036,1,0,0,0,0,1,0,0,1,1,0,1,0,1,1,1,0,0
12037,1,0,0,0,0,1,0,0,1,0,0,1,1,1,1,1,0,0
12038,1,0,0,0,0,1,0,0,1,0,0,1,0,1,1,1,1,0
12039,1,0,0,0,0,1,0,0,1,1,0,1,1,1,0,1,0,0
12040,1,0,0,0,0,1,0,0,1,1,0,1,0,1,0,1,1,0
12041,1,0,0,0,0,1,0,0,1,0,0,1,1,1,0,1,1,0
12042,1,0,0,0,0,1,0,0,1,0,1,1,0,0,1,1,0,1
12043,1,0,0,0,0,1,0,0,1,1,1,1,0,0,0,1,0,1
12044,1,0,0,0,0,1,0,0,1,0,1,1,1,0,0,1,0,1
12045,1,0,0,0,0,1,0,0,1,0,1,1,0,0,0,1,1,1
12046,1,0,0,0,0,1,0,0,1,1,1,1,0,0,1,1,0,0
12047,1,0,0,0,0,1,0,0,1,0,1,1,1,0,1,1,0,0
12048,1,0,0,0,0,1,0,0,1,0,1,1,0,0,1,1,1,0
12049,1,0,0,0,0,1,0,0,1,1,1,1,1,0,0,1,0,0
12050,1,0,0,0,0,1,0,0,1,1,1,1,0,0,0,1,1,0
12051,1,0,0,0,0,1,0,0,1,0,1,1,1,0,0,1,1,0
12052,1,0,0,0,0,1,0,0,1,1,0,1,0,0,1,1,0,1
12053,1,0,0,0,0,1,0,0,1,0,0,1,1,0,1,1,0,1
12054,1,0,0,0,0,1,0,0,1,0,0,1,0,0,1,1,1,1
12055,1,0,0,0,0,1,0,0,1,1,0,1,1,0,0,1,0,1
12056,1,0,0,0,0,1,0,0,1,1,0,1,0,0,0,1,1,1
12057,1,0,0,0,0,1,0,0,1,0,0,1,1,0,0,1,1,1
12058,1,0,0,0,0,1,0,0,1,1,0,1,1,0,1,1,0,0
12059,1,0,0,0,0,1,0,0,1,1,0,1,0,0,1,1,1,0
12060,1,0,0,0,0,1,0,0,1,0,0,1,1,0,1,1,1,0
12061,1,0,0,0,0,1,0,0,1,1,0,1,1,0,0,1,1,0
12062,1,0,0,0,0,1,0,0,1,0,1,0,0,1,1,1,0,1
12063,1,0,0,0,0,1,0,0,1,1,1,0,0,1,0,1,0,1
12064,1,0,0,0,0,1,0,0,1,0,1,0,1,1,0,1,0,1
12065,1,0,0,0,0,1,0,0,1,0,1,0,0,1,0,1,1,1
12066,1,0,0,0,0,1,0,0,1,1,1,0,0,1,1,1,0,0
12067,1,0,0,0,0,1,0,0,1,0,1,0,1,1,1,1,0,0
12068,1,0,0,0,0,1,0,0,1,0,1,0,0,1,1,1,1,0
12069,1,0,0,0,0,1,0,0,1,1,1,0,1,1,0,1,0,0
12070,1,0,0,0,0,1,0,0,1,1,1,0,0,1,0,1,1,0
12071,1,0,0,0,0,1,0,0,1,0,1,0,1,1,0,1,1,0
12072,1,0,0,0,0,1,0,0,1,1,0,0,0,1,1,1,0,1
12073,1,0,0,0,0,1,0,0,1,0,0,0,1,1,1,1,0,1
12074,1,0,0,0,0,1,0,0,1,0,0,0,0,1,1,1,1,1
12075,1,0,0,0,0,1,0,0,1,1,0,0,1,1,0,1,0,1
12076,1,0,0,0,0,1,0,0,1,1,0,0,0,1,0,1,1,1
12077,1,0,0,0,0,1,0,0,1,0,0,0,1,1,0,1,1,1
12078,1,0,0,0,0,1,0,0,1,1,0,0,1,1,1,1,0,0
12079,1,0,0,0,0,1,0,0,1,1,0,0,0,1,1,1,1,0
12080,1,0,0,0,0,1,0,0,1,0,0,0,1,1,1,1,1,0
12081,1,0,0,0,0,1,0,0,1,1,0,0,1,1,0,1,1,0
12082,1,0,0,0,0,1,0,0,1,1,1,0,0,0,1,1,0,1
12083,1,0,0,0,0,1,0,0,1,0,1,0,1,0,1,1,0,1
12084,1,0,0,0,0,1,0,0,1,0,1,0,0,0,1,1,1,1
12085,1,0,0,0,0,1,0,0,1,1,1,0,1,0,0,1,0,1
12086,1,0,0,0,0,1,0,0,1,1,1,0,0,0,0,1,1,1
12087,1,0,0,0,0,1,0,0,1,0,1,0,1,0,0,1,1,1
12088,1,0,0,0,0,1,0,0,1,1,1,0,1,0,1,1,0,0
12089,1,0,0,0,0,1,0,0,1,1,1,0,0,0,1,1,1,0
12090,1,0,0,0,0,1,0,0,1,0,1,0,1,0,1,1,1,0
12091,1,0,0,0,0,1,0,0,1,1,1,0,1,0,0,1,1,0
12092,1,0,0,0,0,1,0,0,1,1,0,0,1,0,1,1,0,1
12093,1,0,0,0,0,1,0,0,1,1,0,0,0,0,1,1,1,1
12094,1,0,0,0,0,1,0,0,1,0,0,0,1,0,1,1,1,1
12095,1,0,0,0,0,1,0,0,1,1,0,0,1,0,0,1,1,1
12096,1,0,0,0,0,1,0,0,1,1,0,0,1,0,1,1,1,0
12097,0,0,1,0,0,1,1,0,1,0,1,1,0,1,0,1,0,0
12098,0,0,1,0,0,1,1,0,1,0,0,1,0,1,0,1,0,1
12099,0,0,1,0,0,1,1,0,1,0,0,1,0,1,1,1,0,0
12100,0,0,1,0,0,1,1,0,1,1,0,1,0,1,0,1,0,0
12101,0,0,1,0,0,1,1,0,1,0,0,1,1,1,0,1,0,0
12102,0,0,1,0,0,1,1,0,1,0,0,1,0,1,0,1,1,0
12103,0,0,1,0,0,1,1,0,1,0,1,1,0,0,0,1,0,1
12104,0,0,1,0,0,1,1,0,1,0,1,1,0,0,1,1,0,0
12105,0,0,1,0,0,1,1,0,1,1,1,1,0,0,0,1,0,0
12106,0,0,1,0,0,1,1,0,1,0,1,1,1,0,0,1,0,0
12107,0,0,1,0,0,1,1,0,1,0,1,1,0,0,0,1,1,0
12108,0,0,1,0,0,1,1,0,1,0,0,1,0,0,1,1,0,1
12109,0,0,1,0,0,1,1,0,1,1,0,1,0,0,0,1,0,1
12110,0,0,1,0,0,1,1,0,1,0,0,1,1,0,0,1,0,1
12111,0,0,1,0,0,1,1,0,1,0,0,1,0,0,0,1,1,1
12112,0,0,1,0,0,1,1,0,1,1,0,1,0,0,1,1,0,0
12113,0,0,1,0,0,1,1,0,1,0,0,1,1,0,1,1,0,0
12114,0,0,1,0,0,1,1,0,1,0,0,1,0,0,1,1,1,0
12115,0,0,1,0,0,1,1,0,1,1,0,1,1,0,0,1,0,0
12116,0,0,1,0,0,1,1,0,1,1,0,1,0,0,0,1,1,0
12117,0,0,1,0,0,1,1,0,1,0,0,1,1,0,0,1,1,0
12118,0,0,1,0,0,1,1,0,1,0,1,0,0,1,0,1,0,1
12119,0,0,1,0,0,1,1,0,1,0,1,0,0,1,1,1,0,0
12120,0,0,1,0,0,1,1,0,1,1,1,0,0,1,0,1,0,0
12121,0,0,1,0,0,1,1,0,1,0,1,0,1,1,0,1,0,0
12122,0,0,1,0,0,1,1,0,1,0,1,0,0,1,0,1,1,0
12123,0,0,1,0,0,1,1,0,1,0,0,0,0,1,1,1,0,1
12124,0,0,1,0,0,1,1,0,1,1,0,0,0,1,0,1,0,1
12125,0,0,1,0,0,1,1,0,1,0,0,0,1,1,0,1,0,1
12126,0,0,1,0,0,1,1,0,1,0,0,0,0,1,0,1,1,1
12127,0,0,1,0,0,1,1,0,1,1,0,0,0,1,1,1,0,0
12128,0,0,1,0,0,1,1,0,1,0,0,0,1,1,1,1,0,0
12129,0,0,1,0,0,1,1,0,1,0,0,0,0,1,1,1,1,0
12130,0,0,1,0,0,1,1,0,1,1,0,0,1,1,0,1,0,0
12131,0,0,1,0,0,1,1,0,1,1,0,0,0,1,0,1,1,0
12132,0,0,1,0,0,1,1,0,1,0,0,0,1,1,0,1,1,0
12133,0,0,1,0,0,1,1,0,1,0,1,0,0,0,1,1,0,1
12134,0,0,1,0,0,1,1,0,1,1,1,0,0,0,0,1,0,1
12135,0,0,1,0,0,1,1,0,1,0,1,0,1,0,0,1,0,1
12136,0,0,1,0,0,1,1,0,1,0,1,0,0,0,0,1,1,1
12137,0,0,1,0,0,1,1,0,1,1,1,0,0,0,1,1,0,0
12138,0,0,1,0,0,1,1,0,1,0,1,0,1,0,1,1,0,0
12139,0,0,1,0,0,1,1,0,1,0,1,0,0,0,1,1,1,0
12140,0,0,1,0,0,1,1,0,1,1,1,0,1,0,0,1,0,0
12141,0,0,1,0,0,1,1,0,1,1,1,0,0,0,0,1,1,0
12142,0,0,1,0,0,1,1,0,1,0,1,0,1,0,0,1,1,0
12143,0,0,1,0,0,1,1,0,1,1,0,0,0,0,1,1,0,1
12144,0,0,1,0,0,1,1,0,1,0,0,0,1,0,1,1,0,1
12145,0,0,1,0,0,1,1,0,1,0,0,0,0,0,1,1,1,1
12146,0,0,1,0,0,1,1,0,1,1,0,0,1,0,0,1,0,1
12147,0,0,1,0,0,1,1,0,1,1,0,0,0,0,0,1,1,1
12148,0,0,1,0,0,1,1,0,1,0,0,0,1,0,0,1,1,1
12149,0,0,1,0,0,1,1,0,1,1,0,0,1,0,1,1,0,0
12150,0,0,1,0,0,1,1,0,1,1,0,0,0,0,1,1,1,0
12151,0,0,1,0,0,1,1,0,1,0,0,0,1,0,1,1,1,0
12152,0,0,1,0,0,1,1,0,1,1,0,0,1,0,0,1,1,0
12153,0,0,1,0,0,1,0,0,1,0,1,1,0,1,0,1,0,1
12154,0,0,1,0,0,1,0,0,1,0,1,1,0,1,1,1,0,0
12155,0,0,1,0,0,1,0,0,1,1,1,1,0,1,0,1,0,0
12156,0,0,1,0,0,1,0,0,1,0,1,1,1,1,0,1,0,0
12157,0,0,1,0,0,1,0,0,1,0,1,1,0,1,0,1,1,0
12158,0,0,1,0,0,1,0,0,1,0,0,1,0,1,1,1,0,1
12159,0,0,1,0,0,1,0,0,1,1,0,1,0,1,0,1,0,1
12160,0,0,1,0,0,1,0,0,1,0,0,1,1,1,0,1,0,1
12161,0,0,1,0,0,1,0,0,1,0,0,1,0,1,0,1,1,1
12162,0,0,1,0,0,1,0,0,1,1,0,1,0,1,1,1,0,0
12163,0,0,1,0,0,1,0,0,1,0,0,1,1,1,1,1,0,0
12164,0,0,1,0,0,1,0,0,1,0,0,1,0,1,1,1,1,0
12165,0,0,1,0,0,1,0,0,1,1,0,1,1,1,0,1,0,0
12166,0,0,1,0,0,1,0,0,1,1,0,1,0,1,0,1,1,0
12167,0,0,1,0,0,1,0,0,1,0,0,1,1,1,0,1,1,0
12168,0,0,1,0,0,1,0,0,1,0,1,1,0,0,1,1,0,1
12169,0,0,1,0,0,1,0,0,1,1,1,1,0,0,0,1,0,1
12170,0,0,1,0,0,1,0,0,1,0,1,1,1,0,0,1,0,1
12171,0,0,1,0,0,1,0,0,1,0,1,1,0,0,0,1,1,1
12172,0,0,1,0,0,1,0,0,1,1,1,1,0,0,1,1,0,0
12173,0,0,1,0,0,1,0,0,1,0,1,1,1,0,1,1,0,0
12174,0,0,1,0,0,1,0,0,1,0,1,1,0,0,1,1,1,0
12175,0,0,1,0,0,1,0,0,1,1,1,1,1,0,0,1,0,0
12176,0,0,1,0,0,1,0,0,1,1,1,1,0,0,0,1,1,0
12177,0,0,1,0,0,1,0,0,1,0,1,1,1,0,0,1,1,0
12178,0,0,1,0,0,1,0,0,1,1,0,1,0,0,1,1,0,1
12179,0,0,1,0,0,1,0,0,1,0,0,1,1,0,1,1,0,1
12180,0,0,1,0,0,1,0,0,1,0,0,1,0,0,1,1,1,1
12181,0,0,1,0,0,1,0,0,1,1,0,1,1,0,0,1,0,1
12182,0,0,1,0,0,1,0,0,1,1,0,1,0,0,0,1,1,1
12183,0,0,1,0,0,1,0,0,1,0,0,1,1,0,0,1,1,1
12184,0,0,1,0,0,1,0,0,1,1,0,1,1,0,1,1,0,0
12185,0,0,1,0,0,1,0,0,1,1,0,1,0,0,1,1,1,0
12186,0,0,1,0,0,1,0,0,1,0,0,1,1,0,1,1,1,0
12187,0,0,1,0,0,1,0,0,1,1,0,1,1,0,0,1,1,0
12188,0,0,1,0,0,1,0,0,1,0,1,0,0,1,1,1,0,1
12189,0,0,1,0,0,1,0,0,1,1,1,0,0,1,0,1,0,1
12190,0,0,1,0,0,1,0,0,1,0,1,0,1,1,0,1,0,1
12191,0,0,1,0,0,1,0,0,1,0,1,0,0,1,0,1,1,1
12192,0,0,1,0,0,1,0,0,1,1,1,0,0,1,1,1,0,0
12193,0,0,1,0,0,1,0,0,1,0,1,0,1,1,1,1,0,0
12194,0,0,1,0,0,1,0,0,1,0,1,0,0,1,1,1,1,0
12195,0,0,1,0,0,1,0,0,1,1,1,0,1,1,0,1,0,0
12196,0,0,1,0,0,1,0,0,1,1,1,0,0,1,0,1,1,0
12197,0,0,1,0,0,1,0,0,1,0,1,0,1,1,0,1,1,0
12198,0,0,1,0,0,1,0,0,1,1,0,0,0,1,1,1,0,1
12199,0,0,1,0,0,1,0,0,1,0,0,0,1,1,1,1,0,1
12200,0,0,1,0,0,1,0,0,1,0,0,0,0,1,1,1,1,1
12201,0,0,1,0,0,1,0,0,1,1,0,0,1,1,0,1,0,1
12202,0,0,1,0,0,1,0,0,1,1,0,0,0,1,0,1,1,1
12203,0,0,1,0,0,1,0,0,1,0,0,0,1,1,0,1,1,1
12204,0,0,1,0,0,1,0,0,1,1,0,0,1,1,1,1,0,0
12205,0,0,1,0,0,1,0,0,1,1,0,0,0,1,1,1,1,0
12206,0,0,1,0,0,1,0,0,1,0,0,0,1,1,1,1,1,0
12207,0,0,1,0,0,1,0,0,1,1,0,0,1,1,0,1,1,0
12208,0,0,1,0,0,1,0,0,1,1,1,0,0,0,1,1,0,1
12209,0,0,1,0,0,1,0,0,1,0,1,0,1,0,1,1,0,1
12210,0,0,1,0,0,1,0,0,1,0,1,0,0,0,1,1,1,1
12211,0,0,1,0,0,1,0,0,1,1,1,0,1,0,0,1,0,1
12212,0,0,1,0,0,1,0,0,1,1,1,0,0,0,0,1,1,1
12213,0,0,1,0,0,1,0,0,1,0,1,0,1,0,0,1,1,1
12214,0,0,1,0,0,1,0,0,1,1,1,0,1,0,1,1,0,0
12215,0,0,1,0,0,1,0,0,1,1,1,0,0,0,1,1,1,0
12216,0,0,1,0,0,1,0,0,1,0,1,0,1,0,1,1,1,0
12217,0,0,1,0,0,1,0,0,1,1,1,0,1,0,0,1,1,0
12218,0,0,1,0,0,1,0,0,1,1,0,0,1,0,1,1,0,1
12219,0,0,1,0,0,1,0,0,1,1,0,0,0,0,1,1,1,1
12220,0,0,1,0,0,1,0,0,1,0,0,0,1,0,1,1,1,1
12221,0,0,1,0,0,1,0,0,1,1,0,0,1,0,0,1,1,1
12222,0,0,1,0,0,1,0,0,1,1,0,0,1,0,1,1,1,0
12223,0,0,0,1,0,1,1,0,1,0,1,1,0,1,0,1,0,0
12224,0,0,0,1,0,1,1,0,1,0,0,1,0,1,0,1,0,1
12225,0,0,0,1,0,1,1,0,1,0,0,1,0,1,1,1,0,0
12226,0,0,0,1,0,1,1,0,1,1,0,1,0,1,0,1,0,0
12227,0,0,0,1,0,1,1,0,1,0,0,1,1,1,0,1,0,0
12228,0,0,0,1,0,1,1,0,1,0,0,1,0,1,0,1,1,0
12229,0,0,0,1,0,1,1,0,1,0,1,1,0,0,0,1,0,1
12230,0,0,0,1,0,1,1,0,1,0,1,1,0,0,1,1,0,0
12231,0,0,0,1,0,1,1,0,1,1,1,1,0,0,0,1,0,0
12232,0,0,0,1,0,1,1,0,1,0,1,1,1,0,0,1,0,0
12233,0,0,0,1,0,1,1,0,1,0,1,1,0,0,0,1,1,0
12234,0,0,0,1,0,1,1,0,1,0,0,1,0,0,1,1,0,1
12235,0,0,0,1,0,1,1,0,1,1,0,1,0,0,0,1,0,1
12236,0,0,0,1,0,1,1,0,1,0,0,1,1,0,0,1,0,1
12237,0,0,0,1,0,1,1,0,1,0,0,1,0,0,0,1,1,1
12238,0,0,0,1,0,1,1,0,1,1,0,1,0,0,1,1,0,0
12239,0,0,0,1,0,1,1,0,1,0,0,1,1,0,1,1,0,0
12240,0,0,0,1,0,1,1,0,1,0,0,1,0,0,1,1,1,0
12241,0,0,0,1,0,1,1,0,1,1,0,1,1,0,0,1,0,0
12242,0,0,0,1,0,1,1,0,1,1,0,1,0,0,0,1,1,0
12243,0,0,0,1,0,1,1,0,1,0,0,1,1,0,0,1,1,0
12244,0,0,0,1,0,1,1,0,1,0,1,0,0,1,0,1,0,1
12245,0,0,0,1,0,1,1,0,1,0,1,0,0,1,1,1,0,0
12246,0,0,0,1,0,1,1,0,1,1,1,0,0,1,0,1,0,0
12247,0,0,0,1,0,1,1,0,1,0,1,0,1,1,0,1,0,0
12248,0,0,0,1,0,1,1,0,1,0,1,0,0,1,0,1,1,0
12249,0,0,0,1,0,1,1,0,1,0,0,0,0,1,1,1,0,1
12250,0,0,0,1,0,1,1,0,1,1,0,0,0,1,0,1,0,1
12251,0,0,0,1,0,1,1,0,1,0,0,0,1,1,0,1,0,1
12252,0,0,0,1,0,1,1,0,1,0,0,0,0,1,0,1,1,1
12253,0,0,0,1,0,1,1,0,1,1,0,0,0,1,1,1,0,0
12254,0,0,0,1,0,1,1,0,1,0,0,0,1,1,1,1,0,0
12255,0,0,0,1,0,1,1,0,1,0,0,0,0,1,1,1,1,0
12256,0,0,0,1,0,1,1,0,1,1,0,0,1,1,0,1,0,0
12257,0,0,0,1,0,1,1,0,1,1,0,0,0,1,0,1,1,0
12258,0,0,0,1,0,1,1,0,1,0,0,0,1,1,0,1,1,0
12259,0,0,0,1,0,1,1,0,1,0,1,0,0,0,1,1,0,1
12260,0,0,0,1,0,1,1,0,1,1,1,0,0,0,0,1,0,1
12261,0,0,0,1,0,1,1,0,1,0,1,0,1,0,0,1,0,1
12262,0,0,0,1,0,1,1,0,1,0,1,0,0,0,0,1,1,1
12263,0,0,0,1,0,1,1,0,1,1,1,0,0,0,1,1,0,0
12264,0,0,0,1,0,1,1,0,1,0,1,0,1,0,1,1,0,0
12265,0,0,0,1,0,1,1,0,1,0,1,0,0,0,1,1,1,0
12266,0,0,0,1,0,1,1,0,1,1,1,0,1,0,0,1,0,0
12267,0,0,0,1,0,1,1,0,1,1,1,0,0,0,0,1,1,0
12268,0,0,0,1,0,1,1,0,1,0,1,0,1,0,0,1,1,0
12269,0,0,0,1,0,1,1,0,1,1,0,0,0,0,1,1,0,1
12270,0,0,0,1,0,1,1,0,1,0,0,0,1,0,1,1,0,1
12271,0,0,0,1,0,1,1,0,1,0,0,0,0,0,1,1,1,1
12272,0,0,0,1,0,1,1,0,1,1,0,0,1,0,0,1,0,1
12273,0,0,0,1,0,1,1,0,1,1,0,0,0,0,0,1,1,1
12274,0,0,0,1,0,1,1,0,1,0,0,0,1,0,0,1,1,1
12275,0,0,0,1,0,1,1,0,1,1,0,0,1,0,1,1,0,0
12276,0,0,0,1,0,1,1,0,1,1,0,0,0,0,1,1,1,0
12277,0,0,0,1,0,1,1,0,1,0,0,0,1,0,1,1,1,0
12278,0,0,0,1,0,1,1,0,1,1,0,0,1,0,0,1,1,0
12279,0,0,0,1,0,1,0,0,1,0,1,1,0,1,0,1,0,1
12280,0,0,0,1,0,1,0,0,1,0,1,1,0,1,1,1,0,0
12281,0,0,0,1,0,1,0,0,1,1,1,1,0,1,0,1,0,0
12282,0,0,0,1,0,1,0,0,1,0,1,1,1,1,0,1,0,0
12283,0,0,0,1,0,1,0,0,1,0,1,1,0,1,0,1,1,0
12284,0,0,0,1,0,1,0,0,1,0,0,1,0,1,1,1,0,1
12285,0,0,0,1,0,1,0,0,1,1,0,1,0,1,0,1,0,1
12286,0,0,0,1,0,1,0,0,1,0,0,1,1,1,0,1,0,1
12287,0,0,0,1,0,1,0,0,1,0,0,1,0,1,0,1,1,1
12288,0,0,0,1,0,1,0,0,1,1,0,1,0,1,1,1,0,0
12289,0,0,0,1,0,1,0,0,1,0,0,1,1,1,1,1,0,0
12290,0,0,0,1,0,1,0,0,1,0,0,1,0,1,1,1,1,0
12291,0,0,0,1,0,1,0,0,1,1,0,1,1,1,0,1,0,0
12292,0,0,0,1,0,1,0,0,1,1,0,1,0,1,0,1,1,0
12293,0,0,0,1,0,1,0,0,1,0,0,1,1,1,0,1,1,0
12294,0,0,0,1,0,1,0,0,1,0,1,1,0,0,1,1,0,1
12295,0,0,0,1,0,1,0,0,1,1,1,1,0,0,0,1,0,1
12296,0,0,0,1,0,1,0,0,1,0,1,1,1,0,0,1,0,1
12297,0,0,0,1,0,1,0,0,1,0,1,1,0,0,0,1,1,1
12298,0,0,0,1,0,1,0,0,1,1,1,1,0,0,1,1,0,0
12299,0,0,0,1,0,1,0,0,1,0,1,1,1,0,1,1,0,0
12300,0,0,0,1,0,1,0,0,1,0,1,1,0,0,1,1,1,0
12301,0,0,0,1,0,1,0,0,1,1,1,1,1,0,0,1,0,0
12302,0,0,0,1,0,1,0,0,1,1,1,1,0,0,0,1,1,0
12303,0,0,0,1,0,1,0,0,1,0,1,1,1,0,0,1,1,0
12304,0,0,0,1,0,1,0,0,1,1,0,1,0,0,1,1,0,1
12305,0,0,0,1,0,1,0,0,1,0,0,1,1,0,1,1,0,1
12306,0,0,0,1,0,1,0,0,1,0,0,1,0,0,1,1,1,1
12307,0,0,0,1,0,1,0,0,1,1,0,1,1,0,0,1,0,1
12308,0,0,0,1,0,1,0,0,1,1,0,1,0,0,0,1,1,1
12309,0,0,0,1,0,1,0,0,1,0,0,1,1,0,0,1,1,1
12310,0,0,0,1,0,1,0,0,1,1,0,1,1,0,1,1,0,0
12311,0,0,0,1,0,1,0,0,1,1,0,1,0,0,1,1,1,0
12312,0,0,0,1,0,1,0,0,1,0,0,1,1,0,1,1,1,0
12313,0,0,0,1,0,1,0,0,1,1,0,1,1,0,0,1,1,0
12314,0,0,0,1,0,1,0,0,1,0,1,0,0,1,1,1,0,1
12315,0,0,0,1,0,1,0,0,1,1,1,0,0,1,0,1,0,1
12316,0,0,0,1,0,1,0,0,1,0,1,0,1,1,0,1,0,1
12317,0,0,0,1,0,1,0,0,1,0,1,0,0,1,0,1,1,1
12318,0,0,0,1,0,1,0,0,1,1,1,0,0,1,1,1,0,0
12319,0,0,0,1,0,1,0,0,1,0,1,0,1,1,1,1,0,0
12320,0,0,0,1,0,1,0,0,1,0,1,0,0,1,1,1,1,0
12321,0,0,0,1,0,1,0,0,1,1,1,0,1,1,0,1,0,0
12322,0,0,0,1,0,1,0,0,1,1,1,0,0,1,0,1,1,0
12323,0,0,0,1,0,1,0,0,1,0,1,0,1,1,0,1,1,0
12324,0,0,0,1,0,1,0,0,1,1,0,0,0,1,1,1,0,1
12325,0,0,0,1,0,1,0,0,1,0,0,0,1,1,1,1,0,1
12326,0,0,0,1,0,1,0,0,1,0,0,0,0,1,1,1,1,1
12327,0,0,0,1,0,1,0,0,1,1,0,0,1,1,0,1,0,1
12328,0,0,0,1,0,1,0,0,1,1,0,0,0,1,0,1,1,1
12329,0,0,0,1,0,1,0,0,1,0,0,0,1,1,0,1,1,1
12330,0,0,0,1,0,1,0,0,1,1,0,0,1,1,1,1,0,0
12331,0,0,0,1,0,1,0,0,1,1,0,0,0,1,1,1,1,0
12332,0,0,0,1,0,1,0,0,1,0,0,0,1,1,1,1,1,0
12333,0,0,0,1,0,1,0,0,1,1,0,0,1,1,0,1,1,0
12334,0,0,0,1,0,1,0,0,1,1,1,0,0,0,1,1,0,1
12335,0,0,0,1,0,1,0,0,1,0,1,0,1,0,1,1,0,1
12336,0,0,0,1,0,1,0,0,1,0,1,0,0,0,1,1,1,1
12337,0,0,0,1,0,1,0,0,1,1,1,0,1,0,0,1,0,1
12338,0,0,0,1,0,1,0,0,1,1,1,0,0,0,0,1,1,1
12339,0,0,0,1,0,1,0,0,1,0,1,0,1,0,0,1,1,1
12340,0,0,0,1,0,1,0,0,1,1,1,0,1,0,1,1,0,0
12341,0,0,0,1,0,1,0,0,1,1,1,0,0,0,1,1,1,0
12342,0,0,0,1,0,1,0,0,1,0,1,0,1,0,1,1,1,0
12343,0,0,0,1,0,1,0,0,1,1,1,0,1,0,0,1,1,0
12344,0,0,0,1,0,1,0,0,1,1,0,0,1,0,1,1,0,1
12345,0,0,0,1,0,1,0,0,1,1,0,0,0,0,1,1,1,1
12346,0,0,0,1,0,1,0,0,1,0,0,0,1,0,1,1,1,1
12347,0,0,0,1,0,1,0,0,1,1,0,0,1,0,0,1,1,1
12348,0,0,0,1,0,1,0,0,1,1,0,0,1,0,1,1,1,0
12349,1,0,1,0,0,0,1,0,1,0,1,1,0,1,0,1,0,0
12350,1,0,1,0,0,0,1,0,1,0,0,1,0,1,0,1,0,1
12351,1,0,1,0,0,0,1,0,1,0,0,1,0,1,1,1,0,0
12352,1,0,1,0,0,0,1,0,1,1,0,1,0,1,0,1,0,0
12353,1,0,1,0,0,0,1,0,1,0,0,1,1,1,0,1,0,0
12354,1,0,1,0,0,0,1,0,1,0,0,1,0,1,0,1,1,0
12355,1,0,1,0,0,0,1,0,1,0,1,1,0,0,0,1,0,1
12356,1,0,1,0,0,0,1,0,1,0,1,1,0,0,1,1,0,0
12357,1,0,1,0,0,0,1,0,1,1,1,1,0,0,0,1,0,0
12358,1,0,1,0,0,0,1,0,1,0,1,1,1,0,0,1,0,0
12359,1,0,1,0,0,0,1,0,1,0,1,1,0,0,0,1,1,0
12360,1,0,1,0,0,0,1,0,1,0,0,1,0,0,1,1,0,1
12361,1,0,1,0,0,0,1,0,1,1,0,1,0,0,0,1,0,1
12362,1,0,1,0,0,0,1,0,1,0,0,1,1,0,0,1,0,1
12363,1,0,1,0,0,0,1,0,1,0,0,1,0,0,0,1,1,1
12364,1,0,1,0,0,0,1,0,1,1,0,1,0,0,1,1,0,0
12365,1,0,1,0,0,0,1,0,1,0,0,1,1,0,1,1,0,0
12366,1,0,1,0,0,0,1,0,1,0,0,1,0,0,1,1,1,0
12367,1,0,1,0,0,0,1,0,1,1,0,1,1,0,0,1,0,0
12368,1,0,1,0,0,0,1,0,1,1,0,1,0,0,0,1,1,0
12369,1,0,1,0,0,0,1,0,1,0,0,1,1,0,0,1,1,0
12370,1,0,1,0,0,0,1,0,1,0,1,0,0,1,0,1,0,1
12371,1,0,1,0,0,0,1,0,1,0,1,0,0,1,1,1,0,0
12372,1,0,1,0,0,0,1,0,1,1,1,0,0,1,0,1,0,0
12373,1,0,1,0,0,0,1,0,1,0,1,0,1,1,0,1,0,0
12374,1,0,1,0,0,0,1,0,1,0,1,0,0,1,0,1,1,0
12375,1,0,1,0,0,0,1,0,1,0,0,0,0,1,1,1,0,1
12376,1,0,1,0,0,0,1,0,1,1,0,0,0,1,0,1,0,1
12377,1,0,1,0,0,0,1,0,1,0,0,0,1,1,0,1,0,1
12378,1,0,1,0,0,0,1,0,1,0,0,0,0,1,0,1,1,1
12379,1,0,1,0,0,0,1,0,1,1,0,0,0,1,1,1,0,0
12380,1,0,1,0,0,0,1,0,1,0,0,0,1,1,1,1,0,0
12381,1,0,1,0,0,0,1,0,1,0,0,0,0,1,1,1,1,0
12382,1,0,1,0,0,0,1,0,1,1,0,0,1,1,0,1,0,0
12383,1,0,1,0,0,0,1,0,1,1,0,0,0,1,0,1,1,0
12384,1,0,1,0,0,0,1,0,1,0,0,0,1,1,0,1,1,0
12385,1,0,1,0,0,0,1,0,1,0,1,0,0,0,1,1,0,1
12386,1,0,1,0,0,0,1,0,1,1,1,0,0,0,0,1,0,1
12387,1,0,1,0,0,0,1,0,1,0,1,0,1,0,0,1,0,1
12388,1,0,1,0,0,0,1,0,1,0,1,0,0,0,0,1,1,1
12389,1,0,1,0,0,0,1,0,1,1,1,0,0,0,1,1,0,0
12390,1,0,1,0,0,0,1,0,1,0,1,0,1,0,1,1,0,0
12391,1,0,1,0,0,0,1,0,1,0,1,0,0,0,1,1,1,0
12392,1,0,1,0,0,0,1,0,1,1,1,0,1,0,0,1,0,0
12393,1,0,1,0,0,0,1,0,1,1,1,0,0,0,0,1,1,0
12394,1,0,1,0,0,0,1,0,1,0,1,0,1,0,0,1,1,0
12395,1,0,1,0,0,0,1,0,1,1,0,0,0,0,1,1,0,1
12396,1,0,1,0,0,0,1,0,1,0,0,0,1,0,1,1,0,1
12397,1,0,1,0,0,0,1,0,1,0,0,0,0,0,1,1,1,1
12398,1,0,1,0,0,0,1,0,1,1,0,0,1,0,0,1,0,1
12399,1,0,1,0,0,0,1,0,1,1,0,0,0,0,0,1,1,1
12400,1,0,1,0,0,0,1,0,1,0,0,0,1,0,0,1,1,1
12401,1,0,1,0,0,0,1,0,1,1,0,0,1,0,1,1,0,0
12402,1,0,1,0,0,0,1,0,1,1,0,0,0,0,1,1,1,0
12403,1,0,1,0,0,0,1,0,1,0,0,0,1,0,1,1,1,0
12404,1,0,1,0,0,0,1,0,1,1,0,0,1,0,0,1,1,0
12405,1,0,1,0,0,0,0,0,1,0,1,1,0,1,0,1,0,1
12406,1,0,1,0,0,0,0,0,1,0,1,1,0,1,1,1,0,0
12407,1,0,1,0,0,0,0,0,1,1,1,1,0,1,0,1,0,0
12408,1,0,1,0,0,0,0,0,1,0,1,1,1,1,0,1,0,0
12409,1,0,1,0,0,0,0,0,1,0,1,1,0,1,0,1,1,0
12410,1,0,1,0,0,0,0,0,1,0,0,1,0,1,1,1,0,1
12411,1,0,1,0,0,0,0,0,1,1,0,1,0,1,0,1,0,1
12412,1,0,1,0,0,0,0,0,1,0,0,1,1,1,0,1,0,1
12413,1,0,1,0,0,0,0,0,1,0,0,1,0,1,0,1,1,1
12414,1,0,1,0,0,0,0,0,1,1,0,1,0,1,1,1,0,0
12415,1,0,1,0,0,0,0,0,1,0,0,1,1,1,1,1,0,0
12416,1,0,1,0,0,0,0,0,1,0,0,1,0,1,1,1,1,0
12417,1,0,1,0,0,0,0,0,1,1,0,1,1,1,0,1,0,0
12418,1,0,1,0,0,0,0,0,1,1,0,1,0,1,0,1,1,0
12419,1,0,1,0,0,0,0,0,1,0,0,1,1,1,0,1,1,0
12420,1,0,1,0,0,0,0,0,1,0,1,1,0,0,1,1,0,1
12421,1,0,1,0,0,0,0,0,1,1,1,1,0,0,0,1,0,1
12422,1,0,1,0,0,0,0,0,1,0,1,1,1,0,0,1,0,1
12423,1,0,1,0,0,0,0,0,1,0,1,1,0,0,0,1,1,1
12424,1,0,1,0,0,0,0,0,1,1,1,1,0,0,1,1,0,0
12425,1,0,1,0,0,0,0,0,1,0,1,1,1,0,1,1,0,0
12426,1,0,1,0,0,0,0,0,1,0,1,1,0,0,1,1,1,0
12427,1,0,1,0,0,0,0,0,1,1,1,1,1,0,0,1,0,0
12428,1,0,1,0,0,0,0,0,1,1,1,1,0,0,0,1,1,0
12429,1,0,1,0,0,0,0,0,1,0,1,1,1,0,0,1,1,0
12430,1,0,1,0,0,0,0,0,1,1,0,1,0,0,1,1,0,1
12431,1,0,1,0,0,0,0,0,1,0,0,1,1,0,1,1,0,1
12432,1,0,1,0,0,0,0,0,1,0,0,1,0,0,1,1,1,1
12433,1,0,1,0,0,0,0,0,1,1,0,1,1,0,0,1,0,1
12434,1,0,1,0,0,0,0,0,1,1,0,1,0,0,0,1,1,1
12435,1,0,1,0,0,0,0,0,1,0,0,1,1,0,0,1,1,1
12436,1,0,1,0,0,0,0,0,1,1,0,1,1,0,1,1,0,0
12437,1,0,1,0,0,0,0,0,1,1,0,1,0,0,1,1,1,0
12438,1,0,1,0,0,0,0,0,1,0,0,1,1,0,1,1,1,0
12439,1,0,1,0,0,0,0,0,1,1,0,1,1,0,0,1,1,0
12440,1,0,1,0,0,0,0,0,1,0,1,0,0,1,1,1,0,1
12441,1,0,1,0,0,0,0,0,1,1,1,0,0,1,0,1,0,1
12442,1,0,1,0,0,0,0,0,1,0,1,0,1,1,0,1,0,1
12443,1,0,1,0,0,0,0,0,1,0,1,0,0,1,0,1,1,1
12444,1,0,1,0,0,0,0,0,1,1,1,0,0,1,1,1,0,0
12445,1,0,1,0,0,0,0,0,1,0,1,0,1,1,1,1,0,0
12446,1,0,1,0,0,0,0,0,1,0,1,0,0,1,1,1,1,0
12447,1,0,1,0,0,0,0,0,1,1,1,0,1,1,0,1,0,0
12448,1,0,1,0,0,0,0,0,1,1,1,0,0,1,0,1,1,0
12449,1,0,1,0,0,0,0,0,1,0,1,0,1,1,0,1,1,0
12450,1,0,1,0,0,0,0,0,1,1,0,0,0,1,1,1,0,1
12451,1,0,1,0,0,0,0,0,1,0,0,0,1,1,1,1,0,1
12452,1,0,1,0,0,0,0,0,1,0,0,0,0,1,1,1,1,1
12453,1,0,1,0,0,0,0,0,1,1,0,0,1,1,0,1,0,1
12454,1,0,1,0,0,0,0,0,1,1,0,0,0,1,0,1,1,1
12455,1,0,1,0,0,0,0,0,1,0,0,0,1,1,0,1,1,1
12456,1,0,1,0,0,0,0,0,1,1,0,0,1,1,1,1,0,0
12457,1,0,1,0,0,0,0,0,1,1,0,0,0,1,1,1,1,0
12458,1,0,1,0,0,0,0,0,1,0,0,0,1,1,1,1,1,0
12459,1,0,1,0,0,0,0,0,1,1,0,0,1,1,0,1,1,0
12460,1,0,1,0,0,0,0,0,1,1,1,0,0,0,1,1,0,1
12461,1,0,1,0,0,0,0,0,1,0,1,0,1,0,1,1,0,1
12462,1,0,1,0,0,0,0,0,1,0,1,0,0,0,1,1,1,1
12463,1,0,1,0,0,0,0,0,1,1,1,0,1,0,0,1,0,1
12464,1,0,1,0,0,0,0,0,1,1,1,0,0,0,0,1,1,1
12465,1,0,1,0,0,0,0,0,1,0,1,0,1,0,0,1,1,1
12466,1,0,1,0,0,0,0,0,1,1,1,0,1,0,1,1,0,0
12467,1,0,1,0,0,0,0,0,1,1,1,0,0,0,1,1,1,0
12468,1,0,1,0,0,0,0,0,1,0,1,0,1,0,1,1,1,0
12469,1,0,1,0,0,0,0,0,1,1,1,0,1,0,0,1,1,0
12470,1,0,1,0,0,0,0,0,1,1,0,0,1,0,1,1,0,1
12471,1,0,1,0,0,0,0,0,1,1,0,0,0,0,1,1,1,1
12472,1,0,1,0,0,0,0,0,1,0,0,0,1,0,1,1,1,1
12473,1,0,1,0,0,0,0,0,1,1,0,0,1,0,0,1,1,1
12474,1,0,1,0,0,0,0,0,1,1,0,0,1,0,1,1,1,0
12475,1,0,0,1,0,0,1,0,1,0,1,1,0,1,0,1,0,0
12476,1,0,0,1,0,0,1,0,1,0,0,1,0,1,0,1,0,1
12477,1,0,0,1,0,0,1,0,1,0,0,1,0,1,1,1,0,0
12478,1,0,0,1,0,0,1,0,1,1,0,1,0,1,0,1,0,0
12479,1,0,0,1,0,0,1,0,1,0,0,1,1,1,0,1,0,0
12480,1,0,0,1,0,0,1,0,1,0,0,1,0,1,0,1,1,0
12481,1,0,0,1,0,0,1,0,1,0,1,1,0,0,0,1,0,1
12482,1,0,0,1,0,0,1,0,1,0,1,1,0,0,1,1,0,0
12483,1,0,0,1,0,0,1,0,1,1,1,1,0,0,0,1,0,0
12484,1,0,0,1,0,0,1,0,1,0,1,1,1,0,0,1,0,0
12485,1,0,0,1,0,0,1,0,1,0,1,1,0,0,0,1,1,0
12486,1,0,0,1,0,0,1,0,1,0,0,1,0,0,1,1,0,1
12487,1,0,0,1,0,0,1,0,1,1,0,1,0,0,0,1,0,1
12488,1,0,0,1,0,0,1,0,1,0,0,1,1,0,0,1,0,1
12489,1,0,0,1,0,0,1,0,1,0,0,1,0,0,0,1,1,1
12490,1,0,0,1,0,0,1,0,1,1,0,1,0,0,1,1,0,0
12491,1,0,0,1,0,0,1,0,1,0,0,1,1,0,1,1,0,0
12492,1,0,0,1,0,0,1,0,1,0,0,1,0,0,1,1,1,0
12493,1,0,0,1,0,0,1,0,1,1,0,1,1,0,0,1,0,0
12494,1,0,0,1,0,0,1,0,1,1,0,1,0,0,0,1,1,0
12495,1,0,0,1,0,0,1,0,1,0,0,1,1,0,0,1,1,0
12496,1,0,0,1,0,0,1,0,1,0,1,0,0,1,0,1,0,1
12497,1,0,0,1,0,0,1,0,1,0,1,0,0,1,1,1,0,0
12498,1,0,0,1,0,0,1,0,1,1,1,0,0,1,0,1,0,0
12499,1,0,0,1,0,0,1,0,1,0,1,0,1,1,0,1,0,0
12500,1,0,0,1,0,0,1,0,1,0,1,0,0,1,0,1,1,0
12501,1,0,0,1,0,0,1,0,1,0,0,0,0,1,1,1,0,1
12502,1,0,0,1,0,0,1,0,1,1,0,0,0,1,0,1,0,1
12503,1,0,0,1,0,0,1,0,1,0,0,0,1,1,0,1,0,1
12504,1,0,0,1,0,0,1,0,1,0,0,0,0,1,0,1,1,1
12505,1,0,0,1,0,0,1,0,1,1,0,0,0,1,1,1,0,0
12506,1,0,0,1,0,0,1,0,1,0,0,0,1,1,1,1,0,0
12507,1,0,0,1,0,0,1,0,1,0,0,0,0,1,1,1,1,0
12508,1,0,0,1,0,0,1,0,1,1,0,0,1,1,0,1,0,0
12509,1,0,0,1,0,0,1,0,1,1,0,0,0,1,0,1,1,0
12510,1,0,0,1,0,0,1,0,1,0,0,0,1,1,0,1,1,0
12511,1,0,0,1,0,0,1,0,1,0,1,0,0,0,1,1,0,1
12512,1,0,0,1,0,0,1,0,1,1,1,0,0,0,0,1,0,1
12513,1,0,0,1,0,0,1,0,1,0,1,0,1,0,0,1,0,1
12514,1,0,0,1,0,0,1,0,1,0,1,0,0,0,0,1,1,1
12515,1,0,0,1,0,0,1,0,1,1,1,0,0,0,1,1,0,0
12516,1,0,0,1,0,0,1,0,1,0,1,0,1,0,1,1,0,0
12517,1,0,0,1,0,0,1,0,1,0,1,0,0,0,1,1,1,0
12518,1,0,0,1,0,0,1,0,1,1,1,0,1,0,0,1,0,0
12519,1,0,0,1,0,0,1,0,1,1,1,0,0,0,0,1,1,0
12520,1,0,0,1,0,0,1,0,1,0,1,0,1,0,0,1,1,0
12521,1,0,0,1,0,0,1,0,1,1,0,0,0,0,1,1,0,1
12522,1,0,0,1,0,0,1,0,1,0,0,0,1,0,1,1,0,1
12523,1,0,0,1,0,0,1,0,1,0,0,0,0,0,1,1,1,1
12524,1,0,0,1,0,0,1,0,1,1,0,0,1,0,0,1,0,1
12525,1,0,0,1,0,0,1,0,1,1,0,0,0,0,0,1,1,1
12526,1,0,0,1,0,0,1,0,1,0,0,0,1,0,0,1,1,1
12527,1,0,0,1,0,0,1,0,1,1,0,0,1,0,1,1,0,0
12528,1,0,0,1,0,0,1,0,1,1,0,0,0,0,1,1,1,0
12529,1,0,0,1,0,0,1,0,1,0,0,0,1,0,1,1,1,0
12530,1,0,0,1,0,0,1,0,1,1,0,0,1,0,0,1,1,0
12531,1,0,0,1,0,0,0,0,1,0,1,1,0,1,0,1,0,1
12532,1,0,0,1,0,0,0,0,1,0,1,1,0,1,1,1,0,0
12533,1,0,0,1,0,0,0,0,1,1,1,1,0,1,0,1,0,0
12534,1,0,0,1,0,0,0,0,1,0,1,1,1,1,0,1,0,0
12535,1,0,0,1,0,0,0,0,1,0,1,1,0,1,0,1,1,0
12536,1,0,0,1,0,0,0,0,1,0,0,1,0,1,1,1,0,1
12537,1,0,0,1,0,0,0,0,1,1,0,1,0,1,0,1,0,1
12538,1,0,0,1,0,0,0,0,1,0,0,1,1,1,0,1,0,1
12539,1,0,0,1,0,0,0,0,1,0,0,1,0,1,0,1,1,1
12540,1,0,0,1,0,0,0,0,1,1,0,1,0,1,1,1,0,0
12541,1,0,0,1,0,0,0,0,1,0,0,1,1,1,1,1,0,0
12542,1,0,0,1,0,0,0,0,1,0,0,1,0,1,1,1,1,0
12543,1,0,0,1,0,0,0,0,1,1,0,1,1,1,0,1,0,0
12544,1,0,0,1,0,0,0,0,1,1,0,1,0,1,0,1,1,0
12545,1,0,0,1,0,0,0,0,1,0,0,1,1,1,0,1,1,0
12546,1,0,0,1,0,0,0,0,1,0,1,1,0,0,1,1,0,1
12547,1,0,0,1,0,0,0,0,1,1,1,1,0,0,0,1,0,1
12548,1,0,0,1,0,0,0,0,1,0,1,1,1,0,0,1,0,1
12549,1,0,0,1,0,0,0,0,1,0,1,1,0,0,0,1,1,1
12550,1,0,0,1,0,0,0,0,1,1,1,1,0,0,1,1,0,0
12551,1,0,0,1,0,0,0,0,1,0,1,1,1,0,1,1,0,0
12552,1,0,0,1,0,0,0,0,1,0,1,1,0,0,1,1,1,0
12553,1,0,0,1,0,0,0,0,1,1,1,1,1,0,0,1,0,0
12554,1,0,0,1,0,0,0,0,1,1,1,1,0,0,0,1,1,0
12555,1,0,0,1,0,0,0,0,1,0,1,1,1,0,0,1,1,0
12556,1,0,0,1,0,0,0,0,1,1,0,1,0,0,1,1,0,1
12557,1,0,0,1,0,0,0,0,1,0,0,1,1,0,1,1,0,1
12558,1,0,0,1,0,0,0,0,1,0,0,1,0,0,1,1,1,1
12559,1,0,0,1,0,0,0,0,1,1,0,1,1,0,0,1,0,1
12560,1,0,0,1,0,0,0,0,1,1,0,1,0,0,0,1,1,1
12561,1,0,0,1,0,0,0,0,1,0,0,1,1,0,0,1,1,1
12562,1,0,0,1,0,0,0,0,1,1,0,1,1,0,1,1,0,0
12563,1,0,0,1,0,0,0,0,1,1,0,1,0,0,1,1,1,0
12564,1,0,0,1,0,0,0,0,1,0,0,1,1,0,1,1,1,0
12565,1,0,0,1,0,0,0,0,1,1,0,1,1,0,0,1,1,0
12566,1,0,0,1,0,0,0,0,1,0,1,0,0,1,1,1,0,1
12567,1,0,0,1,0,0,0,0,1,1,1,0,0,1,0,1,0,1
12568,1,0,0,1,0,0,0,0,1,0,1,0,1,1,0,1,0,1
12569,1,0,0,1,0,0,0,0,1,0,1,0,0,1,0,1,1,1
12570,1,0,0,1,0,0,0,0,1,1,1,0,0,1,1,1,0,0
12571,1,0,0,1,0,0,0,0,1,0,1,0,1,1,1,1,0,0
12572,1,0,0,1,0,0,0,0,1,0,1,0,0,1,1,1,1,0
12573,1,0,0,1,0,0,0,0,1,1,1,0,1,1,0,1,0,0
12574,1,0,0,1,0,0,0,0,1,1,1,0,0,1,0,1,1,0
12575,1,0,0,1,0,0,0,0,1,0,1,0,1,1,0,1,1,0
12576,1,0,0,1,0,0,0,0,1,1,0,0,0,1,1,1,0,1
12577,1,0,0,1,0,0,0,0,1,0,0,0,1,1,1,1,0,1
12578,1,0,0,1,0,0,0,0,1,0,0,0,0,1,1,1,1,1
12579,1,0,0,1,0,0,0,0,1,1,0,0,1,1,0,1,0,1
12580,1,0,0,1,0,0,0,0,1,1,0,0,0,1,0,1,1,1
12581,1,0,0,1,0,0,0,0,1,0,0,0,1,1,0,1,1,1
12582,1,0,0,1,0,0,0,0,1,1,0,0,1,1,1,1,0,0
12583,1,0,0,1,0,0,0,0,1,1,0,0,0,1,1,1,1,0
12584,1,0,0,1,0,0,0,0,1,0,0,0,1,1,1,1,1,0
12585,1,0,0,1,0,0,0,0,1,1,0,0,1,1,0,1,1,0
12586,1,0,0,1,0,0,0,0,1,1,1,0,0,0,1,1,0,1
12587,1,0,0,1,0,0,0,0,1,0,1,0,1,0,1,1,0,1
12588,1,0,0,1,0,0,0,0,1,0,1,0,0,0,1,1,1,1
12589,1,0,0,1,0,0,0,0,1,1,1,0,1,0,0,1,0,1
12590,1,0,0,1,0,0,0,0,1,1,1,0,0,0,0,1,1,1
12591,1,0,0,1,0,0,0,0,1,0,1,0,1,0,0,1,1,1
12592,1,0,0,1,0,0,0,0,1,1,1,0,1,0,1,1,0,0
12593,1,0,0,1,0,0,0,0,1,1,1,0,0,0,1,1,1,0
12594,1,0,0,1,0,0,0,0,1,0,1,0,1,0,1,1,1,0
12595,1,0,0,1,0,0,0,0,1,1,1,0,1,0,0,1,1,0
12596,1,0,0,1,0,0,0,0,1,1,0,0,1,0,1,1,0,1
12597,1,0,0,1,0,0,0,0,1,1,0,0,0,0,1,1,1,1
12598,1,0,0,1,0,0,0,0,1,0,0,0,1,0,1,1,1,1
12599,1,0,0,1,0,0,0,0,1,1,0,0,1,0,0,1,1,1
12600,1,0,0,1,0,0,0,0,1,1,0,0,1,0,1,1,1,0
12601,0,0,1,1,0,0,1,0,1,0,1,1,0,1,0,1,0,0
12602,0,0,1,1,0,0,1,0,1,0,0,1,0,1,0,1,0,1
12603,0,0,1,1,0,0,1,0,1,0,0,1,0,1,1,1,0,0
12604,0,0,1,1,0,0,1,0,1,1,0,1,0,1,0,1,0,0
12605,0,0,1,1,0,0,1,0,1,0,0,1,1,1,0,1,0,0
12606,0,0,1,1,0,0,1,0,1,0,0,1,0,1,0,1,1,0
12607,0,0,1,1,0,0,1,0,1,0,1,1,0,0,0,1,0,1
12608,0,0,1,1,0,0,1,0,1,0,1,1,0,0,1,1,0,0
12609,0,0,1,1,0,0,1,0,1,1,1,1,0,0,0,1,0,0
12610,0,0,1,1,0,0,1,0,1,0,1,1,1,0,0,1,0,0
12611,0,0,1,1,0,0,1,0,1,0,1,1,0,0,0,1,1,0
12612,0,0,1,1,0,0,1,0,1,0,0,1,0,0,1,1,0,1
12613,0,0,1,1,0,0,1,0,1,1,0,1,0,0,0,1,0,1
12614,0,0,1,1,0,0,1,0,1,0,0,1,1,0,0,1,0,1
12615,0,0,1,1,0,0,1,0,1,0,0,1,0,0,0,1,1,1
12616,0,0,1,1,0,0,1,0,1,1,0,1,0,0,1,1,0,0
12617,0,0,1,1,0,0,1,0,1,0,0,1,1,0,1,1,0,0
12618,0,0,1,1,0,0,1,0,1,0,0,1,0,0,1,1,1,0
12619,0,0,1,1,0,0,1,0,1,1,0,1,1,0,0,1,0,0
12620,0,0,1,1,0,0,1,0,1,1,0,1,0,0,0,1,1,0
12621,0,0,1,1,0,0,1,0,1,0,0,1,1,0,0,1,1,0
12622,0,0,1,1,0,0,1,0,1,0,1,0,0,1,0,1,0,1
12623,0,0,1,1,0,0,1,0,1,0,1,0,0,1,1,1,0,0
12624,0,0,1,1,0,0,1,0,1,1,1,0,0,1,0,1,0,0
12625,0,0,1,1,0,0,1,0,1,0,1,0,1,1,0,1,0,0
12626,0,0,1,1,0,0,1,0,1,0,1,0,0,1,0,1,1,0
12627,0,0,1,1,0,0,1,0,1,0,0,0,0,1,1,1,0,1
12628,0,0,1,1,0,0,1,0,1,1,0,0,0,1,0,1,0,1
12629,0,0,1,1,0,0,1,0,1,0,0,0,1,1,0,1,0,1
12630,0,0,1,1,0,0,1,0,1,0,0,0,0,1,0,1,1,1
12631,0,0,1,1,0,0,1,0,1,1,0,0,0,1,1,1,0,0
12632,0,0,1,1,0,0,1,0,1,0,0,0,1,1,1,1,0,0
12633,0,0,1,1,0,0,1,0,1,0,0,0,0,1,1,1,1,0
12634,0,0,1,1,0,0,1,0,1,1,0,0,1,1,0,1,0,0
12635,0,0,1,1,0,0,1,0,1,1,0,0,0,1,0,1,1,0
12636,0,0,1,1,0,0,1,0,1,0,0,0,1,1,0,1,1,0
12637,0,0,1,1,0,0,1,0,1,0,1,0,0,0,1,1,0,1
12638,0,0,1,1,0,0,1,0,1,1,1,0,0,0,0,1,0,1
12639,0,0,1,1,0,0,1,0,1,0,1,0,1,0,0,1,0,1
12640,0,0,1,1,0,0,1,0,1,0,1,0,0,0,0,1,1,1
12641,0,0,1,1,0,0,1,0,1,1,1,0,0,0,1,1,0,0
12642,0,0,1,1,0,0,1,0,1,0,1,0,1,0,1,1,0,0
12643,0,0,1,1,0,0,1,0,1,0,1,0,0,0,1,1,1,0
12644,0,0,1,1,0,0,1,0,1,1,1,0,1,0,0,1,0,0
12645,0,0,1,1,0,0,1,0,1,1,1,0,0,0,0,1,1,0
12646,0,0,1,1,0,0,1,0,1,0,1,0,1,0,0,1,1,0
12647,0,0,1,1,0,0,1,0,1,1,0,0,0,0,1,1,0,1
12648,0,0,1,1,0,0,1,0,1,0,0,0,1,0,1,1,0,1
12649,0,0,1,1,0,0,1,0,1,0,0,0,0,0,1,1,1,1
12650,0,0,1,1,0,0,1,0,1,1,0,0,1,0,0,1,0,1
12651,0,0,1,1,0,0,1,0,1,1,0,0,0,0,0,1,1,1
12652,0,0,1,1,0,0,1,0,1,0,0,0,1,0,0,1,1,1
12653,0,0,1,1,0,0,1,0,1,1,0,0,1,0,1,1,0,0
12654,0,0,1,1,0,0,1,0,1,1,0,0,0,0,1,1,1,0
12655,0,0,1,1,0,0,1,0,1,0,0,0,1,0,1,1,1,0
12656,0,0,1,1,0,0,1,0,1,1,0,0,1,0,0,1,1,0
12657,0,0,1,1,0,0,0,0,1,0,1,1,0,1,0,1,0,1
12658,0,0,1,1,0,0,0,0,1,0,1,1,0,1,1,1,0,0
12659,0,0,1,1,0,0,0,0,1,1,1,1,0,1,0,1,0,0
12660,0,0,1,1,0,0,0,0,1,0,1,1,1,1,0,1,0,0
12661,0,0,1,1,0,0,0,0,1,0,1,1,0,1,0,1,1,0
12662,0,0,1,1,0,0,0,0,1,0,0,1,0,1,1,1,0,1
12663,0,0,1,1,0,0,0,0,1,1,0,1,0,1,0,1,0,1
12664,0,0,1,1,0,0,0,0,1,0,0,1,1,1,0,1,0,1
12665,0,0,1,1,0,0,0,0,1,0,0,1,0,1,0,1,1,1
12666,0,0,1,1,0,0,0,0,1,1,0,1,0,1,1,1,0,0
12667,0,0,1,1,0,0,0,0,1,0,0,1,1,1,1,1,0,0
12668,0,0,1,1,0,0,0,0,1,0,0,1,0,1,1,1,1,0
12669,0,0,1,1,0,0,0,0,1,1,0,1,1,1,0,1,0,0
12670,0,0,1,1,0,0,0,0,1,1,0,1,0,1,0,1,1,0
12671,0,0,1,1,0,0,0,0,1,0,0,1,1,1,0,1,1,0
12672,0,0,1,1,0,0,0,0,1,0,1,1,0,0,1,1,0,1
12673,0,0,1,1,0,0,0,0,1,1,1,1,0,0,0,1,0,1
12674,0,0,1,1,0,0,0,0,1,0,1,1,1,0,0,1,0,1
12675,0,0,1,1,0,0,0,0,1,0,1,1,0,0,0,1,1,1
12676,0,0,1,1,0,0,0,0,1,1,1,1,0,0,1,1,0,0
12677,0,0,1,1,0,0,0,0,1,0,1,1,1,0,1,1,0,0
12678,0,0,1,1,0,0,0,0,1,0,1,1,0,0,1,1,1,0
12679,0,0,1,1,0,0,0,0,1,1,1,1,1,0,0,1,0,0
12680,0,0,1,1,0,0,0,0,1,1,1,1,0,0,0,1,1,0
12681,0,0,1,1,0,0,0,0,1,0,1,1,1,0,0,1,1,0
12682,0,0,1,1,0,0,0,0,1,1,0,1,0,0,1,1,0,1
12683,0,0,1,1,0,0,0,0,1,0,0,1,1,0,1,1,0,1
12684,0,0,1,1,0,0,0,0,1,0,0,1,0,0,1,1,1,1
12685,0,0,1,1,0,0,0,0,1,1,0,1,1,0,0,1,0,1
12686,0,0,1,1,0,0,0,0,1,1,0,1,0,0,0,1,1,1
12687,0,0,1,1,0,0,0,0,1,0,0,1,1,0,0,1,1,1
12688,0,0,1,1,0,0,0,0,1,1,0,1,1,0,1,1,0,0
12689,0,0,1,1,0,0,0,0,1,1,0,1,0,0,1,1,1,0
12690,0,0,1,1,0,0,0,0,1,0,0,1,1,0,1,1,1,0
12691,0,0,1,1,0,0,0,0,1,1,0,1,1,0,0,1,1,0
12692,0,0,1,1,0,0,0,0,1,0,1,0,0,1,1,1,0,1
12693,0,0,1,1,0,0,0,0,1,1,1,0,0,1,0,1,0,1
12694,0,0,1,1,0,0,0,0,1,0,1,0,1,1,0,1,0,1
12695,0,0,1,1,0,0,0,0,1,0,1,0,0,1,0,1,1,1
12696,0,0,1,1,0,0,0,0,1,1,1,0,0,1,1,1,0,0
12697,0,0,1,1,0,0,0,0,1,0,1,0,1,1,1,1,0,0
12698,0,0,1,1,0,0,0,0,1,0,1,0,0,1,1,1,1,0
12699,0,0,1,1,0,0,0,0,1,1,1,0,1,1,0,1,0,0
12700,0,0,1,1,0,0,0,0,1,1,1,0,0,1,0,1,1,0
12701,0,0,1,1,0,0,0,0,1,0,1,0,1,1,0,1,1,0
12702,0,0,1,1,0,0,0,0,1,1,0,0,0,1,1,1,0,1
12703,0,0,1,1,0,0,0,0,1,0,0,0,1,1,1,1,0,1
12704,0,0,1,1,0,0,0,0,1,0,0,0,0,1,1,1,1,1
12705,0,0,1,1,0,0,0,0,1,1,0,0,1,1,0,1,0,1
12706,0,0,1,1,0,0,0,0,1,1,0,0,0,1,0,1,1,1
12707,0,0,1,1,0,0,0,0,1,0,0,0,1,1,0,1,1,1
12708,0,0,1,1,0,0,0,0,1,1,0,0,1,1,1,1,0,0
12709,0,0,1,1,0,0,0,0,1,1,0,0,0,1,1,1,1,0
12710,0,0,1,1,0,0,0,0,1,0,0,0,1,1,1,1,1,0
12711,0,0,1,1,0,0,0,0,1,1,0,0,1,1,0,1,1,0
12712,0,0,1,1,0,0,0,0,1,1,1,0,0,0,1,1,0,1
12713,0,0,1,1,0,0,0,0,1,0,1,0,1,0,1,1,0,1
12714,0,0,1,1,0,0,0,0,1,0,1,0,0,0,1,1,1,1
12715,0,0,1,1,0,0,0,0,1,1,1,0,1,0,0,1,0,1
12716,0,0,1,1,0,0,0,0,1,1,1,0,0,0,0,1,1,1
12717,0,0,1,1,0,0,0,0,1,0,1,0,1,0,0,1,1,1
12718,0,0,1,1,0,0,0,0,1,1,1,0,1,0,1,1,0,0
12719,0,0,1,1,0,0,0,0,1,1,1,0,0,0,1,1,1,0
12720,0,0,1,1,0,0,0,0,1,0,1,0,1,0,1,1,1,0
12721,0,0,1,1,0,0,0,0,1,1,1,0,1,0,0,1,1,0
12722,0,0,1,1,0,0,0,0,1,1,0,0,1,0,1,1,0,1
12723,0,0,1,1,0,0,0,0,1,1,0,0,0,0,1,1,1,1
12724,0,0,1,1,0,0,0,0,1,0,0,0,1,0,1,1,1,1
12725,0,0,1,1,0,0,0,0,1,1,0,0,1,0,0,1,1,1
12726,0,0,1,1,0,0,0,0,1,1,0,0,1,0,1,1,1,0
12727,1,1,0,0,0,1,1,0,1,0,1,1,0,1,0,0,0,0
12728,1,1,0,0,0,1,1,0,1,0,0,1,0,1,0,0,0,1
12729,1,1,0,0,0,1,1,0,1,0,0,1,0,1,1,0,0,0
12730,1,1,0,0,0,1,1,0,1,1,0,1,0,1,0,0,0,0
12731,1,1,0,0,0,1,1,0,1,0,0,1,1,1,0,0,0,0
12732,1,1,0,0,0,1,1,0,1,0,0,1,0,1,0,0,1,0
12733,1,1,0,0,0,1,1,0,1,0,1,1,0,0,0,0,0,1
12734,1,1,0,0,0,1,1,0,1,0,1,1,0,0,1,0,0,0
12735,1,1,0,0,0,1,1,0,1,1,1,1,0,0,0,0,0,0
12736,1,1,0,0,0,1,1,0,1,0,1,1,1,0,0,0,0,0
12737,1,1,0,0,0,1,1,0,1,0,1,1,0,0,0,0,1,0
12738,1,1,0,0,0,1,1,0,1,0,0,1,0,0,1,0,0,1
12739,1,1,0,0,0,1,1,0,1,1,0,1,0,0,0,0,0,1
12740,1,1,0,0,0,1,1,0,1,0,0,1,1,0,0,0,0,1
12741,1,1,0,0,0,1,1,0,1,0,0,1,0,0,0,0,1,1
12742,1,1,0,0,0,1,1,0,1,1,0,1,0,0,1,0,0,0
12743,1,1,0,0,0,1,1,0,1,0,0,1,1,0,1,0,0,0
12744,1,1,0,0,0,1,1,0,1,0,0,1,0,0,1,0,1,0
12745,1,1,0,0,0,1,1,0,1,1,0,1,1,0,0,0,0,0
12746,1,1,0,0,0,1,1,0,1,1,0,1,0,0,0,0,1,0
12747,1,1,0,0,0,1,1,0,1,0,0,1,1,0,0,0,1,0
12748,1,1,0,0,0,1,1,0,1,0,1,0,0,1,0,0,0,1
12749,1,1,0,0,0,1,1,0,1,0,1,0,0,1,1,0,0,0
12750,1,1,0,0,0,1,1,0,1,1,1,0,0,1,0,0,0,0
12751,1,1,0,0,0,1,1,0,1,0,1,0,1,1,0,0,0,0
12752,1,1,0,0,0,1,1,0,1,0,1,0,0,1,0,0,1,0
12753,1,1,0,0,0,1,1,0,1,0,0,0,0,1,1,0,0,1
12754,1,1,0,0,0,1,1,0,1,1,0,0,0,1,0,0,0,1
12755,1,1,0,0,0,1,1,0,1,0,0,0,1,1,0,0,0,1
12756,1,1,0,0,0,1,1,0,1,0,0,0,0,1,0,0,1,1
12757,1,1,0,0,0,1,1,0,1,1,0,0,0,1,1,0,0,0
12758,1,1,0,0,0,1,1,0,1,0,0,0,1,1,1,0,0,0
12759,1,1,0,0,0,1,1,0,1,0,0,0,0,1,1,0,1,0
12760,1,1,0,0,0,1,1,0,1,1,0,0,1,1,0,0,0,0
12761,1,1,0,0,0,1,1,0,1,1,0,0,0,1,0,0,1,0
12762,1,1,0,0,0,1,1,0,1,0,0,0,1,1,0,0,1,0
12763,1,1,0,0,0,1,1,0,1,0,1,0,0,0,1,0,0,1
12764,1,1,0,0,0,1,1,0,1,1,1,0,0,0,0,0,0,1
12765,1,1,0,0,0,1,1,0,1,0,1,0,1,0,0,0,0,1
12766,1,1,0,0,0,1,1,0,1,0,1,0,0,0,0,0,1,1
12767,1,1,0,0,0,1,1,0,1,1,1,0,0,0,1,0,0,0
12768,1,1,0,0,0,1,1,0,1,0,1,0,1,0,1,0,0,0
12769,1,1,0,0,0,1,1,0,1,0,1,0,0,0,1,0,1,0
12770,1,1,0,0,0,1,1,0,1,1,1,0,1,0,0,0,0,0
12771,1,1,0,0,0,1,1,0,1,1,1,0,0,0,0,0,1,0
12772,1,1,0,0,0,1,1,0,1,0,1,0,1,0,0,0,1,0
12773,1,1,0,0,0,1,1,0,1,1,0,0,0,0,1,0,0,1
12774,1,1,0,0,0,1,1,0,1,0,0,0,1,0,1,0,0,1
12775,1,1,0,0,0,1,1,0,1,0,0,0,0,0,1,0,1,1
12776,1,1,0,0,0,1,1,0,1,1,0,0,1,0,0,0,0,1
12777,1,1,0,0,0,1,1,0,1,1,0,0,0,0,0,0,1,1
12778,1,1,0,0,0,1,1,0,1,0,0,0,1,0,0,0,1,1
12779,1,1,0,0,0,1,1,0,1,1,0,0,1,0,1,0,0,0
12780,1,1,0,0,0,1,1,0,1,1,0,0,0,0,1,0,1,0
12781,1,1,0,0,0,1,1,0,1,0,0,0,1,0,1,0,1,0
12782,1,1,0,0,0,1,1,0,1,1,0,0,1,0,0,0,1,0
12783,1,1,0,0,0,1,0,0,1,0,1,1,0,1,0,0,0,1
12784,1,1,0,0,0,1,0,0,1,0,1,1,0,1,1,0,0,0
12785,1,1,0,0,0,1,0,0,1,1,1,1,0,1,0,0,0,0
12786,1,1,0,0,0,1,0,0,1,0,1,1,1,1,0,0,0,0
12787,1,1,0,0,0,1,0,0,1,0,1,1,0,1,0,0,1,0
12788,1,1,0,0,0,1,0,0,1,0,0,1,0,1,1,0,0,1
12789,1,1,0,0,0,1,0,0,1,1,0,1,0,1,0,0,0,1
12790,1,1,0,0,0,1,0,0,1,0,0,1,1,1,0,0,0,1
12791,1,1,0,0,0,1,0,0,1,0,0,1,0,1,0,0,1,1
12792,1,1,0,0,0,1,0,0,1,1,0,1,0,1,1,0,0,0
12793,1,1,0,0,0,1,0,0,1,0,0,1,1,1,1,0,0,0
12794,1,1,0,0,0,1,0,0,1,0,0,1,0,1,1,0,1,0
12795,1,1,0,0,0,1,0,0,1,1,0,1,1,1,0,0,0,0
12796,1,1,0,0,0,1,0,0,1,1,0,1,0,1,0,0,1,0
12797,1,1,0,0,0,1,0,0,1,0,0,1,1,1,0,0,1,0
12798,1,1,0,0,0,1,0,0,1,0,1,1,0,0,1,0,0,1
12799,1,1,0,0,0,1,0,0,1,1,1,1,0,0,0,0,0,1
12800,1,1,0,0,0,1,0,0,1,0,1,1,1,0,0,0,0,1
12801,1,1,0,0,0,1,0,0,1,0,1,1,0,0,0,0,1,1
12802,1,1,0,0,0,1,0,0,1,1,1,1,0,0,1,0,0,0
12803,1,1,0,0,0,1,0,0,1,0,1,1,1,0,1,0,0,0
12804,1,1,0,0,0,1,0,0,1,0,1,1,0,0,1,0,1,0
12805,1,1,0,0,0,1,0,0,1,1,1,1,1,0,0,0,0,0
12806,1,1,0,0,0,1,0,0,1,1,1,1,0,0,0,0,1,0
12807,1,1,0,0,0,1,0,0,1,0,1,1,1,0,0,0,1,0
12808,1,1,0,0,0,1,0,0,1,1,0,1,0,0,1,0,0,1
12809,1,1,0,0,0,1,0,0,1,0,0,1,1,0,1,0,0,1
12810,1,1,0,0,0,1,0,0,1,0,0,1,0,0,1,0,1,1
12811,1,1,0,0,0,1,0,0,1,1,0,1,1,0,0,0,0,1
12812,1,1,0,0,0,1,0,0,1,1,0,1,0,0,0,0,1,1
12813,1,1,0,0,0,1,0,0,1,0,0,1,1,0,0,0,1,1
12814,1,1,0,0,0,1,0,0,1,1,0,1,1,0,1,0,0,0
12815,1,1,0,0,0,1,0,0,1,1,0,1,0,0,1,0,1,0
12816,1,1,0,0,0,1,0,0,1,0,0,1,1,0,1,0,1,0
12817,1,1,0,0,0,1,0,0,1,1,0,1,1,0,0,0,1,0
12818,1,1,0,0,0,1,0,0,1,0,1,0,0,1,1,0,0,1
12819,1,1,0,0,0,1,0,0,1,1,1,0,0,1,0,0,0,1
12820,1,1,0,0,0,1,0,0,1,0,1,0,1,1,0,0,0,1
12821,1,1,0,0,0,1,0,0,1,0,1,0,0,1,0,0,1,1
12822,1,1,0,0,0,1,0,0,1,1,1,0,0,1,1,0,0,0
12823,1,1,0,0,0,1,0,0,1,0,1,0,1,1,1,0,0,0
12824,1,1,0,0,0,1,0,0,1,0,1,0,0,1,1,0,1,0
12825,1,1,0,0,0,1,0,0,1,1,1,0,1,1,0,0,0,0
12826,1,1,0,0,0,1,0,0,1,1,1,0,0,1,0,0,1,0
12827,1,1,0,0,0,1,0,0,1,0,1,0,1,1,0,0,1,0
12828,1,1,0,0,0,1,0,0,1,1,0,0,0,1,1,0,0,1
12829,1,1,0,0,0,1,0,0,1,0,0,0,1,1,1,0,0,1
12830,1,1,0,0,0,1,0,0,1,0,0,0,0,1,1,0,1,1
12831,1,1,0,0,0,1,0,0,1,1,0,0,1,1,0,0,0,1
12832,1,1,0,0,0,1,0,0,1,1,0,0,0,1,0,0,1,1
12833,1,1,0,0,0,1,0,0,1,0,0,0,1,1,0,0,1,1
12834,1,1,0,0,0,1,0,0,1,1,0,0,1,1,1,0,0,0
12835,1,1,0,0,0,1,0,0,1,1,0,0,0,1,1,0,1,0
12836,1,1,0,0,0,1,0,0,1,0,0,0,1,1,1,0,1,0
12837,1,1,0,0,0,1,0,0,1,1,0,0,1,1,0,0,1,0
12838,1,1,0,0,0,1,0,0,1,1,1,0,0,0,1,0,0,1
12839,1,1,0,0,0,1,0,0,1,0,1,0,1,0,1,0,0,1
12840,1,1,0,0,0,1,0,0,1,0,1,0,0,0,1,0,1,1
12841,1,1,0,0,0,1,0,0,1,1,1,0,1,0,0,0,0,1
12842,1,1,0,0,0,1,0,0,1,1,1,0,0,0,0,0,1,1
12843,1,1,0,0,0,1,0,0,1,0,1,0,1,0,0,0,1,1
12844,1,1,0,0,0,1,0,0,1,1,1,0,1,0,1,0,0,0
12845,1,1,0,0,0,1,0,0,1,1,1,0,0,0,1,0,1,0
12846,1,1,0,0,0,1,0,0,1,0,1,0,1,0,1,0,1,0
12847,1,1,0,0,0,1,0,0,1,1,1,0,1,0,0,0,1,0
12848,1,1,0,0,0,1,0,0,1,1,0,0,1,0,1,0,0,1
12849,1,1,0,0,0,1,0,0,1,1,0,0,0,0,1,0,1,1
12850,1,1,0,0,0,1,0,0,1,0,0,0,1,0,1,0,1,1
12851,1,1,0,0,0,1,0,0,1,1,0,0,1,0,0,0,1,1
12852,1,1,0,0,0,1,0,0,1,1,0,0,1,0,1,0,1,0
12853,0,1,1,0,0,1,1,0,1,0,1,1,0,1,0,0,0,0
12854,0,1,1,0,0,1,1,0,1,0,0,1,0,1,0,0,0,1
12855,0,1,1,0,0,1,1,0,1,0,0,1,0,1,1,0,0,0
12856,0,1,1,0,0,1,1,0,1,1,0,1,0,1,0,0,0,0
12857,0,1,1,0,0,1,1,0,1,0,0,1,1,1,0,0,0,0
12858,0,1,1,0,0,1,1,0,1,0,0,1,0,1,0,0,1,0
12859,0,1,1,0,0,1,1,0,1,0,1,1,0,0,0,0,0,1
12860,0,1,1,0,0,1,1,0,1,0,1,1,0,0,1,0,0,0
12861,0,1,1,0,0,1,1,0,1,1,1,1,0,0,0,0,0,0
12862,0,1,1,0,0,1,1,0,1,0,1,1,1,0,0,0,0,0
12863,0,1,1,0,0,1,1,0,1,0,1,1,0,0,0,0,1,0
12864,0,1,1,0,0,1,1,0,1,0,0,1,0,0,1,0,0,1
12865,0,1,1,0,0,1,1,0,1,1,0,1,0,0,0,0,0,1
12866,0,1,1,0,0,1,1,0,1,0,0,1,1,0,0,0,0,1
12867,0,1,1,0,0,1,1,0,1,0,0,1,0,0,0,0,1,1
12868,0,1,1,0,0,1,1,0,1,1,0,1,0,0,1,0,0,0
12869,0,1,1,0,0,1,1,0,1,0,0,1,1,0,1,0,0,0
12870,0,1,1,0,0,1,1,0,1,0,0,1,0,0,1,0,1,0
12871,0,1,1,0,0,1,1,0,1,1,0,1,1,0,0,0,0,0
12872,0,1,1,0,0,1,1,0,1,1,0,1,0,0,0,0,1,0
12873,0,1,1,0,0,1,1,0,1,0,0,1,1,0,0,0,1,0
12874,0,1,1,0,0,1,1,0,1,0,1,0,0,1,0,0,0,1
12875,0,1,1,0,0,1,1,0,1,0,1,0,0,1,1,0,0,0
12876,0,1,1,0,0,1,1,0,1,1,1,0,0,1,0,0,0,0
12877,0,1,1,0,0,1,1,0,1,0,1,0,1,1,0,0,0,0
12878,0,1,1,0,0,1,1,0,1,0,1,0,0,1,0,0,1,0
12879,0,1,1,0,0,1,1,0,1,0,0,0,0,1,1,0,0,1
12880,0,1,1,0,0,1,1,0,1,1,0,0,0,1,0,0,0,1
12881,0,1,1,0,0,1,1,0,1,0,0,0,1,1,0,0,0,1
12882,0,1,1,0,0,1,1,0,1,0,0,0,0,1,0,0,1,1
12883,0,1,1,0,0,1,1,0,1,1,0,0,0,1,1,0,0,0
12884,0,1,1,0,0,1,1,0,1,0,0,0,1,1,1,0,0,0
12885,0,1,1,0,0,1,1,0,1,0,0,0,0,1,1,0,1,0
12886,0,1,1,0,0,1,1,0,1,1,0,0,1,1,0,0,0,0
12887,0,1,1,0,0,1,1,0,1,1,0,0,0,1,0,0,1,0
12888,0,1,1,0,0,1,1,0,1,0,0,0,1,1,0,0,1,0
12889,0,1,1,0,0,1,1,0,1,0,1,0,0,0,1,0,0,1
12890,0,1,1,0,0,1,1,0,1,1,1,0,0,0,0,0,0,1
12891,0,1,1,0,0,1,1,0,1,0,1,0,1,0,0,0,0,1
12892,0,1,1,0,0,1,1,0,1,0,1,0,0,0,0,0,1,1
12893,0,1,1,0,0,1,1,0,1,1,1,0,0,0,1,0,0,0
12894,0,1,1,0,0,1,1,0,1,0,1,0,1,0,1,0,0,0
12895,0,1,1,0,0,1,1,0,1,0,1,0,0,0,1,0,1,0
12896,0,1,1,0,0,1,1,0,1,1,1,0,1,0,0,0,0,0
12897,0,1,1,0,0,1,1,0,1,1,1,0,0,0,0,0,1,0
12898,0,1,1,0,0,1,1,0,1,0,1,0,1,0,0,0,1,0
12899,0,1,1,0,0,1,1,0,1,1,0,0,0,0,1,0,0,1
12900,0,1,1,0,0,1,1,0,1,0,0,0,1,0,1,0,0,1
12901,0,1,1,0,0,1,1,0,1,0,0,0,0,0,1,0,1,1
12902,0,1,1,0,0,1,1,0,1,1,0,0,1,0,0,0,0,1
12903,0,1,1,0,0,1,1,0,1,1,0,0,0,0,0,0,1,1
12904,0,1,1,0,0,1,1,0,1,0,0,0,1,0,0,0,1,1
12905,0,1,1,0,0,1,1,0,1,1,0,0,1,0,1,0,0,0
12906,0,1,1,0,0,1,1,0,1,1,0,0,0,0,1,0,1,0
12907,0,1,1,0,0,1,1,0,1,0,0,0,1,0,1,0,1,0
12908,0,1,1,0,0,1,1,0,1,1,0,0,1,0,0,0,1,0
12909,0,1,1,0,0,1,0,0,1,0,1,1,0,1,0,0,0,1
12910,0,1,1,0,0,1,0,0,1,0,1,1,0,1,1,0,0,0
12911,0,1,1,0,0,1,0,0,1,1,1,1,0,1,0,0,0,0
12912,0,1,1,0,0,1,0,0,1,0,1,1,1,1,0,0,0,0
12913,0,1,1,0,0,1,0,0,1,0,1,1,0,1,0,0,1,0
12914,0,1,1,0,0,1,0,0,1,0,0,1,0,1,1,0,0,1
12915,0,1,1,0,0,1,0,0,1,1,0,1,0,1,0,0,0,1
12916,0,1,1,0,0,1,0,0,1,0,0,1,1,1,0,0,0,1
12917,0,1,1,0,0,1,0,0,1,0,0,1,0,1,0,0,1,1
12918,0,1,1,0,0,1,0,0,1,1,0,1,0,1,1,0,0,0
12919,0,1,1,0,0,1,0,0,1,0,0,1,1,1,1,0,0,0
12920,0,1,1,0,0,1,0,0,1,0,0,1,0,1,1,0,1,0
12921,0,1,1,0,0,1,0,0,1,1,0,1,1,1,0,0,0,0
12922,0,1,1,0,0,1,0,0,1,1,0,1,0,1,0,0,1,0
12923,0,1,1,0,0,1,0,0,1,0,0,1,1,1,0,0,1,0
12924,0,1,1,0,0,1,0,0,1,0,1,1,0,0,1,0,0,1
12925,0,1,1,0,0,1,0,0,1,1,1,1,0,0,0,0,0,1
12926,0,1,1,0,0,1,0,0,1,0,1,1,1,0,0,0,0,1
12927,0,1,1,0,0,1,0,0,1,0,1,1,0,0,0,0,1,1
12928,0,1,1,0,0,1,0,0,1,1,1,1,0,0,1,0,0,0
12929,0,1,1,0,0,1,0,0,1,0,1,1,1,0,1,0,0,0
12930,0,1,1,0,0,1,0,0,1,0,1,1,0,0,1,0,1,0
12931,0,1,1,0,0,1,0,0,1,1,1,1,1,0,0,0,0,0
12932,0,1,1,0,0,1,0,0,1,1,1,1,0,0,0,0,1,0
12933,0,1,1,0,0,1,0,0,1,0,1,1,1,0,0,0,1,0
12934,0,1,1,0,0,1,0,0,1,1,0,1,0,0,1,0,0,1
12935,0,1,1,0,0,1,0,0,1,0,0,1,1,0,1,0,0,1
12936,0,1,1,0,0,1,0,0,1,0,0,1,0,0,1,0,1,1
12937,0,1,1,0,0,1,0,0,1,1,0,1,1,0,0,0,0,1
12938,0,1,1,0,0,1,0,0,1,1,0,1,0,0,0,0,1,1
12939,0,1,1,0,0,1,0,0,1,0,0,1,1,0,0,0,1,1
12940,0,1,1,0,0,1,0,0,1,1,0,1,1,0,1,0,0,0
12941,0,1,1,0,0,1,0,0,1,1,0,1,0,0,1,0,1,0
12942,0,1,1,0,0,1,0,0,1,0,0,1,1,0,1,0,1,0
12943,0,1,1,0,0,1,0,0,1,1,0,1,1,0,0,0,1,0
12944,0,1,1,0,0,1,0,0,1,0,1,0,0,1,1,0,0,1
12945,0,1,1,0,0,1,0,0,1,1,1,0,0,1,0,0,0,1
12946,0,1,1,0,0,1,0,0,1,0,1,0,1,1,0,0,0,1
12947,0,1,1,0,0,1,0,0,1,0,1,0,0,1,0,0,1,1
12948,0,1,1,0,0,1,0,0,1,1,1,0,0,1,1,0,0,0
12949,0,1,1,0,0,1,0,0,1,0,1,0,1,1,1,0,0,0
12950,0,1,1,0,0,1,0,0,1,0,1,0,0,1,1,0,1,0
12951,0,1,1,0,0,1,0,0,1,1,1,0,1,1,0,0,0,0
12952,0,1,1,0,0,1,0,0,1,1,1,0,0,1,0,0,1,0
12953,0,1,1,0,0,1,0,0,1,0,1,0,1,1,0,0,1,0
12954,0,1,1,0,0,1,0,0,1,1,0,0,0,1,1,0,0,1
12955,0,1,1,0,0,1,0,0,1,0,0,0,1,1,1,0,0,1
12956,0,1,1,0,0,1,0,0,1,0,0,0,0,1,1,0,1,1
12957,0,1,1,0,0,1,0,0,1,1,0,0,1,1,0,0,0,1
12958,0,1,1,0,0,1,0,0,1,1,0,0,0,1,0,0,1,1
12959,0,1,1,0,0,1,0,0,1,0,0,0,1,1,0,0,1,1
12960,0,1,1,0,0,1,0,0,1,1,0,0,1,1,1,0,0,0
12961,0,1,1,0,0,1,0,0,1,1,0,0,0,1,1,0,1,0
12962,0,1,1,0,0,1,0,0,1,0,0,0,1,1,1,0,1,0
12963,0,1,1,0,0,1,0,0,1,1,0,0,1,1,0,0,1,0
12964,0,1,1,0,0,1,0,0,1,1,1,0,0,0,1,0,0,1
12965,0,1,1,0,0,1,0,0,1,0,1,0,1,0,1,0,0,1
12966,0,1,1,0,0,1,0,0,1,0,1,0,0,0,1,0,1,1
12967,0,1,1,0,0,1,0,0,1,1,1,0,1,0,0,0,0,1
12968,0,1,1,0,0,1,0,0,1,1,1,0,0,0,0,0,1,1
12969,0,1,1,0,0,1,0,0,1,0,1,0,1,0,0,0,1,1
12970,0,1,1,0,0,1,0,0,1,1,1,0,1,0,1,0,0,0
12971,0,1,1,0,0,1,0,0,1,1,1,0,0,0,1,0,1,0
12972,0,1,1,0,0,1,0,0,1,0,1,0,1,0,1,0,1,0
12973,0,1,1,0,0,1,0,0,1,1,1,0,1,0,0,0,1,0
12974,0,1,1,0,0,1,0,0,1,1,0,0,1,0,1,0,0,1
12975,0,1,1,0,0,1,0,0,1,1,0,0,0,0,1,0,1,1
12976,0,1,1,0,0,1,0,0,1,0,0,0,1,0,1,0,1,1
12977,0,1,1,0,0,1,0,0,1,1,0,0,1,0,0,0,1,1
12978,0,1,1,0,0,1,0,0,1,1,0,0,1,0,1,0,1,0
12979,0,1,0,1,0,1,1,0,1,0,1,1,0,1,0,0,0,0
12980,0,1,0,1,0,1,1,0,1,0,0,1,0,1,0,0,0,1
12981,0,1,0,1,0,1,1,0,1,0,0,1,0,1,1,0,0,0
12982,0,1,0,1,0,1,1,0,1,1,0,1,0,1,0,0,0,0
12983,0,1,0,1,0,1,1,0,1,0,0,1,1,1,0,0,0,0
12984,0,1,0,1,0,1,1,0,1,0,0,1,0,1,0,0,1,0
12985,0,1,0,1,0,1,1,0,1,0,1,1,0,0,0,0,0,1
12986,0,1,0,1,0,1,1,0,1,0,1,1,0,0,1,0,0,0
12987,0,1,0,1,0,1,1,0,1,1,1,1,0,0,0,0,0,0
12988,0,1,0,1,0,1,1,0,1,0,1,1,1,0,0,0,0,0
12989,0,1,0,1,0,1,1,0,1,0,1,1,0,0,0,0,1,0
12990,0,1,0,1,0,1,1,0,1,0,0,1,0,0,1,0,0,1
12991,0,1,0,1,0,1,1,0,1,1,0,1,0,0,0,0,0,1
12992,0,1,0,1,0,1,1,0,1,0,0,1,1,0,0,0,0,1
12993,0,1,0,1,0,1,1,0,1,0,0,1,0,0,0,0,1,1
12994,0,1,0,1,0,1,1,0,1,1,0,1,0,0,1,0,0,0
12995,0,1,0,1,0,1,1,0,1,0,0,1,1,0,1,0,0,0
12996,0,1,0,1,0,1,1,0,1,0,0,1,0,0,1,0,1,0
12997,0,1,0,1,0,1,1,0,1,1,0,1,1,0,0,0,0,0
12998,0,1,0,1,0,1,1,0,1,1,0,1,0,0,0,0,1,0
12999,0,1,0,1,0,1,1,0,1,0,0,1,1,0,0,0,1,0
13000,0,1,0,1,0,1,1,0,1,0,1,0,0,1,0,0,0,1
13001,0,1,0,1,0,1,1,0,1,0,1,0,0,1,1,0,0,0
13002,0,1,0,1,0,1,1,0,1,1,1,0,0,1,0,0,0,0
13003,0,1,0,1,0,1,1,0,1,0,1,0,1,1,0,0,0,0
13004,0,1,0,1,0,1,1,0,1,0,1,0,0,1,0,0,1,0
13005,0,1,0,1,0,1,1,0,1,0,0,0,0,1,1,0,0,1
13006,0,1,0,1,0,1,1,0,1,1,0,0,0,1,0,0,0,1
13007,0,1,0,1,0,1,1,0,1,0,0,0,1,1,0,0,0,1
13008,0,1,0,1,0,1,1,0,1,0,0,0,0,1,0,0,1,1
13009,0,1,0,1,0,1,1,0,1,1,0,0,0,1,1,0,0,0
13010,0,1,0,1,0,1,1,0,1,0,0,0,1,1,1,0,0,0
13011,0,1,0,1,0,1,1,0,1,0,0,0,0,1,1,0,1,0
13012,0,1,0,1,0,1,1,0,1,1,0,0,1,1,0,0,0,0
13013,0,1,0,1,0,1,1,0,1,1,0,0,0,1,0,0,1,0
13014,0,1,0,1,0,1,1,0,1,0,0,0,1,1,0,0,1,0
13015,0,1,0,1,0,1,1,0,1,0,1,0,0,0,1,0,0,1
13016,0,1,0,1,0,1,1,0,1,1,1,0,0,0,0,0,0,1
13017,0,1,0,1,0,1,1,0,1,0,1,0,1,0,0,0,0,1
13018,0,1,0,1,0,1,1,0,1,0,1,0,0,0,0,0,1,1
13019,0,1,0,1,0,1,1,0,1,1,1,0,0,0,1,0,0,0
13020,0,1,0,1,0,1,1,0,1,0,1,0,1,0,1,0,0,0
13021,0,1,0,1,0,1,1,0,1,0,1,0,0,0,1,0,1,0
13022,0,1,0,1,0,1,1,0,1,1,1,0,1,0,0,0,0,0
13023,0,1,0,1,0,1,1,0,1,1,1,0,0,0,0,0,1,0
13024,0,1,0,1,0,1,1,0,1,0,1,0,1,0,0,0,1,0
13025,0,1,0,1,0,1,1,0,1,1,0,0,0,0,1,0,0,1
13026,0,1,0,1,0,1,1,0,1,0,0,0,1,0,1,0,0,1
13027,0,1,0,1,0,1,1,0,1,0,0,0,0,0,1,0,1,1
13028,0,1,0,1,0,1,1,0,1,1,0,0,1,0,0,0,0,1
13029,0,1,0,1,0,1,1,0,1,1,0,0,0,0,0,0,1,1
13030,0,1,0,1,0,1,1,0,1,0,0,0,1,0,0,0,1,1
13031,0,1,0,1,0,1,1,0,1,1,0,0,1,0,1,0,0,0
13032,0,1,0,1,0,1,1,0,1,1,0,0,0,0,1,0,1,0
13033,0,1,0,1,0,1,1,0,1,0,0,0,1,0,1,0,1,0
13034,0,1,0,1,0,1,1,0,1,1,0,0,1,0,0,0,1,0
13035,0,1,0,1,0,1,0,0,1,0,1,1,0,1,0,0,0,1
13036,0,1,0,1,0,1,0,0,1,0,1,1,0,1,1,0,0,0
13037,0,1,0,1,0,1,0,0,1,1,1,1,0,1,0,0,0,0
13038,0,1,0,1,0,1,0,0,1,0,1,1,1,1,0,0,0,0
13039,0,1,0,1,0,1,0,0,1,0,1,1,0,1,0,0,1,0
13040,0,1,0,1,0,1,0,0,1,0,0,1,0,1,1,0,0,1
13041,0,1,0,1,0,1,0,0,1,1,0,1,0,1,0,0,0,1
13042,0,1,0,1,0,1,0,0,1,0,0,1,1,1,0,0,0,1
13043,0,1,0,1,0,1,0,0,1,0,0,1,0,1,0,0,1,1
13044,0,1,0,1,0,1,0,0,1,1,0,1,0,1,1,0,0,0
13045,0,1,0,1,0,1,0,0,1,0,0,1,1,1,1,0,0,0
13046,0,1,0,1,0,1,0,0,1,0,0,1,0,1,1,0,1,0
13047,0,1,0,1,0,1,0,0,1,1,0,1,1,1,0,0,0,0
13048,0,1,0,1,0,1,0,0,1,1,0,1,0,1,0,0,1,0
13049,0,1,0,1,0,1,0,0,1,0,0,1,1,1,0,0,1,0
13050,0,1,0,1,0,1,0,0,1,0,1,1,0,0,1,0,0,1
13051,0,1,0,1,0,1,0,0,1,1,1,1,0,0,0,0,0,1
13052,0,1,0,1,0,1,0,0,1,0,1,1,1,0,0,0,0,1
13053,0,1,0,1,0,1,0,0,1,0,1,1,0,0,0,0,1,1
13054,0,1,0,1,0,1,0,0,1,1,1,1,0,0,1,0,0,0
13055,0,1,0,1,0,1,0,0,1,0,1,1,1,0,1,0,0,0
13056,0,1,0,1,0,1,0,0,1,0,1,1,0,0,1,0,1,0
13057,0,1,0,1,0,1,0,0,1,1,1,1,1,0,0,0,0,0
13058,0,1,0,1,0,1,0,0,1,1,1,1,0,0,0,0,1,0
13059,0,1,0,1,0,1,0,0,1,0,1,1,1,0,0,0,1,0
13060,0,1,0,1,0,1,0,0,1,1,0,1,0,0,1,0,0,1
13061,0,1,0,1,0,1,0,0,1,0,0,1,1,0,1,0,0,1
13062,0,1,0,1,0,1,0,0,1,0,0,1,0,0,1,0,1,1
13063,0,1,0,1,0,1,0,0,1,1,0,1,1,0,0,0,0,1
13064,0,1,0,1,0,1,0,0,1,1,0,1,0,0,0,0,1,1
13065,0,1,0,1,0,1,0,0,1,0,0,1,1,0,0,0,1,1
13066,0,1,0,1,0,1,0,0,1,1,0,1,1,0,1,0,0,0
13067,0,1,0,1,0,1,0,0,1,1,0,1,0,0,1,0,1,0
13068,0,1,0,1,0,1,0,0,1,0,0,1,1,0,1,0,1,0
13069,0,1,0,1,0,1,0,0,1,1,0,1,1,0,0,0,1,0
13070,0,1,0,1,0,1,0,0,1,0,1,0,0,1,1,0,0,1
13071,0,1,0,1,0,1,0,0,1,1,1,0,0,1,0,0,0,1
13072,0,1,0,1,0,1,0,0,1,0,1,0,1,1,0,0,0,1
13073,0,1,0,1,0,1,0,0,1,0,1,0,0,1,0,0,1,1
13074,0,1,0,1,0,1,0,0,1,1,1,0,0,1,1,0,0,0
13075,0,1,0,1,0,1,0,0,1,0,1,0,1,1,1,0,0,0
13076,0,1,0,1,0,1,0,0,1,0,1,0,0,1,1,0,1,0
13077,0,1,0,1,0,1,0,0,1,1,1,0,1,1,0,0,0,0
13078,0,1,0,1,0,1,0,0,1,1,1,0,0,1,0,0,1,0
13079,0,1,0,1,0,1,0,0,1,0,1,0,1,1,0,0,1,0
13080,0,1,0,1,0,1,0,0,1,1,0,0,0,1,1,0,0,1
13081,0,1,0,1,0,1,0,0,1,0,0,0,1,1,1,0,0,1
13082,0,1,0,1,0,1,0,0,1,0,0,0,0,1,1,0,1,1
13083,0,1,0,1,0,1,0,0,1,1,0,0,1,1,0,0,0,1
13084,0,1,0,1,0,1,0,0,1,1,0,0,0,1,0,0,1,1
13085,0,1,0,1,0,1,0,0,1,0,0,0,1,1,0,0,1,1
13086,0,1,0,1,0,1,0,0,1,1,0,0,1,1,1,0,0,0
13087,0,1,0,1,0,1,0,0,1,1,0,0,0,1,1,0,1,0
13088,0,1,0,1,0,1,0,0,1,0,0,0,1,1,1,0,1,0
13089,0,1,0,1,0,1,0,0,1,1,0,0,1,1,0,0,1,0
13090,0,1,0,1,0,1,0,0,1,1,1,0,0,0,1,0,0,1
13091,0,1,0,1,0,1,0,0,1,0,1,0,1,0,1,0,0,1
13092,0,1,0,1,0,1,0,0,1,0,1,0,0,0,1,0,1,1
13093,0,1,0,1,0,1,0,0,1,1,1,0,1,0,0,0,0,1
13094,0,1,0,1,0,1,0,0,1,1,1,0,0,0,0,0,1,1
13095,0,1,0,1,0,1,0,0,1,0,1,0,1,0,0,0,1,1
13096,0,1,0,1,0,1,0,0,1,1,1,0,1,0,1,0,0,0
13097,0,1,0,1,0,1,0,0,1,1,1,0,0,0,1,0,1,0
13098,0,1,0,1,0,1,0,0,1,0,1,0,1,0,1,0,1,0
13099,0,1,0,1,0,1,0,0,1,1,1,0,1,0,0,0,1,0
13100,0,1,0,1,0,1,0,0,1,1,0,0,1,0,1,0,0,1
13101,0,1,0,1,0,1,0,0,1,1,0,0,0,0,1,0,1,1
13102,0,1,0,1,0,1,0,0,1,0,0,0,1,0,1,0,1,1
13103,0,1,0,1,0,1,0,0,1,1,0,0,1,0,0,0,1,1
13104,0,1,0,1,0,1,0,0,1,1,0,0,1,0,1,0,1,0
13105,1,1,1,0,0,0,1,0,1,0,1,1,0,1,0,0,0,0
13106,1,1,1,0,0,0,1,0,1,0,0,1,0,1,0,0,0,1
13107,1,1,1,0,0,0,1,0,1,0,0,1,0,1,1,0,0,0
13108,1,1,1,0,0,0,1,0,1,1,0,1,0,1,0,0,0,0
13109,1,1,1,0,0,0,1,0,1,0,0,1,1,1,0,0,0,0
13110,1,1,1,0,0,0,1,0,1,0,0,1,0,1,0,0,1,0
13111,1,1,1,0,0,0,1,0,1,0,1,1,0,0,0,0,0,1
13112,1,1,1,0,0,0,1,0,1,0,1,1,0,0,1,0,0,0
13113,1,1,1,0,0,0,1,0,1,1,1,1,0,0,0,0,0,0
13114,1,1,1,0,0,0,1,0,1,0,1,1,1,0,0,0,0,0
13115,1,1,1,0,0,0,1,0,1,0,1,1,0,0,0,0,1,0
13116,1,1,1,0,0,0,1,0,1,0,0,1,0,0,1,0,0,1
13117,1,1,1,0,0,0,1,0,1,1,0,1,0,0,0,0,0,1
13118,1,1,1,0,0,0,1,0,1,0,0,1,1,0,0,0,0,1
13119,1,1,1,0,0,0,1,0,1,0,0,1,0,0,0,0,1,1
13120,1,1,1,0,0,0,1,0,1,1,0,1,0,0,1,0,0,0
13121,1,1,1,0,0,0,1,0,1,0,0,1,1,0,1,0,0,0
13122,1,1,1,0,0,0,1,0,1,0,0,1,0,0,1,0,1,0
13123,1,1,1,0,0,0,1,0,1,1,0,1,1,0,0,0,0,0
13124,1,1,1,0,0,0,1,0,1,1,0,1,0,0,0,0,1,0
13125,1,1,1,0,0,0,1,0,1,0,0,1,1,0,0,0,1,0
13126,1,1,1,0,0,0,1,0,1,0,1,0,0,1,0,0,0,1
13127,1,1,1,0,0,0,1,0,1,0,1,0,0,1,1,0,0,0
13128,1,1,1,0,0,0,1,0,1,1,1,0,0,1,0,0,0,0
13129,1,1,1,0,0,0,1,0,1,0,1,0,1,1,0,0,0,0
13130,1,1,1,0,0,0,1,0,1,0,1,0,0,1,0,0,1,0
13131,1,1,1,0,0,0,1,0,1,0,0,0,0,1,1,0,0,1
13132,1,1,1,0,0,0,1,0,1,1,0,0,0,1,0,0,0,1
13133,1,1,1,0,0,0,1,0,1,0,0,0,1,1,0,0,0,1
13134,1,1,1,0,0,0,1,0,1,0,0,0,0,1,0,0,1,1
13135,1,1,1,0,0,0,1,0,1,1,0,0,0,1,1,0,0,0
13136,1,1,1,0,0,0,1,0,1,0,0,0,1,1,1,0,0,0
13137,1,1,1,0,0,0,1,0,1,0,0,0,0,1,1,0,1,0
13138,1,1,1,0,0,0,1,0,1,1,0,0,1,1,0,0,0,0
13139,1,1,1,0,0,0,1,0,1,1,0,0,0,1,0,0,1,0
13140,1,1,1,0,0,0,1,0,1,0,0,0,1,1,0,0,1,0
13141,1,1,1,0,0,0,1,0,1,0,1,0,0,0,1,0,0,1
13142,1,1,1,0,0,0,1,0,1,1,1,0,0,0,0,0,0,1
13143,1,1,1,0,0,0,1,0,1,0,1,0,1,0,0,0,0,1
13144,1,1,1,0,0,0,1,0,1,0,1,0,0,0,0,0,1,1
13145,1,1,1,0,0,0,1,0,1,1,1,0,0,0,1,0,0,0
13146,1,1,1,0,0,0,1,0,1,0,1,0,1,0,1,0,0,0
13147,1,1,1,0,0,0,1,0,1,0,1,0,0,0,1,0,1,0
13148,1,1,1,0,0,0,1,0,1,1,1,0,1,0,0,0,0,0
13149,1,1,1,0,0,0,1,0,1,1,1,0,0,0,0,0,1,0
13150,1,1,1,0,0,0,1,0,1,0,1,0,1,0,0,0,1,0
13151,1,1,1,0,0,0,1,0,1,1,0,0,0,0,1,0,0,1
13152,1,1,1,0,0,0,1,0,1,0,0,0,1,0,1,0,0,1
13153,1,1,1,0,0,0,1,0,1,0,0,0,0,0,1,0,1,1
13154,1,1,1,0,0,0,1,0,1,1,0,0,1,0,0,0,0,1
13155,1,1,1,0,0,0,1,0,1,1,0,0,0,0,0,0,1,1
13156,1,1,1,0,0,0,1,0,1,0,0,0,1,0,0,0,1,1
13157,1,1,1,0,0,0,1,0,1,1,0,0,1,0,1,0,0,0
13158,1,1,1,0,0,0,1,0,1,1,0,0,0,0,1,0,1,0
13159,1,1,1,0,0,0,1,0,1,0,0,0,1,0,1,0,1,0
13160,1,1,1,0,0,0,1,0,1,1,0,0,1,0,0,0,1,0
13161,1,1,1,0,0,0,0,0,1,0,1,1,0,1,0,0,0,1
13162,1,1,1,0,0,0,0,0,1,0,1,1,0,1,1,0,0,0
13163,1,1,1,0,0,0,0,0,1,1,1,1,0,1,0,0,0,0
13164,1,1,1,0,0,0,0,0,1,0,1,1,1,1,0,0,0,0
13165,1,1,1,0,0,0,0,0,1,0,1,1,0,1,0,0,1,0
13166,1,1,1,0,0,0,0,0,1,0,0,1,0,1,1,0,0,1
13167,1,1,1,0,0,0,0,0,1,1,0,1,0,1,0,0,0,1
13168,1,1,1,0,0,0,0,0,1,0,0,1,1,1,0,0,0,1
13169,1,1,1,0,0,0,0,0,1,0,0,1,0,1,0,0,1,1
13170,1,1,1,0,0,0,0,0,1,1,0,1,0,1,1,0,0,0
13171,1,1,1,0,0,0,0,0,1,0,0,1,1,1,1,0,0,0
13172,1,1,1,0,0,0,0,0,1,0,0,1,0,1,1,0,1,0
13173,1,1,1,0,0,0,0,0,1,1,0,1,1,1,0,0,0,0
13174,1,1,1,0,0,0,0,0,1,1,0,1,0,1,0,0,1,0
13175,1,1,1,0,0,0,0,0,1,0,0,1,1,1,0,0,1,0
13176,1,1,1,0,0,0,0,0,1,0,1,1,0,0,1,0,0,1
13177,1,1,1,0,0,0,0,0,1,1,1,1,0,0,0,0,0,1
13178,1,1,1,0,0,0,0,0,1,0,1,1,1,0,0,0,0,1
13179,1,1,1,0,0,0,0,0,1,0,1,1,0,0,0,0,1,1
13180,1,1,1,0,0,0,0,0,1,1,1,1,0,0,1,0,0,0
13181,1,1,1,0,0,0,0,0,1,0,1,1,1,0,1,0,0,0
13182,1,1,1,0,0,0,0,0,1,0,1,1,0,0,1,0,1,0
13183,1,1,1,0,0,0,0,0,1,1,1,1,1,0,0,0,0,0
13184,1,1,1,0,0,0,0,0,1,1,1,1,0,0,0,0,1,0
13185,1,1,1,0,0,0,0,0,1,0,1,1,1,0,0,0,1,0
13186,1,1,1,0,0,0,0,0,1,1,0,1,0,0,1,0,0,1
13187,1,1,1,0,0,0,0,0,1,0,0,1,1,0,1,0,0,1
13188,1,1,1,0,0,0,0,0,1,0,0,1,0,0,1,0,1,1
13189,1,1,1,0,0,0,0,0,1,1,0,1,1,0,0,0,0,1
13190,1,1,1,0,0,0,0,0,1,1,0,1,0,0,0,0,1,1
13191,1,1,1,0,0,0,0,0,1,0,0,1,1,0,0,0,1,1
13192,1,1,1,0,0,0,0,0,1,1,0,1,1,0,1,0,0,0
13193,1,1,1,0,0,0,0,0,1,1,0,1,0,0,1,0,1,0
13194,1,1,1,0,0,0,0,0,1,0,0,1,1,0,1,0,1,0
13195,1,1,1,0,0,0,0,0,1,1,0,1,1,0,0,0,1,0
13196,1,1,1,0,0,0,0,0,1,0,1,0,0,1,1,0,0,1
13197,1,1,1,0,0,0,0,0,1,1,1,0,0,1,0,0,0,1
13198,1,1,1,0,0,0,0,0,1,0,1,0,1,1,0,0,0,1
13199,1,1,1,0,0,0,0,0,1,0,1,0,0,1,0,0,1,1
13200,1,1,1,0,0,0,0,0,1,1,1,0,0,1,1,0,0,0
13201,1,1,1,0,0,0,0,0,1,0,1,0,1,1,1,0,0,0
13202,1,1,1,0,0,0,0,0,1,0,1,0,0,1,1,0,1,0
13203,1,1,1,0,0,0,0,0,1,1,1,0,1,1,0,0,0,0
13204,1,1,1,0,0,0,0,0,1,1,1,0,0,1,0,0,1,0
13205,1,1,1,0,0,0,0,0,1,0,1,0,1,1,0,0,1,0
13206,1,1,1,0,0,0,0,0,1,1,0,0,0,1,1,0,0,1
13207,1,1,1,0,0,0,0,0,1,0,0,0,1,1,1,0,0,1
13208,1,1,1,0,0,0,0,0,1,0,0,0,0,1,1,0,1,1
13209,1,1,1,0,0,0,0,0,1,1,0,0,1,1,0,0,0,1
13210,1,1,1,0,0,0,0,0,1,1,0,0,0,1,0,0,1,1
13211,1,1,1,0,0,0,0,0,1,0,0,0,1,1,0,0,1,1
13212,1,1,1,0,0,0,0,0,1,1,0,0,1,1,1,0,0,0
13213,1,1,1,0,0,0,0,0,1,1,0,0,0,1,1,0,1,0
13214,1,1,1,0,0,0,0,0,1,0,0,0,1,1,1,0,1,0
13215,1,1,1,0,0,0,0,0,1,1,0,0,1,1,0,0,1,0
13216,1,1,1,0,0,0,0,0,1,1,1,0,0,0,1,0,0,1
13217,1,1,1,0,0,0,0,0,1,0,1,0,1,0,1,0,0,1
13218,1,1,1,0,0,0,0,0,1,0,1,0,0,0,1,0,1,1
13219,1,1,1,0,0,0,0,0,1,1,1,0,1,0,0,0,0,1
13220,1,1,1,0,0,0,0,0,1,1,1,0,0,0,0,0,1,1
13221,1,1,1,0,0,0,0,0,1,0,1,0,1,0,0,0,1,1
13222,1,1,1,0,0,0,0,0,1,1,1,0,1,0,1,0,0,0
13223,1,1,1,0,0,0,0,0,1,1,1,0,0,0,1,0,1,0
13224,1,1,1,0,0,0,0,0,1,0,1,0,1,0,1,0,1,0
13225,1,1,1,0,0,0,0,0,1,1,1,0,1,0,0,0,1,0
13226,1,1,1,0,0,0,0,0,1,1,0,0,1,0,1,0,0,1
13227,1,1,1,0,0,0,0,0,1,1,0,0,0,0,1,0,1,1
13228,1,1,1,0,0,0,0,0,1,0,0,0,1,0,1,0,1,1
13229,1,1,1,0,0,0,0,0,1,1,0,0,1,0,0,0,1,1
13230,1,1,1,0,0,0,0,0,1,1,0,0,1,0,1,0,1,0
13231,1,1,0,1,0,0,1,0,1,0,1,1,0,1,0,0,0,0
13232,1,1,0,1,0,0,1,0,1,0,0,1,0,1,0,0,0,1
13233,1,1,0,1,0,0,1,0,1,0,0,1,0,1,1,0,0,0
13234,1,1,0,1,0,0,1,0,1,1,0,1,0,1,0,0,0,0
13235,1,1,0,1,0,0,1,0,1,0,0,1,1,1,0,0,0,0
13236,1,1,0,1,0,0,1,0,1,0,0,1,0,1,0,0,1,0
13237,1,1,0,1,0,0,1,0,1,0,1,1,0,0,0,0,0,1
13238,1,1,0,1,0,0,1,0,1,0,1,1,0,0,1,0,0,0
13239,1,1,0,1,0,0,1,0,1,1,1,1,0,0,0,0,0,0
13240,1,1,0,1,0,0,1,0,1,0,1,1,1,0,0,0,0,0
13241,1,1,0,1,0,0,1,0,1,0,1,1,0,0,0,0,1,0
13242,1,1,0,1,0,0,1,0,1,0,0,1,0,0,1,0,0,1
13243,1,1,0,1,0,0,1,0,1,1,0,1,0,0,0,0,0,1
13244,1,1,0,1,0,0,1,0,1,0,0,1,1,0,0,0,0,1
13245,1,1,0,1,0,0,1,0,1,0,0,1,0,0,0,0,1,1
13246,1,1,0,1,0,0,1,0,1,1,0,1,0,0,1,0,0,0
13247,1,1,0,1,0,0,1,0,1,0,0,1,1,0,1,0,0,0
13248,1,1,0,1,0,0,1,0,1,0,0,1,0,0,1,0,1,0
13249,1,1,0,1,0,0,1,0,1,1,0,1,1,0,0,0,0,0
13250,1,1,0,1,0,0,1,0,1,1,0,1,0,0,0,0,1,0
13251,1,1,0,1,0,0,1,0,1,0,0,1,1,0,0,0,1,0
13252,1,1,0,1,0,0,1,0,1,0,1,0,0,1,0,0,0,1
13253,1,1,0,1,0,0,1,0,1,0,1,0,0,1,1,0,0,0
13254,1,1,0,1,0,0,1,0,1,1,1,0,0,1,0,0,0,0
13255,1,1,0,1,0,0,1,0,1,0,1,0,1,1,0,0,0,0
13256,1,1,0,1,0,0,1,0,1,0,1,0,0,1,0,0,1,0
13257,1,1,0,1,0,0,1,0,1,0,0,0,0,1,1,0,0,1
13258,1,1,0,1,0,0,1,0,1,1,0,0,0,1,0,0,0,1
13259,1,1,0,1,0,0,1,0,1,0,0,0,1,1,0,0,0,1
13260,1,1,0,1,0,0,1,0,1,0,0,0,0,1,0,0,1,1
13261,1,1,0,1,0,0,1,0,1,1,0,0,0,1,1,0,0,0
13262,1,1,0,1,0,0,1,0,1,0,0,0,1,1,1,0,0,0
13263,1,1,0,1,0,0,1,0,1,0,0,0,0,1,1,0,1,0
13264,1,1,0,1,0,0,1,0,1,1,0,0,1,1,0,0,0,0
13265,1,1,0,1,0,0,1,0,1,1,0,0,0,1,0,0,1,0
13266,1,1,0,1,0,0,1,0,1,0,0,0,1,1,0,0,1,0
13267,1,1,0,1,0,0,1,0,1,0,1,0,0,0,1,0,0,1
13268,1,1,0,1,0,0,1,0,1,1,1,0,0,0,0,0,0,1
13269,1,1,0,1,0,0,1,0,1,0,1,0,1,0,0,0,0,1
13270,1,1,0,1,0,0,1,0,1,0,1,0,0,0,0,0,1,1
13271,1,1,0,1,0,0,1,0,1,1,1,0,0,0,1,0,0,0
13272,1,1,0,1,0,0,1,0,1,0,1,0,1,0,1,0,0,0
13273,1,1,0,1,0,0,1,0,1,0,1,0,0,0,1,0,1,0
13274,1,1,0,1,0,0,1,0,1,1,1,0,1,0,0,0,0,0
13275,1,1,0,1,0,0,1,0,1,1,1,0,0,0,0,0,1,0
13276,1,1,0,1,0,0,1,0,1,0,1,0,1,0,0,0,1,0
13277,1,1,0,1,0,0,1,0,1,1,0,0,0,0,1,0,0,1
13278,1,1,0,1,0,0,1,0,1,0,0,0,1,0,1,0,0,1
13279,1,1,0,1,0,0,1,0,1,0,0,0,0,0,1,0,1,1
13280,1,1,0,1,0,0,1,0,1,1,0,0,1,0,0,0,0,1
13281,1,1,0,1,0,0,1,0,1,1,0,0,0,0,0,0,1,1
13282,1,1,0,1,0,0,1,0,1,0,0,0,1,0,0,0,1,1
13283,1,1,0,1,0,0,1,0,1,1,0,0,1,0,1,0,0,0
13284,1,1,0,1,0,0,1,0,1,1,0,0,0,0,1,0,1,0
13285,1,1,0,1,0,0,1,0,1,0,0,0,1,0,1,0,1,0
13286,1,1,0,1,0,0,1,0,1,1,0,0,1,0,0,0,1,0
13287,1,1,0,1,0,0,0,0,1,0,1,1,0,1,0,0,0,1
13288,1,1,0,1,0,0,0,0,1,0,1,1,0,1,1,0,0,0
13289,1,1,0,1,0,0,0,0,1,1,1,1,0,1,0,0,0,0
13290,1,1,0,1,0,0,0,0,1,0,1,1,1,1,0,0,0,0
13291,1,1,0,1,0,0,0,0,1,0,1,1,0,1,0,0,1,0
13292,1,1,0,1,0,0,0,0,1,0,0,1,0,1,1,0,0,1
13293,1,1,0,1,0,0,0,0,1,1,0,1,0,1,0,0,0,1
13294,1,1,0,1,0,0,0,0,1,0,0,1,1,1,0,0,0,1
13295,1,1,0,1,0,0,0,0,1,0,0,1,0,1,0,0,1,1
13296,1,1,0,1,0,0,0,0,1,1,0,1,0,1,1,0,0,0
13297,1,1,0,1,0,0,0,0,1,0,0,1,1,1,1,0,0,0
13298,1,1,0,1,0,0,0,0,1,0,0,1,0,1,1,0,1,0
13299,1,1,0,1,0,0,0,0,1,1,0,1,1,1,0,0,0,0
13300,1,1,0,1,0,0,0,0,1,1,0,1,0,1,0,0,1,0
13301,1,1,0,1,0,0,0,0,1,0,0,1,1,1,0,0,1,0
13302,1,1,0,1,0,0,0,0,1,0,1,1,0,0,1,0,0,1
13303,1,1,0,1,0,0,0,0,1,1,1,1,0,0,0,0,0,1
13304,1,1,0,1,0,0,0,0,1,0,1,1,1,0,0,0,0,1
13305,1,1,0,1,0,0,0,0,1,0,1,1,0,0,0,0,1,1
13306,1,1,0,1,0,0,0,0,1,1,1,1,0,0,1,0,0,0
13307,1,1,0,1,0,0,0,0,1,0,1,1,1,0,1,0,0,0
13308,1,1,0,1,0,0,0,0,1,0,1,1,0,0,1,0,1,0
13309,1,1,0,1,0,0,0,0,1,1,1,1,1,0,0,0,0,0
13310,1,1,0,1,0,0,0,0,1,1,1,1,0,0,0,0,1,0
13311,1,1,0,1,0,0,0,0,1,0,1,1,1,0,0,0,1,0
13312,1,1,0,1,0,0,0,0,1,1,0,1,0,0,1,0,0,1
13313,1,1,0,1,0,0,0,0,1,0,0,1,1,0,1,0,0,1
13314,1,1,0,1,0,0,0,0,1,0,0,1,0,0,1,0,1,1
13315,1,1,0,1,0,0,0,0,1,1,0,1,1,0,0,0,0,1
13316,1,1,0,1,0,0,0,0,1,1,0,1,0,0,0,0,1,1
13317,1,1,0,1,0,0,0,0,1,0,0,1,1,0,0,0,1,1
13318,1,1,0,1,0,0,0,0,1,1,0,1,1,0,1,0,0,0
13319,1,1,0,1,0,0,0,0,1,1,0,1,0,0,1,0,1,0
13320,1,1,0,1,0,0,0,0,1,0,0,1,1,0,1,0,1,0
13321,1,1,0,1,0,0,0,0,1,1,0,1,1,0,0,0,1,0
13322,1,1,0,1,0,0,0,0,1,0,1,0,0,1,1,0,0,1
13323,1,1,0,1,0,0,0,0,1,1,1,0,0,1,0,0,0,1
13324,1,1,0,1,0,0,0,0,1,0,1,0,1,1,0,0,0,1
13325,1,1,0,1,0,0,0,0,1,0,1,0,0,1,0,0,1,1
13326,1,1,0,1,0,0,0,0,1,1,1,0,0,1,1,0,0,0
13327,1,1,0,1,0,0,0,0,1,0,1,0,1,1,1,0,0,0
13328,1,1,0,1,0,0,0,0,1,0,1,0,0,1,1,0,1,0
13329,1,1,0,1,0,0,0,0,1,1,1,0,1,1,0,0,0,0
13330,1,1,0,1,0,0,0,0,1,1,1,0,0,1,0,0,1,0
13331,1,1,0,1,0,0,0,0,1,0,1,0,1,1,0,0,1,0
13332,1,1,0,1,0,0,0,0,1,1,0,0,0,1,1,0,0,1
13333,1,1,0,1,0,0,0,0,1,0,0,0,1,1,1,0,0,1
13334,1,1,0,1,0,0,0,0,1,0,0,0,0,1,1,0,1,1
13335,1,1,0,1,0,0,0,0,1,1,0,0,1,1,0,0,0,1
13336,1,1,0,1,0,0,0,0,1,1,0,0,0,1,0,0,1,1
13337,1,1,0,1,0,0,0,0,1,0,0,0,1,1,0,0,1,1
13338,1,1,0,1,0,0,0,0,1,1,0,0,1,1,1,0,0,0
13339,1,1,0,1,0,0,0,0,1,1,0,0,0,1,1,0,1,0
13340,1,1,0,1,0,0,0,0,1,0,0,0,1,1,1,0,1,0
13341,1,1,0,1,0,0,0,0,1,1,0,0,1,1,0,0,1,0
13342,1,1,0,1,0,0,0,0,1,1,1,0,0,0,1,0,0,1
13343,1,1,0,1,0,0,0,0,1,0,1,0,1,0,1,0,0,1
13344,1,1,0,1,0,0,0,0,1,0,1,0,0,0,1,0,1,1
13345,1,1,0,1,0,0,0,0,1,1,1,0,1,0,0,0,0,1
13346,1,1,0,1,0,0,0,0,1,1,1,0,0,0,0,0,1,1
13347,1,1,0,1,0,0,0,0,1,0,1,0,1,0,0,0,1,1
13348,1,1,0,1,0,0,0,0,1,1,1,0,1,0,1,0,0,0
13349,1,1,0,1,0,0,0,0,1,1,1,0,0,0,1,0,1,0
13350,1,1,0,1,0,0,0,0,1,0,1,0,1,0,1,0,1,0
13351,1,1,0,1,0,0,0,0,1,1,1,0,1,0,0,0,1,0
13352,1,1,0,1,0,0,0,0,1,1,0,0,1,0,1,0,0,1
13353,1,1,0,1,0,0,0,0,1,1,0,0,0,0,1,0,1,1
13354,1,1,0,1,0,0,0,0,1,0,0,0,1,0,1,0,1,1
13355,1,1,0,1,0,0,0,0,1,1,0,0,1,0,0,0,1,1
13356,1,1,0,1,0,0,0,0,1,1,0,0,1,0,1,0,1,0
13357,0,1,1,1,0,0,1,0,1,0,1,1,0,1,0,0,0,0
13358,0,1,1,1,0,0,1,0,1,0,0,1,0,1,0,0,0,1
13359,0,1,1,1,0,0,1,0,1,0,0,1,0,1,1,0,0,0
13360,0,1,1,1,0,0,1,0,1,1,0,1,0,1,0,0,0,0
13361,0,1,1,1,0,0,1,0,1,0,0,1,1,1,0,0,0,0
13362,0,1,1,1,0,0,1,0,1,0,0,1,0,1,0,0,1,0
13363,0,1,1,1,0,0,1,0,1,0,1,1,0,0,0,0,0,1
13364,0,1,1,1,0,0,1,0,1,0,1,1,0,0,1,0,0,0
13365,0,1,1,1,0,0,1,0,1,1,1,1,0,0,0,0,0,0
13366,0,1,1,1,0,0,1,0,1,0,1,1,1,0,0,0,0,0
13367,0,1,1,1,0,0,1,0,1,0,1,1,0,0,0,0,1,0
13368,0,1,1,1,0,0,1,0,1,0,0,1,0,0,1,0,0,1
13369,0,1,1,1,0,0,1,0,1,1,0,1,0,0,0,0,0,1
13370,0,1,1,1,0,0,1,0,1,0,0,1,1,0,0,0,0,1
13371,0,1,1,1,0,0,1,0,1,0,0,1,0,0,0,0,1,1
13372,0,1,1,1,0,0,1,0,1,1,0,1,0,0,1,0,0,0
13373,0,1,1,1,0,0,1,0,1,0,0,1,1,0,1,0,0,0
13374,0,1,1,1,0,0,1,0,1,0,0,1,0,0,1,0,1,0
13375,0,1,1,1,0,0,1,0,1,1,0,1,1,0,0,0,0,0
13376,0,1,1,1,0,0,1,0,1,1,0,1,0,0,0,0,1,0
13377,0,1,1,1,0,0,1,0,1,0,0,1,1,0,0,0,1,0
13378,0,1,1,1,0,0,1,0,1,0,1,0,0,1,0,0,0,1
13379,0,1,1,1,0,0,1,0,1,0,1,0,0,1,1,0,0,0
13380,0,1,1,1,0,0,1,0,1,1,1,0,0,1,0,0,0,0
13381,0,1,1,1,0,0,1,0,1,0,1,0,1,1,0,0,0,0
13382,0,1,1,1,0,0,1,0,1,0,1,0,0,1,0,0,1,0
13383,0,1,1,1,0,0,1,0,1,0,0,0,0,1,1,0,0,1
13384,0,1,1,1,0,0,1,0,1,1,0,0,0,1,0,0,0,1
13385,0,1,1,1,0,0,1,0,1,0,0,0,1,1,0,0,0,1
13386,0,1,1,1,0,0,1,0,1,0,0,0,0,1,0,0,1,1
13387,0,1,1,1,0,0,1,0,1,1,0,0,0,1,1,0,0,0
13388,0,1,1,1,0,0,1,0,1,0,0,0,1,1,1,0,0,0
13389,0,1,1,1,0,0,1,0,1,0,0,0,0,1,1,0,1,0
13390,0,1,1,1,0,0,1,0,1,1,0,0,1,1,0,0,0,0
13391,0,1,1,1,0,0,1,0,1,1,0,0,0,1,0,0,1,0
13392,0,1,1,1,0,0,1,0,1,0,0,0,1,1,0,0,1,0
13393,0,1,1,1,0,0,1,0,1,0,1,0,0,0,1,0,0,1
13394,0,1,1,1,0,0,1,0,1,1,1,0,0,0,0,0,0,1
13395,0,1,1,1,0,0,1,0,1,0,1,0,1,0,0,0,0,1
13396,0,1,1,1,0,0,1,0,1,0,1,0,0,0,0,0,1,1
13397,0,1,1,1,0,0,1,0,1,1,1,0,0,0,1,0,0,0
13398,0,1,1,1,0,0,1,0,1,0,1,0,1,0,1,0,0,0
13399,0,1,1,1,0,0,1,0,1,0,1,0,0,0,1,0,1,0
13400,0,1,1,1,0,0,1,0,1,1,1,0,1,0,0,0,0,0
13401,0,1,1,1,0,0,1,0,1,1,1,0,0,0,0,0,1,0
13402,0,1,1,1,0,0,1,0,1,0,1,0,1,0,0,0,1,0
13403,0,1,1,1,0,0,1,0,1,1,0,0,0,0,1,0,0,1
13404,0,1,1,1,0,0,1,0,1,0,0,0,1,0,1,0,0,1
13405,0,1,1,1,0,0,1,0,1,0,0,0,0,0,1,0,1,1
13406,0,1,1,1,0,0,1,0,1,1,0,0,1,0,0,0,0,1
13407,0,1,1,1,0,0,1,0,1,1,0,0,0,0,0,0,1,1
13408,0,1,1,1,0,0,1,0,1,0,0,0,1,0,0,0,1,1
13409,0,1,1,1,0,0,1,0,1,1,0,0,1,0,1,0,0,0
13410,0,1,1,1,0,0,1,0,1,1,0,0,0,0,1,0,1,0
13411,0,1,1,1,0,0,1,0,1,0,0,0,1,0,1,0,1,0
13412,0,1,1,1,0,0,1,0,1,1,0,0,1,0,0,0,1,0
13413,0,1,1,1,0,0,0,0,1,0,1,1,0,1,0,0,0,1
13414,0,1,1,1,0,0,0,0,1,0,1,1,0,1,1,0,0,0
13415,0,1,1,1,0,0,0,0,1,1,1,1,0,1,0,0,0,0
13416,0,1,1,1,0,0,0,0,1,0,1,1,1,1,0,0,0,0
13417,0,1,1,1,0,0,0,0,1,0,1,1,0,1,0,0,1,0
13418,0,1,1,1,0,0,0,0,1,0,0,1,0,1,1,0,0,1
13419,0,1,1,1,0,0,0,0,1,1,0,1,0,1,0,0,0,1
13420,0,1,1,1,0,0,0,0,1,0,0,1,1,1,0,0,0,1
13421,0,1,1,1,0,0,0,0,1,0,0,1,0,1,0,0,1,1
13422,0,1,1,1,0,0,0,0,1,1,0,1,0,1,1,0,0,0
13423,0,1,1,1,0,0,0,0,1,0,0,1,1,1,1,0,0,0
13424,0,1,1,1,0,0,0,0,1,0,0,1,0,1,1,0,1,0
13425,0,1,1,1,0,0,0,0,1,1,0,1,1,1,0,0,0,0
13426,0,1,1,1,0,0,0,0,1,1,0,1,0,1,0,0,1,0
13427,0,1,1,1,0,0,0,0,1,0,0,1,1,1,0,0,1,0
13428,0,1,1,1,0,0,0,0,1,0,1,1,0,0,1,0,0,1
13429,0,1,1,1,0,0,0,0,1,1,1,1,0,0,0,0,0,1
13430,0,1,1,1,0,0,0,0,1,0,1,1,1,0,0,0,0,1
13431,0,1,1,1,0,0,0,0,1,0,1,1,0,0,0,0,1,1
13432,0,1,1,1,0,0,0,0,1,1,1,1,0,0,1,0,0,0
13433,0,1,1,1,0,0,0,0,1,0,1,1,1,0,1,0,0,0
13434,0,1,1,1,0,0,0,0,1,0,1,1,0,0,1,0,1,0
13435,0,1,1,1,0,0,0,0,1,1,1,1,1,0,0,0,0,0
13436,0,1,1,1,0,0,0,0,1,1,1,1,0,0,0,0,1,0
13437,0,1,1,1,0,0,0,0,1,0,1,1,1,0,0,0,1,0
13438,0,1,1,1,0,0,0,0,1,1,0,1,0,0,1,0,0,1
13439,0,1,1,1,0,0,0,0,1,0,0,1,1,0,1,0,0,1
13440,0,1,1,1,0,0,0,0,1,0,0,1,0,0,1,0,1,1
13441,0,1,1,1,0,0,0,0,1,1,0,1,1,0,0,0,0,1
13442,0,1,1,1,0,0,0,0,1,1,0,1,0,0,0,0,1,1
13443,0,1,1,1,0,0,0,0,1,0,0,1,1,0,0,0,1,1
13444,0,1,1,1,0,0,0,0,1,1,0,1,1,0,1,0,0,0
13445,0,1,1,1,0,0,0,0,1,1,0,1,0,0,1,0,1,0
13446,0,1,1,1,0,0,0,0,1,0,0,1,1,0,1,0,1,0
13447,0,1,1,1,0,0,0,0,1,1,0,1,1,0,0,0,1,0
13448,0,1,1,1,0,0,0,0,1,0,1,0,0,1,1,0,0,1
13449,0,1,1,1,0,0,0,0,1,1,1,0,0,1,0,0,0,1
13450,0,1,1,1,0,0,0,0,1,0,1,0,1,1,0,0,0,1
13451,0,1,1,1,0,0,0,0,1,0,1,0,0,1,0,0,1,1
13452,0,1,1,1,0,0,0,0,1,1,1,0,0,1,1,0,0,0
13453,0,1,1,1,0,0,0,0,1,0,1,0,1,1,1,0,0,0
13454,0,1,1,1,0,0,0,0,1,0,1,0,0,1,1,0,1,0
13455,0,1,1,1,0,0,0,0,1,1,1,0,1,1,0,0,0,0
13456,0,1,1,1,0,0,0,0,1,1,1,0,0,1,0,0,1,0
13457,0,1,1,1,0,0,0,0,1,0,1,0,1,1,0,0,1,0
13458,0,1,1,1,0,0,0,0,1,1,0,0,0,1,1,0,0,1
13459,0,1,1,1,0,0,0,0,1,0,0,0,1,1,1,0,0,1
13460,0,1,1,1,0,0,0,0,1,0,0,0,0,1,1,0,1,1
13461,0,1,1,1,0,0,0,0,1,1,0,0,1,1,0,0,0,1
13462,0,1,1,1,0,0,0,0,1,1,0,0,0,1,0,0,1,1
13463,0,1,1,1,0,0,0,0,1,0,0,0,1,1,0,0,1,1
13464,0,1,1,1,0,0,0,0,1,1,0,0,1,1,1,0,0,0
13465,0,1,1,1,0,0,0,0,1,1,0,0,0,1,1,0,1,0
13466,0,1,1,1,0,0,0,0,1,0,0,0,1,1,1,0,1,0
13467,0,1,1,1,0,0,0,0,1,1,0,0,1,1,0,0,1,0
13468,0,1,1,1,0,0,0,0,1,1,1,0,0,0,1,0,0,1
13469,0,1,1,1,0,0,0,0,1,0,1,0,1,0,1,0,0,1
13470,0,1,1,1,0,0,0,0,1,0,1,0,0,0,1,0,1,1
13471,0,1,1,1,0,0,0,0,1,1,1,0,1,0,0,0,0,1
13472,0,1,1,1,0,0,0,0,1,1,1,0,0,0,0,0,1,1
13473,0,1,1,1,0,0,0,0,1,0,1,0,1,0,0,0,1,1
13474,0,1,1,1,0,0,0,0,1,1,1,0,1,0,1,0,0,0
13475,0,1,1,1,0,0,0,0,1,1,1,0,0,0,1,0,1,0
13476,0,1,1,1,0,0,0,0,1,0,1,0,1,0,1,0,1,0
13477,0,1,1,1,0,0,0,0,1,1,1,0,1,0,0,0,1,0
13478,0,1,1,1,0,0,0,0,1,1,0,0,1,0,1,0,0,1
13479,0,1,1,1,0,0,0,0,1,1,0,0,0,0,1,0,1,1
13480,0,1,1,1,0,0,0,0,1,0,0,0,1,0,1,0,1,1
13481,0,1,1,1,0,0,0,0,1,1,0,0,1,0,0,0,1,1
13482,0,1,1,1,0,0,0,0,1,1,0,0,1,0,1,0,1,0
13483,1,0,1,0,0,1,1,0,1,0,1,1,0,1,0,0,0,0
13484,1,0,1,0,0,1,1,0,1,0,0,1,0,1,0,0,0,1
13485,1,0,1,0,0,1,1,0,1,0,0,1,0,1,1,0,0,0
13486,1,0,1,0,0,1,1,0,1,1,0,1,0,1,0,0,0,0
13487,1,0,1,0,0,1,1,0,1,0,0,1,1,1,0,0,0,0
13488,1,0,1,0,0,1,1,0,1,0,0,1,0,1,0,0,1,0
13489,1,0,1,0,0,1,1,0,1,0,1,1,0,0,0,0,0,1
13490,1,0,1,0,0,1,1,0,1,0,1,1,0,0,1,0,0,0
13491,1,0,1,0,0,1,1,0,1,1,1,1,0,0,0,0,0,0
13492,1,0,1,0,0,1,1,0,1,0,1,1,1,0,0,0,0,0
13493,1,0,1,0,0,1,1,0,1,0,1,1,0,0,0,0,1,0
13494,1,0,1,0,0,1,1,0,1,0,0,1,0,0,1,0,0,1
13495,1,0,1,0,0,1,1,0,1,1,0,1,0,0,0,0,0,1
13496,1,0,1,0,0,1,1,0,1,0,0,1,1,0,0,0,0,1
13497,1,0,1,0,0,1,1,0,1,0,0,1,0,0,0,0,1,1
13498,1,0,1,0,0,1,1,0,1,1,0,1,0,0,1,0,0,0
13499,1,0,1,0,0,1,1,0,1,0,0,1,1,0,1,0,0,0
13500,1,0,1,0,0,1,1,0,1,0,0,1,0,0,1,0,1,0
13501,1,0,1,0,0,1,1,0,1,1,0,1,1,0,0,0,0,0
13502,1,0,1,0,0,1,1,0,1,1,0,1,0,0,0,0,1,0
13503,1,0,1,0,0,1,1,0,1,0,0,1,1,0,0,0,1,0
13504,1,0,1,0,0,1,1,0,1,0,1,0,0,1,0,0,0,1
13505,1,0,1,0,0,1,1,0,1,0,1,0,0,1,1,0,0,0
13506,1,0,1,0,0,1,1,0,1,1,1,0,0,1,0,0,0,0
13507,1,0,1,0,0,1,1,0,1,0,1,0,1,1,0,0,0,0
13508,1,0,1,0,0,1,1,0,1,0,1,0,0,1,0,0,1,0
13509,1,0,1,0,0,1,1,0,1,0,0,0,0,1,1,0,0,1
13510,1,0,1,0,0,1,1,0,1,1,0,0,0,1,0,0,0,1
13511,1,0,1,0,0,1,1,0,1,0,0,0,1,1,0,0,0,1
13512,1,0,1,0,0,1,1,0,1,0,0,0,0,1,0,0,1,1
13513,1,0,1,0,0,1,1,0,1,1,0,0,0,1,1,0,0,0
13514,1,0,1,0,0,1,1,0,1,0,0,0,1,1,1,0,0,0
13515,1,0,1,0,0,1,1,0,1,0,0,0,0,1,1,0,1,0
13516,1,0,1,0,0,1,1,0,1,1,0,0,1,1,0,0,0,0
13517,1,0,1,0,0,1,1,0,1,1,0,0,0,1,0,0,1,0
13518,1,0,1,0,0,1,1,0,1,0,0,0,1,1,0,0,1,0
13519,1,0,1,0,0,1,1,0,1,0,1,0,0,0,1,0,0,1
13520,1,0,1,0,0,1,1,0,1,1,1,0,0,0,0,0,0,1
13521,1,0,1,0,0,1,1,0,1,0,1,0,1,0,0,0,0,1
13522,1,0,1,0,0,1,1,0,1,0,1,0,0,0,0,0,1,1
13523,1,0,1,0,0,1,1,0,1,1,1,0,0,0,1,0,0,0
13524,1,0,1,0,0,1,1,0,1,0,1,0,1,0,1,0,0,0
13525,1,0,1,0,0,1,1,0,1,0,1,0,0,0,1,0,1,0
13526,1,0,1,0,0,1,1,0,1,1,1,0,1,0,0,0,0,0
13527,1,0,1,0,0,1,1,0,1,1,1,0,0,0,0,0,1,0
13528,1,0,1,0,0,1,1,0,1,0,1,0,1,0,0,0,1,0
13529,1,0,1,0,0,1,1,0,1,1,0,0,0,0,1,0,0,1
13530,1,0,1,0,0,1,1,0,1,0,0,0,1,0,1,0,0,1
13531,1,0,1,0,0,1,1,0,1,0,0,0,0,0,1,0,1,1
13532,1,0,1,0,0,1,1,0,1,1,0,0,1,0,0,0,0,1
13533,1,0,1,0,0,1,1,0,1,1,0,0,0,0,0,0,1,1
13534,1,0,1,0,0,1,1,0,1,0,0,0,1,0,0,0,1,1
13535,1,0,1,0,0,1,1,0,1,1,0,0,1,0,1,0,0,0
13536,1,0,1,0,0,1,1,0,1,1,0,0,0,0,1,0,1,0
13537,1,0,1,0,0,1,1,0,1,0,0,0,1,0,1,0,1,0
13538,1,0,1,0,0,1,1,0,1,1,0,0,1,0,0,0,1,0
13539,1,0,1,0,0,1,0,0,1,0,1,1,0,1,0,0,0,1
13540,1,0,1,0,0,1,0,0,1,0,1,1,0,1,1,0,0,0
13541,1,0,1,0,0,1,0,0,1,1,1,1,0,1,0,0,0,0
13542,1,0,1,0,0,1,0,0,1,0,1,1,1,1,0,0,0,0
13543,1,0,1,0,0,1,0,0,1,0,1,1,0,1,0,0,1,0
13544,1,0,1,0,0,1,0,0,1,0,0,1,0,1,1,0,0,1
13545,1,0,1,0,0,1,0,0,1,1,0,1,0,1,0,0,0,1
13546,1,0,1,0,0,1,0,0,1,0,0,1,1,1,0,0,0,1
13547,1,0,1,0,0,1,0,0,1,0,0,1,0,1,0,0,1,1
13548,1,0,1,0,0,1,0,0,1,1,0,1,0,1,1,0,0,0
13549,1,0,1,0,0,1,0,0,1,0,0,1,1,1,1,0,0,0
13550,1,0,1,0,0,1,0,0,1,0,0,1,0,1,1,0,1,0
13551,1,0,1,0,0,1,0,0,1,1,0,1,1,1,0,0,0,0
13552,1,0,1,0,0,1,0,0,1,1,0,1,0,1,0,0,1,0
13553,1,0,1,0,0,1,0,0,1,0,0,1,1,1,0,0,1,0
13554,1,0,1,0,0,1,0,0,1,0,1,1,0,0,1,0,0,1
13555,1,0,1,0,0,1,0,0,1,1,1,1,0,0,0,0,0,1
13556,1,0,1,0,0,1,0,0,1,0,1,1,1,0,0,0,0,1
13557,1,0,1,0,0,1,0,0,1,0,1,1,0,0,0,0,1,1
13558,1,0,1,0,0,1,0,0,1,1,1,1,0,0,1,0,0,0
13559,1,0,1,0,0,1,0,0,1,0,1,1,1,0,1,0,0,0
13560,1,0,1,0,0,1,0,0,1,0,1,1,0,0,1,0,1,0
13561,1,0,1,0,0,1,0,0,1,1,1,1,1,0,0,0,0,0
13562,1,0,1,0,0,1,0,0,1,1,1,1,0,0,0,0,1,0
13563,1,0,1,0,0,1,0,0,1,0,1,1,1,0,0,0,1,0
13564,1,0,1,0,0,1,0,0,1,1,0,1,0,0,1,0,0,1
13565,1,0,1,0,0,1,0,0,1,0,0,1,1,0,1,0,0,1
13566,1,0,1,0,0,1,0,0,1,0,0,1,0,0,1,0,1,1
13567,1,0,1,0,0,1,0,0,1,1,0,1,1,0,0,0,0,1
13568,1,0,1,0,0,1,0,0,1,1,0,1,0,0,0,0,1,1
13569,1,0,1,0,0,1,0,0,1,0,0,1,1,0,0,0,1,1
13570,1,0,1,0,0,1,0,0,1,1,0,1,1,0,1,0,0,0
13571,1,0,1,0,0,1,0,0,1,1,0,1,0,0,1,0,1,0
13572,1,0,1,0,0,1,0,0,1,0,0,1,1,0,1,0,1,0
13573,1,0,1,0,0,1,0,0,1,1,0,1,1,0,0,0,1,0
13574,1,0,1,0,0,1,0,0,1,0,1,0,0,1,1,0,0,1
13575,1,0,1,0,0,1,0,0,1,1,1,0,0,1,0,0,0,1
13576,1,0,1,0,0,1,0,0,1,0,1,0,1,1,0,0,0,1
13577,1,0,1,0,0,1,0,0,1,0,1,0,0,1,0,0,1,1
13578,1,0,1,0,0,1,0,0,1,1,1,0,0,1,1,0,0,0
13579,1,0,1,0,0,1,0,0,1,0,1,0,1,1,1,0,0,0
13580,1,0,1,0,0,1,0,0,1,0,1,0,0,1,1,0,1,0
13581,1,0,1,0,0,1,0,0,1,1,1,0,1,1,0,0,0,0
13582,1,0,1,0,0,1,0,0,1,1,1,0,0,1,0,0,1,0
13583,1,0,1,0,0,1,0,0,1,0,1,0,1,1,0,0,1,0
13584,1,0,1,0,0,1,0,0,1,1,0,0,0,1,1,0,0,1
13585,1,0,1,0,0,1,0,0,1,0,0,0,1,1,1,0,0,1
13586,1,0,1,0,0,1,0,0,1,0,0,0,0,1,1,0,1,1
13587,1,0,1,0,0,1,0,0,1,1,0,0,1,1,0,0,0,1
13588,1,0,1,0,0,1,0,0,1,1,0,0,0,1,0,0,1,1
13589,1,0,1,0,0,1,0,0,1,0,0,0,1,1,0,0,1,1
13590,1,0,1,0,0,1,0,0,1,1,0,0,1,1,1,0,0,0
13591,1,0,1,0,0,1,0,0,1,1,0,0,0,1,1,0,1,0
13592,1,0,1,0,0,1,0,0,1,0,0,0,1,1,1,0,1,0
13593,1,0,1,0,0,1,0,0,1,1,0,0,1,1,0,0,1,0
13594,1,0,1,0,0,1,0,0,1,1,1,0,0,0,1,0,0,1
13595,1,0,1,0,0,1,0,0,1,0,1,0,1,0,1,0,0,1
13596,1,0,1,0,0,1,0,0,1,0,1,0,0,0,1,0,1,1
13597,1,0,1,0,0,1,0,0,1,1,1,0,1,0,0,0,0,1
13598,1,0,1,0,0,1,0,0,1,1,1,0,0,0,0,0,1,1
13599,1,0,1,0,0,1,0,0,1,0,1,0,1,0,0,0,1,1
13600,1,0,1,0,0,1,0,0,1,1,1,0,1,0,1,0,0,0
13601,1,0,1,0,0,1,0,0,1,1,1,0,0,0,1,0,1,0
13602,1,0,1,0,0,1,0,0,1,0,1,0,1,0,1,0,1,0
13603,1,0,1,0,0,1,0,0,1,1,1,0,1,0,0,0,1,0
13604,1,0,1,0,0,1,0,0,1,1,0,0,1,0,1,0,0,1
13605,1,0,1,0,0,1,0,0,1,1,0,0,0,0,1,0,1,1
13606,1,0,1,0,0,1,0,0,1,0,0,0,1,0,1,0,1,1
13607,1,0,1,0,0,1,0,0,1,1,0,0,1,0,0,0,1,1
13608,1,0,1,0,0,1,0,0,1,1,0,0,1,0,1,0,1,0
13609,1,0,0,1,0,1,1,0,1,0,1,1,0,1,0,0,0,0
13610,1,0,0,1,0,1,1,0,1,0,0,1,0,1,0,0,0,1
13611,1,0,0,1,0,1,1,0,1,0,0,1,0,1,1,0,0,0
13612,1,0,0,1,0,1,1,0,1,1,0,1,0,1,0,0,0,0
13613,1,0,0,1,0,1,1,0,1,0,0,1,1,1,0,0,0,0
13614,1,0,0,1,0,1,1,0,1,0,0,1,0,1,0,0,1,0
13615,1,0,0,1,0,1,1,0,1,0,1,1,0,0,0,0,0,1
13616,1,0,0,1,0,1,1,0,1,0,1,1,0,0,1,0,0,0
13617,1,0,0,1,0,1,1,0,1,1,1,1,0,0,0,0,0,0
13618,1,0,0,1,0,1,1,0,1,0,1,1,1,0,0,0,0,0
13619,1,0,0,1,0,1,1,0,1,0,1,1,0,0,0,0,1,0
13620,1,0,0,1,0,1,1,0,1,0,0,1,0,0,1,0,0,1
13621,1,0,0,1,0,1,1,0,1,1,0,1,0,0,0,0,0,1
13622,1,0,0,1,0,1,1,0,1,0,0,1,1,0,0,0,0,1
13623,1,0,0,1,0,1,1,0,1,0,0,1,0,0,0,0,1,1
13624,1,0,0,1,0,1,1,0,1,1,0,1,0,0,1,0,0,0
13625,1,0,0,1,0,1,1,0,1,0,0,1,1,0,1,0,0,0
13626,1,0,0,1,0,1,1,0,1,0,0,1,0,0,1,0,1,0
13627,1,0,0,1,0,1,1,0,1,1,0,1,1,0,0,0,0,0
13628,1,0,0,1,0,1,1,0,1,1,0,1,0,0,0,0,1,0
13629,1,0,0,1,0,1,1,0,1,0,0,1,1,0,0,0,1,0
13630,1,0,0,1,0,1,1,0,1,0,1,0,0,1,0,0,0,1
13631,1,0,0,1,0,1,1,0,1,0,1,0,0,1,1,0,0,0
13632,1,0,0,1,0,1,1,0,1,1,1,0,0,1,0,0,0,0
13633,1,0,0,1,0,1,1,0,1,0,1,0,1,1,0,0,0,0
13634,1,0,0,1,0,1,1,0,1,0,1,0,0,1,0,0,1,0
13635,1,0,0,1,0,1,1,0,1,0,0,0,0,1,1,0,0,1
13636,1,0,0,1,0,1,1,0,1,1,0,0,0,1,0,0,0,1
13637,1,0,0,1,0,1,1,0,1,0,0,0,1,1,0,0,0,1
13638,1,0,0,1,0,1,1,0,1,0,0,0,0,1,0,0,1,1
13639,1,0,0,1,0,1,1,0,1,1,0,0,0,1,1,0,0,0
13640,1,0,0,1,0,1,1,0,1,0,0,0,1,1,1,0,0,0
13641,1,0,0,1,0,1,1,0,1,0,0,0,0,1,1,0,1,0
13642,1,0,0,1,0,1,1,0,1,1,0,0,1,1,0,0,0,0
13643,1,0,0,1,0,1,1,0,1,1,0,0,0,1,0,0,1,0
13644,1,0,0,1,0,1,1,0,1,0,0,0,1,1,0,0,1,0
13645,1,0,0,1,0,1,1,0,1,0,1,0,0,0,1,0,0,1
13646,1,0,0,1,0,1,1,0,1,1,1,0,0,0,0,0,0,1
13647,1,0,0,1,0,1,1,0,1,0,1,0,1,0,0,0,0,1
13648,1,0,0,1,0,1,1,0,1,0,1,0,0,0,0,0,1,1
13649,1,0,0,1,0,1,1,0,1,1,1,0,0,0,1,0,0,0
13650,1,0,0,1,0,1,1,0,1,0,1,0,1,0,1,0,0,0
13651,1,0,0,1,0,1,1,0,1,0,1,0,0,0,1,0,1,0
13652,1,0,0,1,0,1,1,0,1,1,1,0,1,0,0,0,0,0
13653,1,0,0,1,0,1,1,0,1,1,1,0,0,0,0,0,1,0
13654,1,0,0,1,0,1,1,0,1,0,1,0,1,0,0,0,1,0
13655,1,0,0,1,0,1,1,0,1,1,0,0,0,0,1,0,0,1
13656,1,0,0,1,0,1,1,0,1,0,0,0,1,0,1,0,0,1
13657,1,0,0,1,0,1,1,0,1,0,0,0,0,0,1,0,1,1
13658,1,0,0,1,0,1,1,0,1,1,0,0,1,0,0,0,0,1
13659,1,0,0,1,0,1,1,0,1,1,0,0,0,0,0,0,1,1
13660,1,0,0,1,0,1,1,0,1,0,0,0,1,0,0,0,1,1
13661,1,0,0,1,0,1,1,0,1,1,0,0,1,0,1,0,0,0
13662,1,0,0,1,0,1,1,0,1,1,0,0,0,0,1,0,1,0
13663,1,0,0,1,0,1,1,0,1,0,0,0,1,0,1,0,1,0
13664,1,0,0,1,0,1,1,0,1,1,0,0,1,0,0,0,1,0
13665,1,0,0,1,0,1,0,0,1,0,1,1,0,1,0,0,0,1
13666,1,0,0,1,0,1,0,0,1,0,1,1,0,1,1,0,0,0
13667,1,0,0,1,0,1,0,0,1,1,1,1,0,1,0,0,0,0
13668,1,0,0,1,0,1,0,0,1,0,1,1,1,1,0,0,0,0
13669,1,0,0,1,0,1,0,0,1,0,1,1,0,1,0,0,1,0
13670,1,0,0,1,0,1,0,0,1,0,0,1,0,1,1,0,0,1
13671,1,0,0,1,0,1,0,0,1,1,0,1,0,1,0,0,0,1
13672,1,0,0,1,0,1,0,0,1,0,0,1,1,1,0,0,0,1
13673,1,0,0,1,0,1,0,0,1,0,0,1,0,1,0,0,1,1
13674,1,0,0,1,0,1,0,0,1,1,0,1,0,1,1,0,0,0
13675,1,0,0,1,0,1,0,0,1,0,0,1,1,1,1,0,0,0
13676,1,0,0,1,0,1,0,0,1,0,0,1,0,1,1,0,1,0
13677,1,0,0,1,0,1,0,0,1,1,0,1,1,1,0,0,0,0
13678,1,0,0,1,0,1,0,0,1,1,0,1,0,1,0,0,1,0
13679,1,0,0,1,0,1,0,0,1,0,0,1,1,1,0,0,1,0
13680,1,0,0,1,0,1,0,0,1,0,1,1,0,0,1,0,0,1
13681,1,0,0,1,0,1,0,0,1,1,1,1,0,0,0,0,0,1
13682,1,0,0,1,0,1,0,0,1,0,1,1,1,0,0,0,0,1
13683,1,0,0,1,0,1,0,0,1,0,1,1,0,0,0,0,1,1
13684,1,0,0,1,0,1,0,0,1,1,1,1,0,0,1,0,0,0
13685,1,0,0,1,0,1,0,0,1,0,1,1,1,0,1,0,0,0
13686,1,0,0,1,0,1,0,0,1,0,1,1,0,0,1,0,1,0
13687,1,0,0,1,0,1,0,0,1,1,1,1,1,0,0,0,0,0
13688,1,0,0,1,0,1,0,0,1,1,1,1,0,0,0,0,1,0
13689,1,0,0,1,0,1,0,0,1,0,1,1,1,0,0,0,1,0
13690,1,0,0,1,0,1,0,0,1,1,0,1,0,0,1,0,0,1
13691,1,0,0,1,0,1,0,0,1,0,0,1,1,0,1,0,0,1
13692,1,0,0,1,0,1,0,0,1,0,0,1,0,0,1,0,1,1
13693,1,0,0,1,0,1,0,0,1,1,0,1,1,0,0,0,0,1
13694,1,0,0,1,0,1,0,0,1,1,0,1,0,0,0,0,1,1
13695,1,0,0,1,0,1,0,0,1,0,0,1,1,0,0,0,1,1
13696,1,0,0,1,0,1,0,0,1,1,0,1,1,0,1,0,0,0
13697,1,0,0,1,0,1,0,0,1,1,0,1,0,0,1,0,1,0
13698,1,0,0,1,0,1,0,0,1,0,0,1,1,0,1,0,1,0
13699,1,0,0,1,0,1,0,0,1,1,0,1,1,0,0,0,1,0
13700,1,0,0,1,0,1,0,0,1,0,1,0,0,1,1,0,0,1
13701,1,0,0,1,0,1,0,0,1,1,1,0,0,1,0,0,0,1
13702,1,0,0,1,0,1,0,0,1,0,1,0,1,1,0,0,0,1
13703,1,0,0,1,0,1,0,0,1,0,1,0,0,1,0,0,1,1
13704,1,0,0,1,0,1,0,0,1,1,1,0,0,1,1,0,0,0
13705,1,0,0,1,0,1,0,0,1,0,1,0,1,1,1,0,0,0
13706,1,0,0,1,0,1,0,0,1,0,1,0,0,1,1,0,1,0
13707,1,0,0,1,0,1,0,0,1,1,1,0,1,1,0,0,0,0
13708,1,0,0,1,0,1,0,0,1,1,1,0,0,1,0,0,1,0
13709,1,0,0,1,0,1,0,0,1,0,1,0,1,1,0,0,1,0
13710,1,0,0,1,0,1,0,0,1,1,0,0,0,1,1,0,0,1
13711,1,0,0,1,0,1,0,0,1,0,0,0,1,1,1,0,0,1
13712,1,0,0,1,0,1,0,0,1,0,0,0,0,1,1,0,1,1
13713,1,0,0,1,0,1,0,0,1,1,0,0,1,1,0,0,0,1
13714,1,0,0,1,0,1,0,0,1,1,0,0,0,1,0,0,1,1
13715,1,0,0,1,0,1,0,0,1,0,0,0,1,1,0,0,1,1
13716,1,0,0,1,0,1,0,0,1,1,0,0,1,1,1,0,0,0
13717,1,0,0,1,0,1,0,0,1,1,0,0,0,1,1,0,1,0
13718,1,0,0,1,0,1,0,0,1,0,0,0,1,1,1,0,1,0
13719,1,0,0,1,0,1,0,0,1,1,0,0,1,1,0,0,1,0
13720,1,0,0,1,0,1,0,0,1,1,1,0,0,0,1,0,0,1
13721,1,0,0,1,0,1,0,0,1,0,1,0,1,0,1,0,0,1
13722,1,0,0,1,0,1,0,0,1,0,1,0,0,0,1,0,1,1
13723,1,0,0,1,0,1,0,0,1,1,1,0,1,0,0,0,0,1
13724,1,0,0,1,0,1,0,0,1,1,1,0,0,0,0,0,1,1
13725,1,0,0,1,0,1,0,0,1,0,1,0,1,0,0,0,1,1
13726,1,0,0,1,0,1,0,0,1,1,1,0,1,0,1,0,0,0
13727,1,0,0,1,0,1,0,0,1,1,1,0,0,0,1,0,1,0
13728,1,0,0,1,0,1,0,0,1,0,1,0,1,0,1,0,1,0
13729,1,0,0,1,0,1,0,0,1,1,1,0,1,0,0,0,1,0
13730,1,0,0,1,0,1,0,0,1,1,0,0,1,0,1,0,0,1
13731,1,0,0,1,0,1,0,0,1,1,0,0,0,0,1,0,1,1
13732,1,0,0,1,0,1,0,0,1,0,0,0,1,0,1,0,1,1
13733,1,0,0,1,0,1,0,0,1,1,0,0,1,0,0,0,1,1
13734,1,0,0,1,0,1,0,0,1,1,0,0,1,0,1,0,1,0
13735,0,0,1,1,0,1,1,0,1,0,1,1,0,1,0,0,0,0
13736,0,0,1,1,0,1,1,0,1,0,0,1,0,1,0,0,0,1
13737,0,0,1,1,0,1,1,0,1,0,0,1,0,1,1,0,0,0
13738,0,0,1,1,0,1,1,0,1,1,0,1,0,1,0,0,0,0
13739,0,0,1,1,0,1,1,0,1,0,0,1,1,1,0,0,0,0
13740,0,0,1,1,0,1,1,0,1,0,0,1,0,1,0,0,1,0
13741,0,0,1,1,0,1,1,0,1,0,1,1,0,0,0,0,0,1
13742,0,0,1,1,0,1,1,0,1,0,1,1,0,0,1,0,0,0
13743,0,0,1,1,0,1,1,0,1,1,1,1,0,0,0,0,0,0
13744,0,0,1,1,0,1,1,0,1,0,1,1,1,0,0,0,0,0
13745,0,0,1,1,0,1,1,0,1,0,1,1,0,0,0,0,1,0
13746,0,0,1,1,0,1,1,0,1,0,0,1,0,0,1,0,0,1
13747,0,0,1,1,0,1,1,0,1,1,0,1,0,0,0,0,0,1
13748,0,0,1,1,0,1,1,0,1,0,0,1,1,0,0,0,0,1
13749,0,0,1,1,0,1,1,0,1,0,0,1,0,0,0,0,1,1
13750,0,0,1,1,0,1,1,0,1,1,0,1,0,0,1,0,0,0
13751,0,0,1,1,0,1,1,0,1,0,0,1,1,0,1,0,0,0
13752,0,0,1,1,0,1,1,0,1,0,0,1,0,0,1,0,1,0
13753,0,0,1,1,0,1,1,0,1,1,0,1,1,0,0,0,0,0
13754,0,0,1,1,0,1,1,0,1,1,0,1,0,0,0,0,1,0
13755,0,0,1,1,0,1,1,0,1,0,0,1,1,0,0,0,1,0
13756,0,0,1,1,0,1,1,0,1,0,1,0,0,1,0,0,0,1
13757,0,0,1,1,0,1,1,0,1,0,1,0,0,1,1,0,0,0
13758,0,0,1,1,0,1,1,0,1,1,1,0,0,1,0,0,0,0
13759,0,0,1,1,0,1,1,0,1,0,1,0,1,1,0,0,0,0
13760,0,0,1,1,0,1,1,0,1,0,1,0,0,1,0,0,1,0
13761,0,0,1,1,0,1,1,0,1,0,0,0,0,1,1,0,0,1
13762,0,0,1,1,0,1,1,0,1,1,0,0,0,1,0,0,0,1
13763,0,0,1,1,0,1,1,0,1,0,0,0,1,1,0,0,0,1
13764,0,0,1,1,0,1,1,0,1,0,0,0,0,1,0,0,1,1
13765,0,0,1,1,0,1,1,0,1,1,0,0,0,1,1,0,0,0
13766,0,0,1,1,0,1,1,0,1,0,0,0,1,1,1,0,0,0
13767,0,0,1,1,0,1,1,0,1,0,0,0,0,1,1,0,1,0
13768,0,0,1,1,0,1,1,0,1,1,0,0,1,1,0,0,0,0
13769,0,0,1,1,0,1,1,0,1,1,0,0,0,1,0,0,1,0
13770,0,0,1,1,0,1,1,0,1,0,0,0,1,1,0,0,1,0
13771,0,0,1,1,0,1,1,0,1,0,1,0,0,0,1,0,0,1
13772,0,0,1,1,0,1,1,0,1,1,1,0,0,0,0,0,0,1
13773,0,0,1,1,0,1,1,0,1,0,1,0,1,0,0,0,0,1
13774,0,0,1,1,0,1,1,0,1,0,1,0,0,0,0,0,1,1
13775,0,0,1,1,0,1,1,0,1,1,1,0,0,0,1,0,0,0
13776,0,0,1,1,0,1,1,0,1,0,1,0,1,0,1,0,0,0
13777,0,0,1,1,0,1,1,0,1,0,1,0,0,0,1,0,1,0
13778,0,0,1,1,0,1,1,0,1,1,1,0,1,0,0,0,0,0
13779,0,0,1,1,0,1,1,0,1,1,1,0,0,0,0,0,1,0
13780,0,0,1,1,0,1,1,0,1,0,1,0,1,0,0,0,1,0
13781,0,0,1,1,0,1,1,0,1,1,0,0,0,0,1,0,0,1
13782,0,0,1,1,0,1,1,0,1,0,0,0,1,0,1,0,0,1
13783,0,0,1,1,0,1,1,0,1,0,0,0,0,0,1,0,1,1
13784,0,0,1,1,0,1,1,0,1,1,0,0,1,0,0,0,0,1
13785,0,0,1,1,0,1,1,0,1,1,0,0,0,0,0,0,1,1
13786,0,0,1,1,0,1,1,0,1,0,0,0,1,0,0,0,1,1
13787,0,0,1,1,0,1,1,0,1,1,0,0,1,0,1,0,0,0
13788,0,0,1,1,0,1,1,0,1,1,0,0,0,0,1,0,1,0
13789,0,0,1,1,0,1,1,0,1,0,0,0,1,0,1,0,1,0
13790,0,0,1,1,0,1,1,0,1,1,0,0,1,0,0,0,1,0
13791,0,0,1,1,0,1,0,0,1,0,1,1,0,1,0,0,0,1
13792,0,0,1,1,0,1,0,0,1,0,1,1,0,1,1,0,0,0
13793,0,0,1,1,0,1,0,0,1,1,1,1,0,1,0,0,0,0
13794,0,0,1,1,0,1,0,0,1,0,1,1,1,1,0,0,0,0
13795,0,0,1,1,0,1,0,0,1,0,1,1,0,1,0,0,1,0
13796,0,0,1,1,0,1,0,0,1,0,0,1,0,1,1,0,0,1
13797,0,0,1,1,0,1,0,0,1,1,0,1,0,1,0,0,0,1
13798,0,0,1,1,0,1,0,0,1,0,0,1,1,1,0,0,0,1
13799,0,0,1,1,0,1,0,0,1,0,0,1,0,1,0,0,1,1
13800,0,0,1,1,0,1,0,0,1,1,0,1,0,1,1,0,0,0
13801,0,0,1,1,0,1,0,0,1,0,0,1,1,1,1,0,0,0
13802,0,0,1,1,0,1,0,0,1,0,0,1,0,1,1,0,1,0
13803,0,0,1,1,0,1,0,0,1,1,0,1,1,1,0,0,0,0
13804,0,0,1,1,0,1,0,0,1,1,0,1,0,1,0,0,1,0
13805,0,0,1,1,0,1,0,0,1,0,0,1,1,1,0,0,1,0
13806,0,0,1,1,0,1,0,0,1,0,1,1,0,0,1,0,0,1
13807,0,0,1,1,0,1,0,0,1,1,1,1,0,0,0,0,0,1
13808,0,0,1,1,0,1,0,0,1,0,1,1,1,0,0,0,0,1
13809,0,0,1,1,0,1,0,0,1,0,1,1,0,0,0,0,1,1
13810,0,0,1,1,0,1,0,0,1,1,1,1,0,0,1,0,0,0
13811,0,0,1,1,0,1,0,0,1,0,1,1,1,0,1,0,0,0
13812,0,0,1,1,0,1,0,0,1,0,1,1,0,0,1,0,1,0
13813,0,0,1,1,0,1,0,0,1,1,1,1,1,0,0,0,0,0
13814,0,0,1,1,0,1,0,0,1,1,1,1,0,0,0,0,1,0
13815,0,0,1,1,0,1,0,0,1,0,1,1,1,0,0,0,1,0
13816,0,0,1,1,0,1,0,0,1,1,0,1,0,0,1,0,0,1
13817,0,0,1,1,0,1,0,0,1,0,0,1,1,0,1,0,0,1
13818,0,0,1,1,0,1,0,0,1,0,0,1,0,0,1,0,1,1
13819,0,0,1,1,0,1,0,0,1,1,0,1,1,0,0,0,0,1
13820,0,0,1,1,0,1,0,0,1,1,0,1,0,0,0,0,1,1
13821,0,0,1,1,0,1,0,0,1,0,0,1,1,0,0,0,1,1
13822,0,0,1,1,0,1,0,0,1,1,0,1,1,0,1,0,0,0
13823,0,0,1,1,0,1,0,0,1,1,0,1,0,0,1,0,1,0
13824,0,0,1,1,0,1,0,0,1,0,0,1,1,0,1,0,1,0
13825,0,0,1,1,0,1,0,0,1,1,0,1,1,0,0,0,1,0
13826,0,0,1,1,0,1,0,0,1,0,1,0,0,1,1,0,0,1
13827,0,0,1,1,0,1,0,0,1,1,1,0,0,1,0,0,0,1
13828,0,0,1,1,0,1,0,0,1,0,1,0,1,1,0,0,0,1
13829,0,0,1,1,0,1,0,0,1,0,1,0,0,1,0,0,1,1
13830,0,0,1,1,0,1,0,0,1,1,1,0,0,1,1,0,0,0
13831,0,0,1,1,0,1,0,0,1,0,1,0,1,1,1,0,0,0
13832,0,0,1,1,0,1,0,0,1,0,1,0,0,1,1,0,1,0
13833,0,0,1,1,0,1,0,0,1,1,1,0,1,1,0,0,0,0
13834,0,0,1,1,0,1,0,0,1,1,1,0,0,1,0,0,1,0
13835,0,0,1,1,0,1,0,0,1,0,1,0,1,1,0,0,1,0
13836,0,0,1,1,0,1,0,0,1,1,0,0,0,1,1,0,0,1
13837,0,0,1,1,0,1,0,0,1,0,0,0,1,1,1,0,0,1
13838,0,0,1,1,0,1,0,0,1,0,0,0,0,1,1,0,1,1
13839,0,0,1,1,0,1,0,0,1,1,0,0,1,1,0,0,0,1
13840,0,0,1,1,0,1,0,0,1,1,0,0,0,1,0,0,1,1
13841,0,0,1,1,0,1,0,0,1,0,0,0,1,1,0,0,1,1
13842,0,0,1,1,0,1,0,0,1,1,0,0,1,1,1,0,0,0
13843,0,0,1,1,0,1,0,0,1,1,0,0,0,1,1,0,1,0
13844,0,0,1,1,0,1,0,0,1,0,0,0,1,1,1,0,1,0
13845,0,0,1,1,0,1,0,0,1,1,0,0,1,1,0,0,1,0
13846,0,0,1,1,0,1,0,0,1,1,1,0,0,0,1,0,0,1
13847,0,0,1,1,0,1,0,0,1,0,1,0,1,0,1,0,0,1
13848,0,0,1,1,0,1,0,0,1,0,1,0,0,0,1,0,1,1
13849,0,0,1,1,0,1,0,0,1,1,1,0,1,0,0,0,0,1
13850,0,0,1,1,0,1,0,0,1,1,1,0,0,0,0,0,1,1
13851,0,0,1,1,0,1,0,0,1,0,1,0,1,0,0,0,1,1
13852,0,0,1,1,0,1,0,0,1,1,1,0,1,0,1,0,0,0
13853,0,0,1,1,0,1,0,0,1,1,1,0,0,0,1,0,1,0
13854,0,0,1,1,0,1,0,0,1,0,1,0,1,0,1,0,1,0
13855,0,0,1,1,0,1,0,0,1,1,1,0,1,0,0,0,1,0
13856,0,0,1,1,0,1,0,0,1,1,0,0,1,0,1,0,0,1
13857,0,0,1,1,0,1,0,0,1,1,0,0,0,0,1,0,1,1
13858,0,0,1,1,0,1,0,0,1,0,0,0,1,0,1,0,1,1
13859,0,0,1,1,0,1,0,0,1,1,0,0,1,0,0,0,1,1
13860,0,0,1,1,0,1,0,0,1,1,0,0,1,0,1,0,1,0
13861,1,0,1,1,0,0,1,0,1,0,1,1,0,1,0,0,0,0
13862,1,0,1,1,0,0,1,0,1,0,0,1,0,1,0,0,0,1
13863,1,0,1,1,0,0,1,0,1,0,0,1,0,1,1,0,0,0
13864,1,0,1,1,0,0,1,0,1,1,0,1,0,1,0,0,0,0
13865,1,0,1,1,0,0,1,0,1,0,0,1,1,1,0,0,0,0
13866,1,0,1,1,0,0,1,0,1,0,0,1,0,1,0,0,1,0
13867,1,0,1,1,0,0,1,0,1,0,1,1,0,0,0,0,0,1
13868,1,0,1,1,0,0,1,0,1,0,1,1,0,0,1,0,0,0
13869,1,0,1,1,0,0,1,0,1,1,1,1,0,0,0,0,0,0
13870,1,0,1,1,0,0,1,0,1,0,1,1,1,0,0,0,0,0
13871,1,0,1,1,0,0,1,0,1,0,1,1,0,0,0,0,1,0
13872,1,0,1,1,0,0,1,0,1,0,0,1,0,0,1,0,0,1
13873,1,0,1,1,0,0,1,0,1,1,0,1,0,0,0,0,0,1
13874,1,0,1,1,0,0,1,0,1,0,0,1,1,0,0,0,0,1
13875,1,0,1,1,0,0,1,0,1,0,0,1,0,0,0,0,1,1
13876,1,0,1,1,0,0,1,0,1,1,0,1,0,0,1,0,0,0
13877,1,0,1,1,0,0,1,0,1,0,0,1,1,0,1,0,0,0
13878,1,0,1,1,0,0,1,0,1,0,0,1,0,0,1,0,1,0
13879,1,0,1,1,0,0,1,0,1,1,0,1,1,0,0,0,0,0
13880,1,0,1,1,0,0,1,0,1,1,0,1,0,0,0,0,1,0
13881,1,0,1,1,0,0,1,0,1,0,0,1,1,0,0,0,1,0
13882,1,0,1,1,0,0,1,0,1,0,1,0,0,1,0,0,0,1
13883,1,0,1,1,0,0,1,0,1,0,1,0,0,1,1,0,0,0
13884,1,0,1,1,0,0,1,0,1,1,1,0,0,1,0,0,0,0
13885,1,0,1,1,0,0,1,0,1,0,1,0,1,1,0,0,0,0
13886,1,0,1,1,0,0,1,0,1,0,1,0,0,1,0,0,1,0
13887,1,0,1,1,0,0,1,0,1,0,0,0,0,1,1,0,0,1
13888,1,0,1,1,0,0,1,0,1,1,0,0,0,1,0,0,0,1
13889,1,0,1,1,0,0,1,0,1,0,0,0,1,1,0,0,0,1
13890,1,0,1,1,0,0,1,0,1,0,0,0,0,1,0,0,1,1
13891,1,0,1,1,0,0,1,0,1,1,0,0,0,1,1,0,0,0
13892,1,0,1,1,0,0,1,0,1,0,0,0,1,1,1,0,0,0
13893,1,0,1,1,0,0,1,0,1,0,0,0,0,1,1,0,1,0
13894,1,0,1,1,0,0,1,0,1,1,0,0,1,1,0,0,0,0
13895,1,0,1,1,0,0,1,0,1,1,0,0,0,1,0,0,1,0
13896,1,0,1,1,0,0,1,0,1,0,0,0,1,1,0,0,1,0
13897,1,0,1,1,0,0,1,0,1,0,1,0,0,0,1,0,0,1
13898,1,0,1,1,0,0,1,0,1,1,1,0,0,0,0,0,0,1
13899,1,0,1,1,0,0,1,0,1,0,1,0,1,0,0,0,0,1
13900,1,0,1,1,0,0,1,0,1,0,1,0,0,0,0,0,1,1
13901,1,0,1,1,0,0,1,0,1,1,1,0,0,0,1,0,0,0
13902,1,0,1,1,0,0,1,0,1,0,1,0,1,0,1,0,0,0
13903,1,0,1,1,0,0,1,0,1,0,1,0,0,0,1,0,1,0
13904,1,0,1,1,0,0,1,0,1,1,1,0,1,0,0,0,0,0
13905,1,0,1,1,0,0,1,0,1,1,1,0,0,0,0,0,1,0
13906,1,0,1,1,0,0,1,0,1,0,1,0,1,0,0,0,1,0
13907,1,0,1,1,0,0,1,0,1,1,0,0,0,0,1,0,0,1
13908,1,0,1,1,0,0,1,0,1,0,0,0,1,0,1,0,0,1
13909,1,0,1,1,0,0,1,0,1,0,0,0,0,0,1,0,1,1
13910,1,0,1,1,0,0,1,0,1,1,0,0,1,0,0,0,0,1
13911,1,0,1,1,0,0,1,0,1,1,0,0,0,0,0,0,1,1
13912,1,0,1,1,0,0,1,0,1,0,0,0,1,0,0,0,1,1
13913,1,0,1,1,0,0,1,0,1,1,0,0,1,0,1,0,0,0
13914,1,0,1,1,0,0,1,0,1,1,0,0,0,0,1,0,1,0
13915,1,0,1,1,0,0,1,0,1,0,0,0,1,0,1,0,1,0
13916,1,0,1,1,0,0,1,0,1,1,0,0,1,0,0,0,1,0
13917,1,0,1,1,0,0,0,0,1,0,1,1,0,1,0,0,0,1
13918,1,0,1,1,0,0,0,0,1,0,1,1,0,1,1,0,0,0
13919,1,0,1,1,0,0,0,0,1,1,1,1,0,1,0,0,0,0
13920,1,0,1,1,0,0,0,0,1,0,1,1,1,1,0,0,0,0
13921,1,0,1,1,0,0,0,0,1,0,1,1,0,1,0,0,1,0
13922,1,0,1,1,0,0,0,0,1,0,0,1,0,1,1,0,0,1
13923,1,0,1,1,0,0,0,0,1,1,0,1,0,1,0,0,0,1
13924,1,0,1,1,0,0,0,0,1,0,0,1,1,1,0,0,0,1
13925,1,0,1,1,0,0,0,0,1,0,0,1,0,1,0,0,1,1
13926,1,0,1,1,0,0,0,0,1,1,0,1,0,1,1,0,0,0
13927,1,0,1,1,0,0,0,0,1,0,0,1,1,1,1,0,0,0
13928,1,0,1,1,0,0,0,0,1,0,0,1,0,1,1,0,1,0
13929,1,0,1,1,0,0,0,0,1,1,0,1,1,1,0,0,0,0
13930,1,0,1,1,0,0,0,0,1,1,0,1,0,1,0,0,1,0
13931,1,0,1,1,0,0,0,0,1,0,0,1,1,1,0,0,1,0
13932,1,0,1,1,0,0,0,0,1,0,1,1,0,0,1,0,0,1
13933,1,0,1,1,0,0,0,0,1,1,1,1,0,0,0,0,0,1
13934,1,0,1,1,0,0,0,0,1,0,1,1,1,0,0,0,0,1
13935,1,0,1,1,0,0,0,0,1,0,1,1,0,0,0,0,1,1
13936,1,0,1,1,0,0,0,0,1,1,1,1,0,0,1,0,0,0
13937,1,0,1,1,0,0,0,0,1,0,1,1,1,0,1,0,0,0
13938,1,0,1,1,0,0,0,0,1,0,1,1,0,0,1,0,1,0
13939,1,0,1,1,0,0,0,0,1,1,1,1,1,0,0,0,0,0
13940,1,0,1,1,0,0,0,0,1,1,1,1,0,0,0,0,1,0
13941,1,0,1,1,0,0,0,0,1,0,1,1,1,0,0,0,1,0
13942,1,0,1,1,0,0,0,0,1,1,0,1,0,0,1,0,0,1
13943,1,0,1,1,0,0,0,0,1,0,0,1,1,0,1,0,0,1
13944,1,0,1,1,0,0,0,0,1,0,0,1,0,0,1,0,1,1
13945,1,0,1,1,0,0,0,0,1,1,0,1,1,0,0,0,0,1
13946,1,0,1,1,0,0,0,0,1,1,0,1,0,0,0,0,1,1
13947,1,0,1,1,0,0,0,0,1,0,0,1,1,0,0,0,1,1
13948,1,0,1,1,0,0,0,0,1,1,0,1,1,0,1,0,0,0
13949,1,0,1,1,0,0,0,0,1,1,0,1,0,0,1,0,1,0
13950,1,0,1,1,0,0,0,0,1,0,0,1,1,0,1,0,1,0
13951,1,0,1,1,0,0,0,0,1,1,0,1,1,0,0,0,1,0
13952,1,0,1,1,0,0,0,0,1,0,1,0,0,1,1,0,0,1
13953,1,0,1,1,0,0,0,0,1,1,1,0,0,1,0,0,0,1
13954,1,0,1,1,0,0,0,0,1,0,1,0,1,1,0,0,0,1
13955,1,0,1,1,0,0,0,0,1,0,1,0,0,1,0,0,1,1
13956,1,0,1,1,0,0,0,0,1,1,1,0,0,1,1,0,0,0
13957,1,0,1,1,0,0,0,0,1,0,1,0,1,1,1,0,0,0
13958,1,0,1,1,0,0,0,0,1,0,1,0,0,1,1,0,1,0
13959,1,0,1,1,0,0,0,0,1,1,1,0,1,1,0,0,0,0
13960,1,0,1,1,0,0,0,0,1,1,1,0,0,1,0,0,1,0
13961,1,0,1,1,0,0,0,0,1,0,1,0,1,1,0,0,1,0
13962,1,0,1,1,0,0,0,0,1,1,0,0,0,1,1,0,0,1
13963,1,0,1,1,0,0,0,0,1,0,0,0,1,1,1,0,0,1
13964,1,0,1,1,0,0,0,0,1,0,0,0,0,1,1,0,1,1
13965,1,0,1,1,0,0,0,0,1,1,0,0,1,1,0,0,0,1
13966,1,0,1,1,0,0,0,0,1,1,0,0,0,1,0,0,1,1
13967,1,0,1,1,0,0,0,0,1,0,0,0,1,1,0,0,1,1
13968,1,0,1,1,0,0,0,0,1,1,0,0,1,1,1,0,0,0
13969,1,0,1,1,0,0,0,0,1,1,0,0,0,1,1,0,1,0
13970,1,0,1,1,0,0,0,0,1,0,0,0,1,1,1,0,1,0
13971,1,0,1,1,0,0,0,0,1,1,0,0,1,1,0,0,1,0
13972,1,0,1,1,0,0,0,0,1,1,1,0,0,0,1,0,0,1
13973,1,0,1,1,0,0,0,0,1,0,1,0,1,0,1,0,0,1
13974,1,0,1,1,0,0,0,0,1,0,1,0,0,0,1,0,1,1
13975,1,0,1,1,0,0,0,0,1,1,1,0,1,0,0,0,0,1
13976,1,0,1,1,0,0,0,0,1,1,1,0,0,0,0,0,1,1
13977,1,0,1,1,0,0,0,0,1,0,1,0,1,0,0,0,1,1
13978,1,0,1,1,0,0,0,0,1,1,1,0,1,0,1,0,0,0
13979,1,0,1,1,0,0,0,0,1,1,1,0,0,0,1,0,1,0
13980,1,0,1,1,0,0,0,0,1,0,1,0,1,0,1,0,1,0
13981,1,0,1,1,0,0,0,0,1,1,1,0,1,0,0,0,1,0
13982,1,0,1,1,0,0,0,0,1,1,0,0,1,0,1,0,0,1
13983,1,0,1,1,0,0,0,0,1,1,0,0,0,0,1,0,1,1
13984,1,0,1,1,0,0,0,0,1,0,0,0,1,0,1,0,1,1
13985,1,0,1,1,0,0,0,0,1,1,0,0,1,0,0,0,1,1
13986,1,0,1,1,0,0,0,0,1,1,0,0,1,0,1,0,1,0
13987,1,1,0,0,0,1,1,0,0,0,1,1,0,1,0,1,0,0
13988,1,1,0,0,0,1,1,0,0,0,0,1,0,1,0,1,0,1
13989,1,1,0,0,0,1,1,0,0,0,0,1,0,1,1,1,0,0
13990,1,1,0,0,0,1,1,0,0,1,0,1,0,1,0,1,0,0
13991,1,1,0,0,0,1,1,0,0,0,0,1,1,1,0,1,0,0
13992,1,1,0,0,0,1,1,0,0,0,0,1,0,1,0,1,1,0
13993,1,1,0,0,0,1,1,0,0,0,1,1,0,0,0,1,0,1
13994,1,1,0,0,0,1,1,0,0,0,1,1,0,0,1,1,0,0
13995,1,1,0,0,0,1,1,0,0,1,1,1,0,0,0,1,0,0
13996,1,1,0,0,0,1,1,0,0,0,1,1,1,0,0,1,0,0
13997,1,1,0,0,0,1,1,0,0,0,1,1,0,0,0,1,1,0
13998,1,1,0,0,0,1,1,0,0,0,0,1,0,0,1,1,0,1
13999,1,1,0,0,0,1,1,0,0,1,0,1,0,0,0,1,0,1
14000,1,1,0,0,0,1,1,0,0,0,0,1,1,0,0,1,0,1
14001,1,1,0,0,0,1,1,0,0,0,0,1,0,0,0,1,1,1
14002,1,1,0,0,0,1,1,0,0,1,0,1,0,0,1,1,0,0
14003,1,1,0,0,0,1,1,0,0,0,0,1,1,0,1,1,0,0
14004,1,1,0,0,0,1,1,0,0,0,0,1,0,0,1,1,1,0
14005,1,1,0,0,0,1,1,0,0,1,0,1,1,0,0,1,0,0
14006,1,1,0,0,0,1,1,0,0,1,0,1,0,0,0,1,1,0
14007,1,1,0,0,0,1,1,0,0,0,0,1,1,0,0,1,1,0
14008,1,1,0,0,0,1,1,0,0,0,1,0,0,1,0,1,0,1
14009,1,1,0,0,0,1,1,0,0,0,1,0,0,1,1,1,0,0
14010,1,1,0,0,0,1,1,0,0,1,1,0,0,1,0,1,0,0
14011,1,1,0,0,0,1,1,0,0,0,1,0,1,1,0,1,0,0
14012,1,1,0,0,0,1,1,0,0,0,1,0,0,1,0,1,1,0
14013,1,1,0,0,0,1,1,0,0,0,0,0,0,1,1,1,0,1
14014,1,1,0,0,0,1,1,0,0,1,0,0,0,1,0,1,0,1
14015,1,1,0,0,0,1,1,0,0,0,0,0,1,1,0,1,0,1
14016,1,1,0,0,0,1,1,0,0,0,0,0,0,1,0,1,1,1
14017,1,1,0,0,0,1,1,0,0,1,0,0,0,1,1,1,0,0
14018,1,1,0,0,0,1,1,0,0,0,0,0,1,1,1,1,0,0
14019,1,1,0,0,0,1,1,0,0,0,0,0,0,1,1,1,1,0
14020,1,1,0,0,0,1,1,0,0,1,0,0,1,1,0,1,0,0
14021,1,1,0,0,0,1,1,0,0,1,0,0,0,1,0,1,1,0
14022,1,1,0,0,0,1,1,0,0,0,0,0,1,1,0,1,1,0
14023,1,1,0,0,0,1,1,0,0,0,1,0,0,0,1,1,0,1
14024,1,1,0,0,0,1,1,0,0,1,1,0,0,0,0,1,0,1
14025,1,1,0,0,0,1,1,0,0,0,1,0,1,0,0,1,0,1
14026,1,1,0,0,0,1,1,0,0,0,1,0,0,0,0,1,1,1
14027,1,1,0,0,0,1,1,0,0,1,1,0,0,0,1,1,0,0
14028,1,1,0,0,0,1,1,0,0,0,1,0,1,0,1,1,0,0
14029,1,1,0,0,0,1,1,0,0,0,1,0,0,0,1,1,1,0
14030,1,1,0,0,0,1,1,0,0,1,1,0,1,0,0,1,0,0
14031,1,1,0,0,0,1,1,0,0,1,1,0,0,0,0,1,1,0
14032,1,1,0,0,0,1,1,0,0,0,1,0,1,0,0,1,1,0
14033,1,1,0,0,0,1,1,0,0,1,0,0,0,0,1,1,0,1
14034,1,1,0,0,0,1,1,0,0,0,0,0,1,0,1,1,0,1
14035,1,1,0,0,0,1,1,0,0,0,0,0,0,0,1,1,1,1
14036,1,1,0,0,0,1,1,0,0,1,0,0,1,0,0,1,0,1
14037,1,1,0,0,0,1,1,0,0,1,0,0,0,0,0,1,1,1
14038,1,1,0,0,0,1,1,0,0,0,0,0,1,0,0,1,1,1
14039,1,1,0,0,0,1,1,0,0,1,0,0,1,0,1,1,0,0
14040,1,1,0,0,0,1,1,0,0,1,0,0,0,0,1,1,1,0
14041,1,1,0,0,0,1,1,0,0,0,0,0,1,0,1,1,1,0
14042,1,1,0,0,0,1,1,0,0,1,0,0,1,0,0,1,1,0
14043,1,1,0,0,0,1,0,0,0,0,1,1,0,1,0,1,0,1
14044,1,1,0,0,0,1,0,0,0,0,1,1,0,1,1,1,0,0
14045,1,1,0,0,0,1,0,0,0,1,1,1,0,1,0,1,0,0
14046,1,1,0,0,0,1,0,0,0,0,1,1,1,1,0,1,0,0
14047,1,1,0,0,0,1,0,0,0,0,1,1,0,1,0,1,1,0
14048,1,1,0,0,0,1,0,0,0,0,0,1,0,1,1,1,0,1
14049,1,1,0,0,0,1,0,0,0,1,0,1,0,1,0,1,0,1
14050,1,1,0,0,0,1,0,0,0,0,0,1,1,1,0,1,0,1
14051,1,1,0,0,0,1,0,0,0,0,0,1,0,1,0,1,1,1
14052,1,1,0,0,0,1,0,0,0,1,0,1,0,1,1,1,0,0
14053,1,1,0,0,0,1,0,0,0,0,0,1,1,1,1,1,0,0
14054,1,1,0,0,0,1,0,0,0,0,0,1,0,1,1,1,1,0
14055,1,1,0,0,0,1,0,0,0,1,0,1,1,1,0,1,0,0
14056,1,1,0,0,0,1,0,0,0,1,0,1,0,1,0,1,1,0
14057,1,1,0,0,0,1,0,0,0,0,0,1,1,1,0,1,1,0
14058,1,1,0,0,0,1,0,0,0,0,1,1,0,0,1,1,0,1
14059,1,1,0,0,0,1,0,0,0,1,1,1,0,0,0,1,0,1
14060,1,1,0,0,0,1,0,0,0,0,1,1,1,0,0,1,0,1
14061,1,1,0,0,0,1,0,0,0,0,1,1,0,0,0,1,1,1
14062,1,1,0,0,0,1,0,0,0,1,1,1,0,0,1,1,0,0
14063,1,1,0,0,0,1,0,0,0,0,1,1,1,0,1,1,0,0
14064,1,1,0,0,0,1,0,0,0,0,1,1,0,0,1,1,1,0
14065,1,1,0,0,0,1,0,0,0,1,1,1,1,0,0,1,0,0
14066,1,1,0,0,0,1,0,0,0,1,1,1,0,0,0,1,1,0
14067,1,1,0,0,0,1,0,0,0,0,1,1,1,0,0,1,1,0
14068,1,1,0,0,0,1,0,0,0,1,0,1,0,0,1,1,0,1
14069,1,1,0,0,0,1,0,0,0,0,0,1,1,0,1,1,0,1
14070,1,1,0,0,0,1,0,0,0,0,0,1,0,0,1,1,1,1
14071,1,1,0,0,0,1,0,0,0,1,0,1,1,0,0,1,0,1
14072,1,1,0,0,0,1,0,0,0,1,0,1,0,0,0,1,1,1
14073,1,1,0,0,0,1,0,0,0,0,0,1,1,0,0,1,1,1
14074,1,1,0,0,0,1,0,0,0,1,0,1,1,0,1,1,0,0
14075,1,1,0,0,0,1,0,0,0,1,0,1,0,0,1,1,1,0
14076,1,1,0,0,0,1,0,0,0,0,0,1,1,0,1,1,1,0
14077,1,1,0,0,0,1,0,0,0,1,0,1,1,0,0,1,1,0
14078,1,1,0,0,0,1,0,0,0,0,1,0,0,1,1,1,0,1
14079,1,1,0,0,0,1,0,0,0,1,1,0,0,1,0,1,0,1
14080,1,1,0,0,0,1,0,0,0,0,1,0,1,1,0,1,0,1
14081,1,1,0,0,0,1,0,0,0,0,1,0,0,1,0,1,1,1
14082,1,1,0,0,0,1,0,0,0,1,1,0,0,1,1,1,0,0
14083,1,1,0,0,0,1,0,0,0,0,1,0,1,1,1,1,0,0
14084,1,1,0,0,0,1,0,0,0,0,1,0,0,1,1,1,1,0
14085,1,1,0,0,0,1,0,0,0,1,1,0,1,1,0,1,0,0
14086,1,1,0,0,0,1,0,0,0,1,1,0,0,1,0,1,1,0
14087,1,1,0,0,0,1,0,0,0,0,1,0,1,1,0,1,1,0
14088,1,1,0,0,0,1,0,0,0,1,0,0,0,1,1,1,0,1
14089,1,1,0,0,0,1,0,0,0,0,0,0,1,1,1,1,0,1
14090,1,1,0,0,0,1,0,0,0,0,0,0,0,1,1,1,1,1
14091,1,1,0,0,0,1,0,0,0,1,0,0,1,1,0,1,0,1
14092,1,1,0,0,0,1,0,0,0,1,0,0,0,1,0,1,1,1
14093,1,1,0,0,0,1,0,0,0,0,0,0,1,1,0,1,1,1
14094,1,1,0,0,0,1,0,0,0,1,0,0,1,1,1,1,0,0
14095,1,1,0,0,0,1,0,0,0,1,0,0,0,1,1,1,1,0
14096,1,1,0,0,0,1,0,0,0,0,0,0,1,1,1,1,1,0
14097,1,1,0,0,0,1,0,0,0,1,0,0,1,1,0,1,1,0
14098,1,1,0,0,0,1,0,0,0,1,1,0,0,0,1,1,0,1
14099,1,1,0,0,0,1,0,0,0,0,1,0,1,0,1,1,0,1
14100,1,1,0,0,0,1,0,0,0,0,1,0,0,0,1,1,1,1
14101,1,1,0,0,0,1,0,0,0,1,1,0,1,0,0,1,0,1
14102,1,1,0,0,0,1,0,0,0,1,1,0,0,0,0,1,1,1
14103,1,1,0,0,0,1,0,0,0,0,1,0,1,0,0,1,1,1
14104,1,1,0,0,0,1,0,0,0,1,1,0,1,0,1,1,0,0
14105,1,1,0,0,0,1,0,0,0,1,1,0,0,0,1,1,1,0
14106,1,1,0,0,0,1,0,0,0,0,1,0,1,0,1,1,1,0
14107,1,1,0,0,0,1,0,0,0,1,1,0,1,0,0,1,1,0
14108,1,1,0,0,0,1,0,0,0,1,0,0,1,0,1,1,0,1
14109,1,1,0,0,0,1,0,0,0,1,0,0,0,0,1,1,1,1
14110,1,1,0,0,0,1,0,0,0,0,0,0,1,0,1,1,1,1
14111,1,1,0,0,0,1,0,0,0,1,0,0,1,0,0,1,1,1
14112,1,1,0,0,0,1,0,0,0,1,0,0,1,0,1,1,1,0
14113,0,1,1,0,0,1,1,0,0,0,1,1,0,1,0,1,0,0
14114,0,1,1,0,0,1,1,0,0,0,0,1,0,1,0,1,0,1
14115,0,1,1,0,0,1,1,0,0,0,0,1,0,1,1,1,0,0
14116,0,1,1,0,0,1,1,0,0,1,0,1,0,1,0,1,0,0
14117,0,1,1,0,0,1,1,0,0,0,0,1,1,1,0,1,0,0
14118,0,1,1,0,0,1,1,0,0,0,0,1,0,1,0,1,1,0
14119,0,1,1,0,0,1,1,0,0,0,1,1,0,0,0,1,0,1
14120,0,1,1,0,0,1,1,0,0,0,1,1,0,0,1,1,0,0
14121,0,1,1,0,0,1,1,0,0,1,1,1,0,0,0,1,0,0
14122,0,1,1,0,0,1,1,0,0,0,1,1,1,0,0,1,0,0
14123,0,1,1,0,0,1,1,0,0,0,1,1,0,0,0,1,1,0
14124,0,1,1,0,0,1,1,0,0,0,0,1,0,0,1,1,0,1
14125,0,1,1,0,0,1,1,0,0,1,0,1,0,0,0,1,0,1
14126,0,1,1,0,0,1,1,0,0,0,0,1,1,0,0,1,0,1
14127,0,1,1,0,0,1,1,0,0,0,0,1,0,0,0,1,1,1
14128,0,1,1,0,0,1,1,0,0,1,0,1,0,0,1,1,0,0
14129,0,1,1,0,0,1,1,0,0,0,0,1,1,0,1,1,0,0
14130,0,1,1,0,0,1,1,0,0,0,0,1,0,0,1,1,1,0
14131,0,1,1,0,0,1,1,0,0,1,0,1,1,0,0,1,0,0
14132,0,1,1,0,0,1,1,0,0,1,0,1,0,0,0,1,1,0
14133,0,1,1,0,0,1,1,0,0,0,0,1,1,0,0,1,1,0
14134,0,1,1,0,0,1,1,0,0,0,1,0,0,1,0,1,0,1
14135,0,1,1,0,0,1,1,0,0,0,1,0,0,1,1,1,0,0
14136,0,1,1,0,0,1,1,0,0,1,1,0,0,1,0,1,0,0
14137,0,1,1,0,0,1,1,0,0,0,1,0,1,1,0,1,0,0
14138,0,1,1,0,0,1,1,0,0,0,1,0,0,1,0,1,1,0
14139,0,1,1,0,0,1,1,0,0,0,0,0,0,1,1,1,0,1
14140,0,1,1,0,0,1,1,0,0,1,0,0,0,1,0,1,0,1
14141,0,1,1,0,0,1,1,0,0,0,0,0,1,1,0,1,0,1
14142,0,1,1,0,0,1,1,0,0,0,0,0,0,1,0,1,1,1
14143,0,1,1,0,0,1,1,0,0,1,0,0,0,1,1,1,0,0
14144,0,1,1,0,0,1,1,0,0,0,0,0,1,1,1,1,0,0
14145,0,1,1,0,0,1,1,0,0,0,0,0,0,1,1,1,1,0
14146,0,1,1,0,0,1,1,0,0,1,0,0,1,1,0,1,0,0
14147,0,1,1,0,0,1,1,0,0,1,0,0,0,1,0,1,1,0
14148,0,1,1,0,0,1,1,0,0,0,0,0,1,1,0,1,1,0
14149,0,1,1,0,0,1,1,0,0,0,1,0,0,0,1,1,0,1
14150,0,1,1,0,0,1,1,0,0,1,1,0,0,0,0,1,0,1
14151,0,1,1,0,0,1,1,0,0,0,1,0,1,0,0,1,0,1
14152,0,1,1,0,0,1,1,0,0,0,1,0,0,0,0,1,1,1
14153,0,1,1,0,0,1,1,0,0,1,1,0,0,0,1,1,0,0
14154,0,1,1,0,0,1,1,0,0,0,1,0,1,0,1,1,0,0
14155,0,1,1,0,0,1,1,0,0,0,1,0,0,0,1,1,1,0
14156,0,1,1,0,0,1,1,0,0,1,1,0,1,0,0,1,0,0
14157,0,1,1,0,0,1,1,0,0,1,1,0,0,0,0,1,1,0
14158,0,1,1,0,0,1,1,0,0,0,1,0,1,0,0,1,1,0
14159,0,1,1,0,0,1,1,0,0,1,0,0,0,0,1,1,0,1
14160,0,1,1,0,0,1,1,0,0,0,0,0,1,0,1,1,0,1
14161,0,1,1,0,0,1,1,0,0,0,0,0,0,0,1,1,1,1
14162,0,1,1,0,0,1,1,0,0,1,0,0,1,0,0,1,0,1
14163,0,1,1,0,0,1,1,0,0,1,0,0,0,0,0,1,1,1
14164,0,1,1,0,0,1,1,0,0,0,0,0,1,0,0,1,1,1
14165,0,1,1,0,0,1,1,0,0,1,0,0,1,0,1,1,0,0
14166,0,1,1,0,0,1,1,0,0,1,0,0,0,0,1,1,1,0
14167,0,1,1,0,0,1,1,0,0,0,0,0,1,0,1,1,1,0
14168,0,1,1,0,0,1,1,0,0,1,0,0,1,0,0,1,1,0
14169,0,1,1,0,0,1,0,0,0,0,1,1,0,1,0,1,0,1
14170,0,1,1,0,0,1,0,0,0,0,1,1,0,1,1,1,0,0
14171,0,1,1,0,0,1,0,0,0,1,1,1,0,1,0,1,0,0
14172,0,1,1,0,0,1,0,0,0,0,1,1,1,1,0,1,0,0
14173,0,1,1,0,0,1,0,0,0,0,1,1,0,1,0,1,1,0
14174,0,1,1,0,0,1,0,0,0,0,0,1,0,1,1,1,0,1
14175,0,1,1,0,0,1,0,0,0,1,0,1,0,1,0,1,0,1
14176,0,1,1,0,0,1,0,0,0,0,0,1,1,1,0,1,0,1
14177,0,1,1,0,0,1,0,0,0,0,0,1,0,1,0,1,1,1
14178,0,1,1,0,0,1,0,0,0,1,0,1,0,1,1,1,0,0
14179,0,1,1,0,0,1,0,0,0,0,0,1,1,1,1,1,0,0
14180,0,1,1,0,0,1,0,0,0,0,0,1,0,1,1,1,1,0
14181,0,1,1,0,0,1,0,0,0,1,0,1,1,1,0,1,0,0
14182,0,1,1,0,0,1,0,0,0,1,0,1,0,1,0,1,1,0
14183,0,1,1,0,0,1,0,0,0,0,0,1,1,1,0,1,1,0
14184,0,1,1,0,0,1,0,0,0,0,1,1,0,0,1,1,0,1
14185,0,1,1,0,0,1,0,0,0,1,1,1,0,0,0,1,0,1
14186,0,1,1,0,0,1,0,0,0,0,1,1,1,0,0,1,0,1
14187,0,1,1,0,0,1,0,0,0,0,1,1,0,0,0,1,1,1
14188,0,1,1,0,0,1,0,0,0,1,1,1,0,0,1,1,0,0
14189,0,1,1,0,0,1,0,0,0,0,1,1,1,0,1,1,0,0
14190,0,1,1,0,0,1,0,0,0,0,1,1,0,0,1,1,1,0
14191,0,1,1,0,0,1,0,0,0,1,1,1,1,0,0,1,0,0
14192,0,1,1,0,0,1,0,0,0,1,1,1,0,0,0,1,1,0
14193,0,1,1,0,0,1,0,0,0,0,1,1,1,0,0,1,1,0
14194,0,1,1,0,0,1,0,0,0,1,0,1,0,0,1,1,0,1
14195,0,1,1,0,0,1,0,0,0,0,0,1,1,0,1,1,0,1
14196,0,1,1,0,0,1,0,0,0,0,0,1,0,0,1,1,1,1
14197,0,1,1,0,0,1,0,0,0,1,0,1,1,0,0,1,0,1
14198,0,1,1,0,0,1,0,0,0,1,0,1,0,0,0,1,1,1
14199,0,1,1,0,0,1,0,0,0,0,0,1,1,0,0,1,1,1
14200,0,1,1,0,0,1,0,0,0,1,0,1,1,0,1,1,0,0
14201,0,1,1,0,0,1,0,0,0,1,0,1,0,0,1,1,1,0
14202,0,1,1,0,0,1,0,0,0,0,0,1,1,0,1,1,1,0
14203,0,1,1,0,0,1,0,0,0,1,0,1,1,0,0,1,1,0
14204,0,1,1,0,0,1,0,0,0,0,1,0,0,1,1,1,0,1
14205,0,1,1,0,0,1,0,0,0,1,1,0,0,1,0,1,0,1
14206,0,1,1,0,0,1,0,0,0,0,1,0,1,1,0,1,0,1
14207,0,1,1,0,0,1,0,0,0,0,1,0,0,1,0,1,1,1
14208,0,1,1,0,0,1,0,0,0,1,1,0,0,1,1,1,0,0
14209,0,1,1,0,0,1,0,0,0,0,1,0,1,1,1,1,0,0
14210,0,1,1,0,0,1,0,0,0,0,1,0,0,1,1,1,1,0
14211,0,1,1,0,0,1,0,0,0,1,1,0,1,1,0,1,0,0
14212,0,1,1,0,0,1,0,0,0,1,1,0,0,1,0,1,1,0
14213,0,1,1,0,0,1,0,0,0,0,1,0,1,1,0,1,1,0
14214,0,1,1,0,0,1,0,0,0,1,0,0,0,1,1,1,0,1
14215,0,1,1,0,0,1,0,0,0,0,0,0,1,1,1,1,0,1
14216,0,1,1,0,0,1,0,0,0,0,0,0,0,1,1,1,1,1
14217,0,1,1,0,0,1,0,0,0,1,0,0,1,1,0,1,0,1
14218,0,1,1,0,0,1,0,0,0,1,0,0,0,1,0,1,1,1
14219,0,1,1,0,0,1,0,0,0,0,0,0,1,1,0,1,1,1
14220,0,1,1,0,0,1,0,0,0,1,0,0,1,1,1,1,0,0
14221,0,1,1,0,0,1,0,0,0,1,0,0,0,1,1,1,1,0
14222,0,1,1,0,0,1,0,0,0,0,0,0,1,1,1,1,1,0
14223,0,1,1,0,0,1,0,0,0,1,0,0,1,1,0,1,1,0
14224,0,1,1,0,0,1,0,0,0,1,1,0,0,0,1,1,0,1
14225,0,1,1,0,0,1,0,0,0,0,1,0,1,0,1,1,0,1
14226,0,1,1,0,0,1,0,0,0,0,1,0,0,0,1,1,1,1
14227,0,1,1,0,0,1,0,0,0,1,1,0,1,0,0,1,0,1
14228,0,1,1,0,0,1,0,0,0,1,1,0,0,0,0,1,1,1
14229,0,1,1,0,0,1,0,0,0,0,1,0,1,0,0,1,1,1
14230,0,1,1,0,0,1,0,0,0,1,1,0,1,0,1,1,0,0
14231,0,1,1,0,0,1,0,0,0,1,1,0,0,0,1,1,1,0
14232,0,1,1,0,0,1,0,0,0,0,1,0,1,0,1,1,1,0
14233,0,1,1,0,0,1,0,0,0,1,1,0,1,0,0,1,1,0
14234,0,1,1,0,0,1,0,0,0,1,0,0,1,0,1,1,0,1
14235,0,1,1,0,0,1,0,0,0,1,0,0,0,0,1,1,1,1
14236,0,1,1,0,0,1,0,0,0,0,0,0,1,0,1,1,1,1
14237,0,1,1,0,0,1,0,0,0,1,0,0,1,0,0,1,1,1
14238,0,1,1,0,0,1,0,0,0,1,0,0,1,0,1,1,1,0
14239,0,1,0,1,0,1,1,0,0,0,1,1,0,1,0,1,0,0
14240,0,1,0,1,0,1,1,0,0,0,0,1,0,1,0,1,0,1
14241,0,1,0,1,0,1,1,0,0,0,0,1,0,1,1,1,0,0
14242,0,1,0,1,0,1,1,0,0,1,0,1,0,1,0,1,0,0
14243,0,1,0,1,0,1,1,0,0,0,0,1,1,1,0,1,0,0
14244,0,1,0,1,0,1,1,0,0,0,0,1,0,1,0,1,1,0
14245,0,1,0,1,0,1,1,0,0,0,1,1,0,0,0,1,0,1
14246,0,1,0,1,0,1,1,0,0,0,1,1,0,0,1,1,0,0
14247,0,1,0,1,0,1,1,0,0,1,1,1,0,0,0,1,0,0
14248,0,1,0,1,0,1,1,0,0,0,1,1,1,0,0,1,0,0
14249,0,1,0,1,0,1,1,0,0,0,1,1,0,0,0,1,1,0
14250,0,1,0,1,0,1,1,0,0,0,0,1,0,0,1,1,0,1
14251,0,1,0,1,0,1,1,0,0,1,0,1,0,0,0,1,0,1
14252,0,1,0,1,0,1,1,0,0,0,0,1,1,0,0,1,0,1
14253,0,1,0,1,0,1,1,0,0,0,0,1,0,0,0,1,1,1
14254,0,1,0,1,0,1,1,0,0,1,0,1,0,0,1,1,0,0
14255,0,1,0,1,0,1,1,0,0,0,0,1,1,0,1,1,0,0
14256,0,1,0,1,0,1,1,0,0,0,0,1,0,0,1,1,1,0
14257,0,1,0,1,0,1,1,0,0,1,0,1,1,0,0,1,0,0
14258,0,1,0,1,0,1,1,0,0,1,0,1,0,0,0,1,1,0
14259,0,1,0,1,0,1,1,0,0,0,0,1,1,0,0,1,1,0
14260,0,1,0,1,0,1,1,0,0,0,1,0,0,1,0,1,0,1
14261,0,1,0,1,0,1,1,0,0,0,1,0,0,1,1,1,0,0
14262,0,1,0,1,0,1,1,0,0,1,1,0,0,1,0,1,0,0
14263,0,1,0,1,0,1,1,0,0,0,1,0,1,1,0,1,0,0
14264,0,1,0,1,0,1,1,0,0,0,1,0,0,1,0,1,1,0
14265,0,1,0,1,0,1,1,0,0,0,0,0,0,1,1,1,0,1
14266,0,1,0,1,0,1,1,0,0,1,0,0,0,1,0,1,0,1
14267,0,1,0,1,0,1,1,0,0,0,0,0,1,1,0,1,0,1
14268,0,1,0,1,0,1,1,0,0,0,0,0,0,1,0,1,1,1
14269,0,1,0,1,0,1,1,0,0,1,0,0,0,1,1,1,0,0
14270,0,1,0,1,0,1,1,0,0,0,0,0,1,1,1,1,0,0
14271,0,1,0,1,0,1,1,0,0,0,0,0,0,1,1,1,1,0
14272,0,1,0,1,0,1,1,0,0,1,0,0,1,1,0,1,0,0
14273,0,1,0,1,0,1,1,0,0,1,0,0,0,1,0,1,1,0
14274,0,1,0,1,0,1,1,0,0,0,0,0,1,1,0,1,1,0
14275,0,1,0,1,0,1,1,0,0,0,1,0,0,0,1,1,0,1
14276,0,1,0,1,0,1,1,0,0,1,1,0,0,0,0,1,0,1
14277,0,1,0,1,0,1,1,0,0,0,1,0,1,0,0,1,0,1
14278,0,1,0,1,0,1,1,0,0,0,1,0,0,0,0,1,1,1
14279,0,1,0,1,0,1,1,0,0,1,1,0,0,0,1,1,0,0
14280,0,1,0,1,0,1,1,0,0,0,1,0,1,0,1,1,0,0
14281,0,1,0,1,0,1,1,0,0,0,1,0,0,0,1,1,1,0
14282,0,1,0,1,0,1,1,0,0,1,1,0,1,0,0,1,0,0
14283,0,1,0,1,0,1,1,0,0,1,1,0,0,0,0,1,1,0
14284,0,1,0,1,0,1,1,0,0,0,1,0,1,0,0,1,1,0
14285,0,1,0,1,0,1,1,0,0,1,0,0,0,0,1,1,0,1
14286,0,1,0,1,0,1,1,0,0,0,0,0,1,0,1,1,0,1
14287,0,1,0,1,0,1,1,0,0,0,0,0,0,0,1,1,1,1
14288,0,1,0,1,0,1,1,0,0,1,0,0,1,0,0,1,0,1
14289,0,1,0,1,0,1,1,0,0,1,0,0,0,0,0,1,1,1
14290,0,1,0,1,0,1,1,0,0,0,0,0,1,0,0,1,1,1
14291,0,1,0,1,0,1,1,0,0,1,0,0,1,0,1,1,0,0
14292,0,1,0,1,0,1,1,0,0,1,0,0,0,0,1,1,1,0
14293,0,1,0,1,0,1,1,0,0,0,0,0,1,0,1,1,1,0
14294,0,1,0,1,0,1,1,0,0,1,0,0,1,0,0,1,1,0
14295,0,1,0,1,0,1,0,0,0,0,1,1,0,1,0,1,0,1
14296,0,1,0,1,0,1,0,0,0,0,1,1,0,1,1,1,0,0
14297,0,1,0,1,0,1,0,0,0,1,1,1,0,1,0,1,0,0
14298,0,1,0,1,0,1,0,0,0,0,1,1,1,1,0,1,0,0
14299,0,1,0,1,0,1,0,0,0,0,1,1,0,1,0,1,1,0
14300,0,1,0,1,0,1,0,0,0,0,0,1,0,1,1,1,0,1
14301,0,1,0,1,0,1,0,0,0,1,0,1,0,1,0,1,0,1
14302,0,1,0,1,0,1,0,0,0,0,0,1,1,1,0,1,0,1
14303,0,1,0,1,0,1,0,0,0,0,0,1,0,1,0,1,1,1
14304,0,1,0,1,0,1,0,0,0,1,0,1,0,1,1,1,0,0
14305,0,1,0,1,0,1,0,0,0,0,0,1,1,1,1,1,0,0
14306,0,1,0,1,0,1,0,0,0,0,0,1,0,1,1,1,1,0
14307,0,1,0,1,0,1,0,0,0,1,0,1,1,1,0,1,0,0
14308,0,1,0,1,0,1,0,0,0,1,0,1,0,1,0,1,1,0
14309,0,1,0,1,0,1,0,0,0,0,0,1,1,1,0,1,1,0
14310,0,1,0,1,0,1,0,0,0,0,1,1,0,0,1,1,0,1
14311,0,1,0,1,0,1,0,0,0,1,1,1,0,0,0,1,0,1
14312,0,1,0,1,0,1,0,0,0,0,1,1,1,0,0,1,0,1
14313,0,1,0,1,0,1,0,0,0,0,1,1,0,0,0,1,1,1
14314,0,1,0,1,0,1,0,0,0,1,1,1,0,0,1,1,0,0
14315,0,1,0,1,0,1,0,0,0,0,1,1,1,0,1,1,0,0
14316,0,1,0,1,0,1,0,0,0,0,1,1,0,0,1,1,1,0
14317,0,1,0,1,0,1,0,0,0,1,1,1,1,0,0,1,0,0
14318,0,1,0,1,0,1,0,0,0,1,1,1,0,0,0,1,1,0
14319,0,1,0,1,0,1,0,0,0,0,1,1,1,0,0,1,1,0
14320,0,1,0,1,0,1,0,0,0,1,0,1,0,0,1,1,0,1
14321,0,1,0,1,0,1,0,0,0,0,0,1,1,0,1,1,0,1
14322,0,1,0,1,0,1,0,0,0,0,0,1,0,0,1,1,1,1
14323,0,1,0,1,0,1,0,0,0,1,0,1,1,0,0,1,0,1
14324,0,1,0,1,0,1,0,0,0,1,0,1,0,0,0,1,1,1
14325,0,1,0,1,0,1,0,0,0,0,0,1,1,0,0,1,1,1
14326,0,1,0,1,0,1,0,0,0,1,0,1,1,0,1,1,0,0
14327,0,1,0,1,0,1,0,0,0,1,0,1,0,0,1,1,1,0
14328,0,1,0,1,0,1,0,0,0,0,0,1,1,0,1,1,1,0
14329,0,1,0,1,0,1,0,0,0,1,0,1,1,0,0,1,1,0
14330,0,1,0,1,0,1,0,0,0,0,1,0,0,1,1,1,0,1
14331,0,1,0,1,0,1,0,0,0,1,1,0,0,1,0,1,0,1
14332,0,1,0,1,0,1,0,0,0,0,1,0,1,1,0,1,0,1
14333,0,1,0,1,0,1,0,0,0,0,1,0,0,1,0,1,1,1
14334,0,1,0,1,0,1,0,0,0,1,1,0,0,1,1,1,0,0
14335,0,1,0,1,0,1,0,0,0,0,1,0,1,1,1,1,0,0
14336,0,1,0,1,0,1,0,0,0,0,1,0,0,1,1,1,1,0
14337,0,1,0,1,0,1,0,0,0,1,1,0,1,1,0,1,0,0
14338,0,1,0,1,0,1,0,0,0,1,1,0,0,1,0,1,1,0
14339,0,1,0,1,0,1,0,0,0,0,1,0,1,1,0,1,1,0
14340,0,1,0,1,0,1,0,0,0,1,0,0,0,1,1,1,0,1
14341,0,1,0,1,0,1,0,0,0,0,0,0,1,1,1,1,0,1
14342,0,1,0,1,0,1,0,0,0,0,0,0,0,1,1,1,1,1
14343,0,1,0,1,0,1,0,0,0,1,0,0,1,1,0,1,0,1
14344,0,1,0,1,0,1,0,0,0,1,0,0,0,1,0,1,1,1
14345,0,1,0,1,0,1,0,0,0,0,0,0,1,1,0,1,1,1
14346,0,1,0,1,0,1,0,0,0,1,0,0,1,1,1,1,0,0
14347,0,1,0,1,0,1,0,0,0,1,0,0,0,1,1,1,1,0
14348,0,1,0,1,0,1,0,0,0,0,0,0,1,1,1,1,1,0
14349,0,1,0,1,0,1,0,0,0,1,0,0,1,1,0,1,1,0
14350,0,1,0,1,0,1,0,0,0,1,1,0,0,0,1,1,0,1
14351,0,1,0,1,0,1,0,0,0,0,1,0,1,0,1,1,0,1
14352,0,1,0,1,0,1,0,0,0,0,1,0,0,0,1,1,1,1
14353,0,1,0,1,0,1,0,0,0,1,1,0,1,0,0,1,0,1
14354,0,1,0,1,0,1,0,0,0,1,1,0,0,0,0,1,1,1
14355,0,1,0,1,0,1,0,0,0,0,1,0,1,0,0,1,1,1
14356,0,1,0,1,0,1,0,0,0,1,1,0,1,0,1,1,0,0
14357,0,1,0,1,0,1,0,0,0,1,1,0,0,0,1,1,1,0
14358,0,1,0,1,0,1,0,0,0,0,1,0,1,0,1,1,1,0
14359,0,1,0,1,0,1,0,0,0,1,1,0,1,0,0,1,1,0
14360,0,1,0,1,0,1,0,0,0,1,0,0,1,0,1,1,0,1
14361,0,1,0,1,0,1,0,0,0,1,0,0,0,0,1,1,1,1
14362,0,1,0,1,0,1,0,0,0,0,0,0,1,0,1,1,1,1
14363,0,1,0,1,0,1,0,0,0,1,0,0,1,0,0,1,1,1
14364,0,1,0,1,0,1,0,0,0,1,0,0,1,0,1,1,1,0
14365,1,1,1,0,0,0,1,0,0,0,1,1,0,1,0,1,0,0
14366,1,1,1,0,0,0,1,0,0,0,0,1,0,1,0,1,0,1
14367,1,1,1,0,0,0,1,0,0,0,0,1,0,1,1,1,0,0
14368,1,1,1,0,0,0,1,0,0,1,0,1,0,1,0,1,0,0
14369,1,1,1,0,0,0,1,0,0,0,0,1,1,1,0,1,0,0
14370,1,1,1,0,0,0,1,0,0,0,0,1,0,1,0,1,1,0
14371,1,1,1,0,0,0,1,0,0,0,1,1,0,0,0,1,0,1
14372,1,1,1,0,0,0,1,0,0,0,1,1,0,0,1,1,0,0
14373,1,1,1,0,0,0,1,0,0,1,1,1,0,0,0,1,0,0
14374,1,1,1,0,0,0,1,0,0,0,1,1,1,0,0,1,0,0
14375,1,1,1,0,0,0,1,0,0,0,1,1,0,0,0,1,1,0
14376,1,1,1,0,0,0,1,0,0,0,0,1,0,0,1,1,0,1
14377,1,1,1,0,0,0,1,0,0,1,0,1,0,0,0,1,0,1
14378,1,1,1,0,0,0,1,0,0,0,0,1,1,0,0,1,0,1
14379,1,1,1,0,0,0,1,0,0,0,0,1,0,0,0,1,1,1
14380,1,1,1,0,0,0,1,0,0,1,0,1,0,0,1,1,0,0
14381,1,1,1,0,0,0,1,0,0,0,0,1,1,0,1,1,0,0
14382,1,1,1,0,0,0,1,0,0,0,0,1,0,0,1,1,1,0
14383,1,1,1,0,0,0,1,0,0,1,0,1,1,0,0,1,0,0
14384,1,1,1,0,0,0,1,0,0,1,0,1,0,0,0,1,1,0
14385,1,1,1,0,0,0,1,0,0,0,0,1,1,0,0,1,1,0
14386,1,1,1,0,0,0,1,0,0,0,1,0,0,1,0,1,0,1
14387,1,1,1,0,0,0,1,0,0,0,1,0,0,1,1,1,0,0
14388,1,1,1,0,0,0,1,0,0,1,1,0,0,1,0,1,0,0
14389,1,1,1,0,0,0,1,0,0,0,1,0,1,1,0,1,0,0
14390,1,1,1,0,0,0,1,0,0,0,1,0,0,1,0,1,1,0
14391,1,1,1,0,0,0,1,0,0,0,0,0,0,1,1,1,0,1
14392,1,1,1,0,0,0,1,0,0,1,0,0,0,1,0,1,0,1
14393,1,1,1,0,0,0,1,0,0,0,0,0,1,1,0,1,0,1
14394,1,1,1,0,0,0,1,0,0,0,0,0,0,1,0,1,1,1
14395,1,1,1,0,0,0,1,0,0,1,0,0,0,1,1,1,0,0
14396,1,1,1,0,0,0,1,0,0,0,0,0,1,1,1,1,0,0
14397,1,1,1,0,0,0,1,0,0,0,0,0,0,1,1,1,1,0
14398,1,1,1,0,0,0,1,0,0,1,0,0,1,1,0,1,0,0
14399,1,1,1,0,0,0,1,0,0,1,0,0,0,1,0,1,1,0
14400,1,1,1,0,0,0,1,0,0,0,0,0,1,1,0,1,1,0
14401,1,1,1,0,0,0,1,0,0,0,1,0,0,0,1,1,0,1
14402,1,1,1,0,0,0,1,0,0,1,1,0,0,0,0,1,0,1
14403,1,1,1,0,0,0,1,0,0,0,1,0,1,0,0,1,0,1
14404,1,1,1,0,0,0,1,0,0,0,1,0,0,0,0,1,1,1
14405,1,1,1,0,0,0,1,0,0,1,1,0,0,0,1,1,0,0
14406,1,1,1,0,0,0,1,0,0,0,1,0,1,0,1,1,0,0
14407,1,1,1,0,0,0,1,0,0,0,1,0,0,0,1,1,1,0
14408,1,1,1,0,0,0,1,0,0,1,1,0,1,0,0,1,0,0
14409,1,1,1,0,0,0,1,0,0,1,1,0,0,0,0,1,1,0
14410,1,1,1,0,0,0,1,0,0,0,1,0,1,0,0,1,1,0
14411,1,1,1,0,0,0,1,0,0,1,0,0,0,0,1,1,0,1
14412,1,1,1,0,0,0,1,0,0,0,0,0,1,0,1,1,0,1
14413,1,1,1,0,0,0,1,0,0,0,0,0,0,0,1,1,1,1
14414,1,1,1,0,0,0,1,0,0,1,0,0,1,0,0,1,0,1
14415,1,1,1,0,0,0,1,0,0,1,0,0,0,0,0,1,1,1
14416,1,1,1,0,0,0,1,0,0,0,0,0,1,0,0,1,1,1
14417,1,1,1,0,0,0,1,0,0,1,0,0,1,0,1,1,0,0
14418,1,1,1,0,0,0,1,0,0,1,0,0,0,0,1,1,1,0
14419,1,1,1,0,0,0,1,0,0,0,0,0,1,0,1,1,1,0
14420,1,1,1,0,0,0,1,0,0,1,0,0,1,0,0,1,1,0
14421,1,1,1,0,0,0,0,0,0,0,1,1,0,1,0,1,0,1
14422,1,1,1,0,0,0,0,0,0,0,1,1,0,1,1,1,0,0
14423,1,1,1,0,0,0,0,0,0,1,1,1,0,1,0,1,0,0
14424,1,1,1,0,0,0,0,0,0,0,1,1,1,1,0,1,0,0
14425,1,1,1,0,0,0,0,0,0,0,1,1,0,1,0,1,1,0
14426,1,1,1,0,0,0,0,0,0,0,0,1,0,1,1,1,0,1
14427,1,1,1,0,0,0,0,0,0,1,0,1,0,1,0,1,0,1
14428,1,1,1,0,0,0,0,0,0,0,0,1,1,1,0,1,0,1
14429,1,1,1,0,0,0,0,0,0,0,0,1,0,1,0,1,1,1
14430,1,1,1,0,0,0,0,0,0,1,0,1,0,1,1,1,0,0
14431,1,1,1,0,0,0,0,0,0,0,0,1,1,1,1,1,0,0
14432,1,1,1,0,0,0,0,0,0,0,0,1,0,1,1,1,1,0
14433,1,1,1,0,0,0,0,0,0,1,0,1,1,1,0,1,0,0
14434,1,1,1,0,0,0,0,0,0,1,0,1,0,1,0,1,1,0
14435,1,1,1,0,0,0,0,0,0,0,0,1,1,1,0,1,1,0
14436,1,1,1,0,0,0,0,0,0,0,1,1,0,0,1,1,0,1
14437,1,1,1,0,0,0,0,0,0,1,1,1,0,0,0,1,0,1
14438,1,1,1,0,0,0,0,0,0,0,1,1,1,0,0,1,0,1
14439,1,1,1,0,0,0,0,0,0,0,1,1,0,0,0,1,1,1
14440,1,1,1,0,0,0,0,0,0,1,1,1,0,0,1,1,0,0
14441,1,1,1,0,0,0,0,0,0,0,1,1,1,0,1,1,0,0
14442,1,1,1,0,0,0,0,0,0,0,1,1,0,0,1,1,1,0
14443,1,1,1,0,0,0,0,0,0,1,1,1,1,0,0,1,0,0
14444,1,1,1,0,0,0,0,0,0,1,1,1,0,0,0,1,1,0
14445,1,1,1,0,0,0,0,0,0,0,1,1,1,0,0,1,1,0
14446,1,1,1,0,0,0,0,0,0,1,0,1,0,0,1,1,0,1
14447,1,1,1,0,0,0,0,0,0,0,0,1,1,0,1,1,0,1
14448,1,1,1,0,0,0,0,0,0,0,0,1,0,0,1,1,1,1
14449,1,1,1,0,0,0,0,0,0,1,0,1,1,0,0,1,0,1
14450,1,1,1,0,0,0,0,0,0,1,0,1,0,0,0,1,1,1
14451,1,1,1,0,0,0,0,0,0,0,0,1,1,0,0,1,1,1
14452,1,1,1,0,0,0,0,0,0,1,0,1,1,0,1,1,0,0
14453,1,1,1,0,0,0,0,0,0,1,0,1,0,0,1,1,1,0
14454,1,1,1,0,0,0,0,0,0,0,0,1,1,0,1,1,1,0
14455,1,1,1,0,0,0,0,0,0,1,0,1,1,0,0,1,1,0
14456,1,1,1,0,0,0,0,0,0,0,1,0,0,1,1,1,0,1
14457,1,1,1,0,0,0,0,0,0,1,1,0,0,1,0,1,0,1
14458,1,1,1,0,0,0,0,0,0,0,1,0,1,1,0,1,0,1
14459,1,1,1,0,0,0,0,0,0,0,1,0,0,1,0,1,1,1
14460,1,1,1,0,0,0,0,0,0,1,1,0,0,1,1,1,0,0
14461,1,1,1,0,0,0,0,0,0,0,1,0,1,1,1,1,0,0
14462,1,1,1,0,0,0,0,0,0,0,1,0,0,1,1,1,1,0
14463,1,1,1,0,0,0,0,0,0,1,1,0,1,1,0,1,0,0
14464,1,1,1,0,0,0,0,0,0,1,1,0,0,1,0,1,1,0
14465,1,1,1,0,0,0,0,0,0,0,1,0,1,1,0,1,1,0
14466,1,1,1,0,0,0,0,0,0,1,0,0,0,1,1,1,0,1
14467,1,1,1,0,0,0,0,0,0,0,0,0,1,1,1,1,0,1
14468,1,1,1,0,0,0,0,0,0,0,0,0,0,1,1,1,1,1
14469,1,1,1,0,0,0,0,0,0,1,0,0,1,1,0,1,0,1
14470,1,1,1,0,0,0,0,0,0,1,0,0,0,1,0,1,1,1
14471,1,1,1,0,0,0,0,0,0,0,0,0,1,1,0,1,1,1
14472,1,1,1,0,0,0,0,0,0,1,0,0,1,1,1,1,0,0
14473,1,1,1,0,0,0,0,0,0,1,0,0,0,1,1,1,1,0
14474,1,1,1,0,0,0,0,0,0,0,0,0,1,1,1,1,1,0
14475,1,1,1,0,0,0,0,0,0,1,0,0,1,1,0,1,1,0
14476,1,1,1,0,0,0,0,0,0,1,1,0,0,0,1,1,0,1
14477,1,1,1,0,0,0,0,0,0,0,1,0,1,0,1,1,0,1
14478,1,1,1,0,0,0,0,0,0,0,1,0,0,0,1,1,1,1
14479,1,1,1,0,0,0,0,0,0,1,1,0,1,0,0,1,0,1
14480,1,1,1,0,0,0,0,0,0,1,1,0,0,0,0,1,1,1
14481,1,1,1,0,0,0,0,0,0,0,1,0,1,0,0,1,1,1
14482,1,1,1,0,0,0,0,0,0,1,1,0,1,0,1,1,0,0
14483,1,1,1,0,0,0,0,0,0,1,1,0,0,0,1,1,1,0
14484,1,1,1,0,0,0,0,0,0,0,1,0,1,0,1,1,1,0
14485,1,1,1,0,0,0,0,0,0,1,1,0,1,0,0,1,1,0
14486,1,1,1,0,0,0,0,0,0,1,0,0,1,0,1,1,0,1
14487,1,1,1,0,0,0,0,0,0,1,0,0,0,0,1,1,1,1
14488,1,1,1,0,0,0,0,0,0,0,0,0,1,0,1,1,1,1
14489,1,1,1,0,0,0,0,0,0,1,0,0,1,0,0,1,1,1
14490,1,1,1,0,0,0,0,0,0,1,0,0,1,0,1,1,1,0
14491,1,1,0,1,0,0,1,0,0,0,1,1,0,1,0,1,0,0
14492,1,1,0,1,0,0,1,0,0,0,0,1,0,1,0,1,0,1
14493,1,1,0,1,0,0,1,0,0,0,0,1,0,1,1,1,0,0
14494,1,1,0,1,0,0,1,0,0,1,0,1,0,1,0,1,0,0
14495,1,1,0,1,0,0,1,0,0,0,0,1,1,1,0,1,0,0
14496,1,1,0,1,0,0,1,0,0,0,0,1,0,1,0,1,1,0
14497,1,1,0,1,0,0,1,0,0,0,1,1,0,0,0,1,0,1
14498,1,1,0,1,0,0,1,0,0,0,1,1,0,0,1,1,0,0
14499,1,1,0,1,0,0,1,0,0,1,1,1,0,0,0,1,0,0
14500,1,1,0,1,0,0,1,0,0,0,1,1,1,0,0,1,0,0
14501,1,1,0,1,0,0,1,0,0,0,1,1,0,0,0,1,1,0
14502,1,1,0,1,0,0,1,0,0,0,0,1,0,0,1,1,0,1
14503,1,1,0,1,0,0,1,0,0,1,0,1,0,0,0,1,0,1
14504,1,1,0,1,0,0,1,0,0,0,0,1,1,0,0,1,0,1
14505,1,1,0,1,0,0,1,0,0,0,0,1,0,0,0,1,1,1
14506,1,1,0,1,0,0,1,0,0,1,0,1,0,0,1,1,0,0
14507,1,1,0,1,0,0,1,0,0,0,0,1,1,0,1,1,0,0
14508,1,1,0,1,0,0,1,0,0,0,0,1,0,0,1,1,1,0
14509,1,1,0,1,0,0,1,0,0,1,0,1,1,0,0,1,0,0
14510,1,1,0,1,0,0,1,0,0,1,0,1,0,0,0,1,1,0
14511,1,1,0,1,0,0,1,0,0,0,0,1,1,0,0,1,1,0
14512,1,1,0,1,0,0,1,0,0,0,1,0,0,1,0,1,0,1
14513,1,1,0,1,0,0,1,0,0,0,1,0,0,1,1,1,0,0
14514,1,1,0,1,0,0,1,0,0,1,1,0,0,1,0,1,0,0
14515,1,1,0,1,0,0,1,0,0,0,1,0,1,1,0,1,0,0
14516,1,1,0,1,0,0,1,0,0,0,1,0,0,1,0,1,1,0
14517,1,1,0,1,0,0,1,0,0,0,0,0,0,1,1,1,0,1
14518,1,1,0,1,0,0,1,0,0,1,0,0,0,1,0,1,0,1
14519,1,1,0,1,0,0,1,0,0,0,0,0,1,1,0,1,0,1
14520,1,1,0,1,0,0,1,0,0,0,0,0,0,1,0,1,1,1
14521,1,1,0,1,0,0,1,0,0,1,0,0,0,1,1,1,0,0
14522,1,1,0,1,0,0,1,0,0,0,0,0,1,1,1,1,0,0
14523,1,1,0,1,0,0,1,0,0,0,0,0,0,1,1,1,1,0
14524,1,1,0,1,0,0,1,0,0,1,0,0,1,1,0,1,0,0
14525,1,1,0,1,0,0,1,0,0,1,0,0,0,1,0,1,1,0
14526,1,1,0,1,0,0,1,0,0,0,0,0,1,1,0,1,1,0
14527,1,1,0,1,0,0,1,0,0,0,1,0,0,0,1,1,0,1
14528,1,1,0,1,0,0,1,0,0,1,1,0,0,0,0,1,0,1
14529,1,1,0,1,0,0,1,0,0,0,1,0,1,0,0,1,0,1
14530,1,1,0,1,0,0,1,0,0,0,1,0,0,0,0,1,1,1
14531,1,1,0,1,0,0,1,0,0,1,1,0,0,0,1,1,0,0
14532,1,1,0,1,0,0,1,0,0,0,1,0,1,0,1,1,0,0
14533,1,1,0,1,0,0,1,0,0,0,1,0,0,0,1,1,1,0
14534,1,1,0,1,0,0,1,0,0,1,1,0,1,0,0,1,0,0
14535,1,1,0,1,0,0,1,0,0,1,1,0,0,0,0,1,1,0
14536,1,1,0,1,0,0,1,0,0,0,1,0,1,0,0,1,1,0
14537,1,1,0,1,0,0,1,0,0,1,0,0,0,0,1,1,0,1
14538,1,1,0,1,0,0,1,0,0,0,0,0,1,0,1,1,0,1
14539,1,1,0,1,0,0,1,0,0,0,0,0,0,0,1,1,1,1
14540,1,1,0,1,0,0,1,0,0,1,0,0,1,0,0,1,0,1
14541,1,1,0,1,0,0,1,0,0,1,0,0,0,0,0,1,1,1
14542,1,1,0,1,0,0,1,0,0,0,0,0,1,0,0,1,1,1
14543,1,1,0,1,0,0,1,0,0,1,0,0,1,0,1,1,0,0
14544,1,1,0,1,0,0,1,0,0,1,0,0,0,0,1,1,1,0
14545,1,1,0,1,0,0,1,0,0,0,0,0,1,0,1,1,1,0
14546,1,1,0,1,0,0,1,0,0,1,0,0,1,0,0,1,1,0
14547,1,1,0,1,0,0,0,0,0,0,1,1,0,1,0,1,0,1
14548,1,1,0,1,0,0,0,0,0,0,1,1,0,1,1,1,0,0
14549,1,1,0,1,0,0,0,0,0,1,1,1,0,1,0,1,0,0
14550,1,1,0,1,0,0,0,0,0,0,1,1,1,1,0,1,0,0
14551,1,1,0,1,0,0,0,0,0,0,1,1,0,1,0,1,1,0
14552,1,1,0,1,0,0,0,0,0,0,0,1,0,1,1,1,0,1
14553,1,1,0,1,0,0,0,0,0,1,0,1,0,1,0,1,0,1
14554,1,1,0,1,0,0,0,0,0,0,0,1,1,1,0,1,0,1
14555,1,1,0,1,0,0,0,0,0,0,0,1,0,1,0,1,1,1
14556,1,1,0,1,0,0,0,0,0,1,0,1,0,1,1,1,0,0
14557,1,1,0,1,0,0,0,0,0,0,0,1,1,1,1,1,0,0
14558,1,1,0,1,0,0,0,0,0,0,0,1,0,1,1,1,1,0
14559,1,1,0,1,0,0,0,0,0,1,0,1,1,1,0,1,0,0
14560,1,1,0,1,0,0,0,0,0,1,0,1,0,1,0,1,1,0
14561,1,1,0,1,0,0,0,0,0,0,0,1,1,1,0,1,1,0
14562,1,1,0,1,0,0,0,0,0,0,1,1,0,0,1,1,0,1
14563,1,1,0,1,0,0,0,0,0,1,1,1,0,0,0,1,0,1
14564,1,1,0,1,0,0,0,0,0,0,1,1,1,0,0,1,0,1
14565,1,1,0,1,0,0,0,0,0,0,1,1,0,0,0,1,1,1
14566,1,1,0,1,0,0,0,0,0,1,1,1,0,0,1,1,0,0
14567,1,1,0,1,0,0,0,0,0,0,1,1,1,0,1,1,0,0
14568,1,1,0,1,0,0,0,0,0,0,1,1,0,0,1,1,1,0
14569,1,1,0,1,0,0,0,0,0,1,1,1,1,0,0,1,0,0
14570,1,1,0,1,0,0,0,0,0,1,1,1,0,0,0,1,1,0
14571,1,1,0,1,0,0,0,0,0,0,1,1,1,0,0,1,1,0
14572,1,1,0,1,0,0,0,0,0,1,0,1,0,0,1,1,0,1
14573,1,1,0,1,0,0,0,0,0,0,0,1,1,0,1,1,0,1
14574,1,1,0,1,0,0,0,0,0,0,0,1,0,0,1,1,1,1
14575,1,1,0,1,0,0,0,0,0,1,0,1,1,0,0,1,0,1
14576,1,1,0,1,0,0,0,0,0,1,0,1,0,0,0,1,1,1
14577,1,1,0,1,0,0,0,0,0,0,0,1,1,0,0,1,1,1
14578,1,1,0,1,0,0,0,0,0,1,0,1,1,0,1,1,0,0
14579,1,1,0,1,0,0,0,0,0,1,0,1,0,0,1,1,1,0
14580,1,1,0,1,0,0,0,0,0,0,0,1,1,0,1,1,1,0
14581,1,1,0,1,0,0,0,0,0,1,0,1,1,0,0,1,1,0
14582,1,1,0,1,0,0,0,0,0,0,1,0,0,1,1,1,0,1
14583,1,1,0,1,0,0,0,0,0,1,1,0,0,1,0,1,0,1
14584,1,1,0,1,0,0,0,0,0,0,1,0,1,1,0,1,0,1
14585,1,1,0,1,0,0,0,0,0,0,1,0,0,1,0,1,1,1
14586,1,1,0,1,0,0,0,0,0,1,1,0,0,1,1,1,0,0
14587,1,1,0,1,0,0,0,0,0,0,1,0,1,1,1,1,0,0
14588,1,1,0,1,0,0,0,0,0,0,1,0,0,1,1,1,1,0
14589,1,1,0,1,0,0,0,0,0,1,1,0,1,1,0,1,0,0
14590,1,1,0,1,0,0,0,0,0,1,1,0,0,1,0,1,1,0
14591,1,1,0,1,0,0,0,0,0,0,1,0,1,1,0,1,1,0
14592,1,1,0,1,0,0,0,0,0,1,0,0,0,1,1,1,0,1
14593,1,1,0,1,0,0,0,0,0,0,0,0,1,1,1,1,0,1
14594,1,1,0,1,0,0,0,0,0,0,0,0,0,1,1,1,1,1
14595,1,1,0,1,0,0,0,0,0,1,0,0,1,1,0,1,0,1
14596,1,1,0,1,0,0,0,0,0,1,0,0,0,1,0,1,1,1
14597,1,1,0,1,0,0,0,0,0,0,0,0,1,1,0,1,1,1
14598,1,1,0,1,0,0,0,0,0,1,0,0,1,1,1,1,0,0
14599,1,1,0,1,0,0,0,0,0,1,0,0,0,1,1,1,1,0
14600,1,1,0,1,0,0,0,0,0,0,0,0,1,1,1,1,1,0
14601,1,1,0,1,0,0,0,0,0,1,0,0,1,1,0,1,1,0
14602,1,1,0,1,0,0,0,0,0,1,1,0,0,0,1,1,0,1
14603,1,1,0,1,0,0,0,0,0,0,1,0,1,0,1,1,0,1
14604,1,1,0,1,0,0,0,0,0,0,1,0,0,0,1,1,1,1
14605,1,1,0,1,0,0,0,0,0,1,1,0,1,0,0,1,0,1
14606,1,1,0,1,0,0,0,0,0,1,1,0,0,0,0,1,1,1
14607,1,1,0,1,0,0,0,0,0,0,1,0,1,0,0,1,1,1
14608,1,1,0,1,0,0,0,0,0,1,1,0,1,0,1,1,0,0
14609,1,1,0,1,0,0,0,0,0,1,1,0,0,0,1,1,1,0
14610,1,1,0,1,0,0,0,0,0,0,1,0,1,0,1,1,1,0
14611,1,1,0,1,0,0,0,0,0,1,1,0,1,0,0,1,1,0
14612,1,1,0,1,0,0,0,0,0,1,0,0,1,0,1,1,0,1
14613,1,1,0,1,0,0,0,0,0,1,0,0,0,0,1,1,1,1
14614,1,1,0,1,0,0,0,0,0,0,0,0,1,0,1,1,1,1
14615,1,1,0,1,0,0,0,0,0,1,0,0,1,0,0,1,1,1
14616,1,1,0,1,0,0,0,0,0,1,0,0,1,0,1,1,1,0
14617,0,1,1,1,0,0,1,0,0,0,1,1,0,1,0,1,0,0
14618,0,1,1,1,0,0,1,0,0,0,0,1,0,1,0,1,0,1
14619,0,1,1,1,0,0,1,0,0,0,0,1,0,1,1,1,0,0
14620,0,1,1,1,0,0,1,0,0,1,0,1,0,1,0,1,0,0
14621,0,1,1,1,0,0,1,0,0,0,0,1,1,1,0,1,0,0
14622,0,1,1,1,0,0,1,0,0,0,0,1,0,1,0,1,1,0
14623,0,1,1,1,0,0,1,0,0,0,1,1,0,0,0,1,0,1
14624,0,1,1,1,0,0,1,0,0,0,1,1,0,0,1,1,0,0
14625,0,1,1,1,0,0,1,0,0,1,1,1,0,0,0,1,0,0
14626,0,1,1,1,0,0,1,0,0,0,1,1,1,0,0,1,0,0
14627,0,1,1,1,0,0,1,0,0,0,1,1,0,0,0,1,1,0
14628,0,1,1,1,0,0,1,0,0,0,0,1,0,0,1,1,0,1
14629,0,1,1,1,0,0,1,0,0,1,0,1,0,0,0,1,0,1
14630,0,1,1,1,0,0,1,0,0,0,0,1,1,0,0,1,0,1
14631,0,1,1,1,0,0,1,0,0,0,0,1,0,0,0,1,1,1
14632,0,1,1,1,0,0,1,0,0,1,0,1,0,0,1,1,0,0
14633,0,1,1,1,0,0,1,0,0,0,0,1,1,0,1,1,0,0
14634,0,1,1,1,0,0,1,0,0,0,0,1,0,0,1,1,1,0
14635,0,1,1,1,0,0,1,0,0,1,0,1,1,0,0,1,0,0
14636,0,1,1,1,0,0,1,0,0,1,0,1,0,0,0,1,1,0
14637,0,1,1,1,0,0,1,0,0,0,0,1,1,0,0,1,1,0
14638,0,1,1,1,0,0,1,0,0,0,1,0,0,1,0,1,0,1
14639,0,1,1,1,0,0,1,0,0,0,1,0,0,1,1,1,0,0
14640,0,1,1,1,0,0,1,0,0,1,1,0,0,1,0,1,0,0
14641,0,1,1,1,0,0,1,0,0,0,1,0,1,1,0,1,0,0
14642,0,1,1,1,0,0,1,0,0,0,1,0,0,1,0,1,1,0
14643,0,1,1,1,0,0,1,0,0,0,0,0,0,1,1,1,0,1
14644,0,1,1,1,0,0,1,0,0,1,0,0,0,1,0,1,0,1
14645,0,1,1,1,0,0,1,0,0,0,0,0,1,1,0,1,0,1
14646,0,1,1,1,0,0,1,0,0,0,0,0,0,1,0,1,1,1
14647,0,1,1,1,0,0,1,0,0,1,0,0,0,1,1,1,0,0
14648,0,1,1,1,0,0,1,0,0,0,0,0,1,1,1,1,0,0
14649,0,1,1,1,0,0,1,0,0,0,0,0,0,1,1,1,1,0
14650,0,1,1,1,0,0,1,0,0,1,0,0,1,1,0,1,0,0
14651,0,1,1,1,0,0,1,0,0,1,0,0,0,1,0,1,1,0
14652,0,1,1,1,0,0,1,0,0,0,0,0,1,1,0,1,1,0
14653,0,1,1,1,0,0,1,0,0,0,1,0,0,0,1,1,0,1
14654,0,1,1,1,0,0,1,0,0,1,1,0,0,0,0,1,0,1
14655,0,1,1,1,0,0,1,0,0,0,1,0,1,0,0,1,0,1
14656,0,1,1,1,0,0,1,0,0,0,1,0,0,0,0,1,1,1
14657,0,1,1,1,0,0,1,0,0,1,1,0,0,0,1,1,0,0
14658,0,1,1,1,0,0,1,0,0,0,1,0,1,0,1,1,0,0
14659,0,1,1,1,0,0,1,0,0,0,1,0,0,0,1,1,1,0
14660,0,1,1,1,0,0,1,0,0,1,1,0,1,0,0,1,0,0
14661,0,1,1,1,0,0,1,0,0,1,1,0,0,0,0,1,1,0
14662,0,1,1,1,0,0,1,0,0,0,1,0,1,0,0,1,1,0
14663,0,1,1,1,0,0,1,0,0,1,0,0,0,0,1,1,0,1
14664,0,1,1,1,0,0,1,0,0,0,0,0,1,0,1,1,0,1
14665,0,1,1,1,0,0,1,0,0,0,0,0,0,0,1,1,1,1
14666,0,1,1,1,0,0,1,0,0,1,0,0,1,0,0,1,0,1
14667,0,1,1,1,0,0,1,0,0,1,0,0,0,0,0,1,1,1
14668,0,1,1,1,0,0,1,0,0,0,0,0,1,0,0,1,1,1
14669,0,1,1,1,0,0,1,0,0,1,0,0,1,0,1,1,0,0
14670,0,1,1,1,0,0,1,0,0,1,0,0,0,0,1,1,1,0
14671,0,1,1,1,0,0,1,0,0,0,0,0,1,0,1,1,1,0
14672,0,1,1,1,0,0,1,0,0,1,0,0,1,0,0,1,1,0
14673,0,1,1,1,0,0,0,0,0,0,1,1,0,1,0,1,0,1
14674,0,1,1,1,0,0,0,0,0,0,1,1,0,1,1,1,0,0
14675,0,1,1,1,0,0,0,0,0,1,1,1,0,1,0,1,0,0
14676,0,1,1,1,0,0,0,0,0,0,1,1,1,1,0,1,0,0
14677,0,1,1,1,0,0,0,0,0,0,1,1,0,1,0,1,1,0
14678,0,1,1,1,0,0,0,0,0,0,0,1,0,1,1,1,0,1
14679,0,1,1,1,0,0,0,0,0,1,0,1,0,1,0,1,0,1
14680,0,1,1,1,0,0,0,0,0,0,0,1,1,1,0,1,0,1
14681,0,1,1,1,0,0,0,0,0,0,0,1,0,1,0,1,1,1
14682,0,1,1,1,0,0,0,0,0,1,0,1,0,1,1,1,0,0
14683,0,1,1,1,0,0,0,0,0,0,0,1,1,1,1,1,0,0
14684,0,1,1,1,0,0,0,0,0,0,0,1,0,1,1,1,1,0
14685,0,1,1,1,0,0,0,0,0,1,0,1,1,1,0,1,0,0
14686,0,1,1,1,0,0,0,0,0,1,0,1,0,1,0,1,1,0
14687,0,1,1,1,0,0,0,0,0,0,0,1,1,1,0,1,1,0
14688,0,1,1,1,0,0,0,0,0,0,1,1,0,0,1,1,0,1
14689,0,1,1,1,0,0,0,0,0,1,1,1,0,0,0,1,0,1
14690,0,1,1,1,0,0,0,0,0,0,1,1,1,0,0,1,0,1
14691,0,1,1,1,0,0,0,0,0,0,1,1,0,0,0,1,1,1
14692,0,1,1,1,0,0,0,0,0,1,1,1,0,0,1,1,0,0
14693,0,1,1,1,0,0,0,0,0,0,1,1,1,0,1,1,0,0
14694,0,1,1,1,0,0,0,0,0,0,1,1,0,0,1,1,1,0
14695,0,1,1,1,0,0,0,0,0,1,1,1,1,0,0,1,0,0
14696,0,1,1,1,0,0,0,0,0,1,1,1,0,0,0,1,1,0
14697,0,1,1,1,0,0,0,0,0,0,1,1,1,0,0,1,1,0
14698,0,1,1,1,0,0,0,0,0,1,0,1,0,0,1,1,0,1
14699,0,1,1,1,0,0,0,0,0,0,0,1,1,0,1,1,0,1
14700,0,1,1,1,0,0,0,0,0,0,0,1,0,0,1,1,1,1
14701,0,1,1,1,0,0,0,0,0,1,0,1,1,0,0,1,0,1
14702,0,1,1,1,0,0,0,0,0,1,0,1,0,0,0,1,1,1
14703,0,1,1,1,0,0,0,0,0,0,0,1,1,0,0,1,1,1
14704,0,1,1,1,0,0,0,0,0,1,0,1,1,0,1,1,0,0
14705,0,1,1,1,0,0,0,0,0,1,0,1,0,0,1,1,1,0
14706,0,1,1,1,0,0,0,0,0,0,0,1,1,0,1,1,1,0
14707,0,1,1,1,0,0,0,0,0,1,0,1,1,0,0,1,1,0
14708,0,1,1,1,0,0,0,0,0,0,1,0,0,1,1,1,0,1
14709,0,1,1,1,0,0,0,0,0,1,1,0,0,1,0,1,0,1
14710,0,1,1,1,0,0,0,0,0,0,1,0,1,1,0,1,0,1
14711,0,1,1,1,0,0,0,0,0,0,1,0,0,1,0,1,1,1
14712,0,1,1,1,0,0,0,0,0,1,1,0,0,1,1,1,0,0
14713,0,1,1,1,0,0,0,0,0,0,1,0,1,1,1,1,0,0
14714,0,1,1,1,0,0,0,0,0,0,1,0,0,1,1,1,1,0
14715,0,1,1,1,0,0,0,0,0,1,1,0,1,1,0,1,0,0
14716,0,1,1,1,0,0,0,0,0,1,1,0,0,1,0,1,1,0
14717,0,1,1,1,0,0,0,0,0,0,1,0,1,1,0,1,1,0
14718,0,1,1,1,0,0,0,0,0,1,0,0,0,1,1,1,0,1
14719,0,1,1,1,0,0,0,0,0,0,0,0,1,1,1,1,0,1
14720,0,1,1,1,0,0,0,0,0,0,0,0,0,1,1,1,1,1
14721,0,1,1,1,0,0,0,0,0,1,0,0,1,1,0,1,0,1
14722,0,1,1,1,0,0,0,0,0,1,0,0,0,1,0,1,1,1
14723,0,1,1,1,0,0,0,0,0,0,0,0,1,1,0,1,1,1
14724,0,1,1,1,0,0,0,0,0,1,0,0,1,1,1,1,0,0
14725,0,1,1,1,0,0,0,0,0,1,0,0,0,1,1,1,1,0
14726,0,1,1,1,0,0,0,0,0,0,0,0,1,1,1,1,1,0
14727,0,1,1,1,0,0,0,0,0,1,0,0,1,1,0,1,1,0
14728,0,1,1,1,0,0,0,0,0,1,1,0,0,0,1,1,0,1
14729,0,1,1,1,0,0,0,0,0,0,1,0,1,0,1,1,0,1
14730,0,1,1,1,0,0,0,0,0,0,1,0,0,0,1,1,1,1
14731,0,1,1,1,0,0,0,0,0,1,1,0,1,0,0,1,0,1
14732,0,1,1,1,0,0,0,0,0,1,1,0,0,0,0,1,1,1
14733,0,1,1,1,0,0,0,0,0,0,1,0,1,0,0,1,1,1
14734,0,1,1,1,0,0,0,0,0,1,1,0,1,0,1,1,0,0
14735,0,1,1,1,0,0,0,0,0,1,1,0,0,0,1,1,1,0
14736,0,1,1,1,0,0,0,0,0,0,1,0,1,0,1,1,1,0
14737,0,1,1,1,0,0,0,0,0,1,1,0,1,0,0,1,1,0
14738,0,1,1,1,0,0,0,0,0,1,0,0,1,0,1,1,0,1
14739,0,1,1,1,0,0,0,0,0,1,0,0,0,0,1,1,1,1
14740,0,1,1,1,0,0,0,0,0,0,0,0,1,0,1,1,1,1
14741,0,1,1,1,0,0,0,0,0,1,0,0,1,0,0,1,1,1
14742,0,1,1,1,0,0,0,0,0,1,0,0,1,0,1,1,1,0
14743,1,0,1,0,0,1,1,0,0,0,1,1,0,1,0,1,0,0
14744,1,0,1,0,0,1,1,0,0,0,0,1,0,1,0,1,0,1
14745,1,0,1,0,0,1,1,0,0,0,0,1,0,1,1,1,0,0
14746,1,0,1,0,0,1,1,0,0,1,0,1,0,1,0,1,0,0
14747,1,0,1,0,0,1,1,0,0,0,0,1,1,1,0,1,0,0
14748,1,0,1,0,0,1,1,0,0,0,0,1,0,1,0,1,1,0
14749,1,0,1,0,0,1,1,0,0,0,1,1,0,0,0,1,0,1
14750,1,0,1,0,0,1,1,0,0,0,1,1,0,0,1,1,0,0
14751,1,0,1,0,0,1,1,0,0,1,1,1,0,0,0,1,0,0
14752,1,0,1,0,0,1,1,0,0,0,1,1,1,0,0,1,0,0
14753,1,0,1,0,0,1,1,0,0,0,1,1,0,0,0,1,1,0
14754,1,0,1,0,0,1,1,0,0,0,0,1,0,0,1,1,0,1
14755,1,0,1,0,0,1,1,0,0,1,0,1,0,0,0,1,0,1
14756,1,0,1,0,0,1,1,0,0,0,0,1,1,0,0,1,0,1
14757,1,0,1,0,0,1,1,0,0,0,0,1,0,0,0,1,1,1
14758,1,0,1,0,0,1,1,0,0,1,0,1,0,0,1,1,0,0
14759,1,0,1,0,0,1,1,0,0,0,0,1,1,0,1,1,0,0
14760,1,0,1,0,0,1,1,0,0,0,0,1,0,0,1,1,1,0
14761,1,0,1,0,0,1,1,0,0,1,0,1,1,0,0,1,0,0
14762,1,0,1,0,0,1,1,0,0,1,0,1,0,0,0,1,1,0
14763,1,0,1,0,0,1,1,0,0,0,0,1,1,0,0,1,1,0
14764,1,0,1,0,0,1,1,0,0,0,1,0,0,1,0,1,0,1
14765,1,0,1,0,0,1,1,0,0,0,1,0,0,1,1,1,0,0
14766,1,0,1,0,0,1,1,0,0,1,1,0,0,1,0,1,0,0
14767,1,0,1,0,0,1,1,0,0,0,1,0,1,1,0,1,0,0
14768,1,0,1,0,0,1,1,0,0,0,1,0,0,1,0,1,1,0
14769,1,0,1,0,0,1,1,0,0,0,0,0,0,1,1,1,0,1
14770,1,0,1,0,0,1,1,0,0,1,0,0,0,1,0,1,0,1
14771,1,0,1,0,0,1,1,0,0,0,0,0,1,1,0,1,0,1
14772,1,0,1,0,0,1,1,0,0,0,0,0,0,1,0,1,1,1
14773,1,0,1,0,0,1,1,0,0,1,0,0,0,1,1,1,0,0
14774,1,0,1,0,0,1,1,0,0,0,0,0,1,1,1,1,0,0
14775,1,0,1,0,0,1,1,0,0,0,0,0,0,1,1,1,1,0
14776,1,0,1,0,0,1,1,0,0,1,0,0,1,1,0,1,0,0
14777,1,0,1,0,0,1,1,0,0,1,0,0,0,1,0,1,1,0
14778,1,0,1,0,0,1,1,0,0,0,0,0,1,1,0,1,1,0
14779,1,0,1,0,0,1,1,0,0,0,1,0,0,0,1,1,0,1
14780,1,0,1,0,0,1,1,0,0,1,1,0,0,0,0,1,0,1
14781,1,0,1,0,0,1,1,0,0,0,1,0,1,0,0,1,0,1
14782,1,0,1,0,0,1,1,0,0,0,1,0,0,0,0,1,1,1
14783,1,0,1,0,0,1,1,0,0,1,1,0,0,0,1,1,0,0
14784,1,0,1,0,0,1,1,0,0,0,1,0,1,0,1,1,0,0
14785,1,0,1,0,0,1,1,0,0,0,1,0,0,0,1,1,1,0
14786,1,0,1,0,0,1,1,0,0,1,1,0,1,0,0,1,0,0
14787,1,0,1,0,0,1,1,0,0,1,1,0,0,0,0,1,1,0
14788,1,0,1,0,0,1,1,0,0,0,1,0,1,0,0,1,1,0
14789,1,0,1,0,0,1,1,0,0,1,0,0,0,0,1,1,0,1
14790,1,0,1,0,0,1,1,0,0,0,0,0,1,0,1,1,0,1
14791,1,0,1,0,0,1,1,0,0,0,0,0,0,0,1,1,1,1
14792,1,0,1,0,0,1,1,0,0,1,0,0,1,0,0,1,0,1
14793,1,0,1,0,0,1,1,0,0,1,0,0,0,0,0,1,1,1
14794,1,0,1,0,0,1,1,0,0,0,0,0,1,0,0,1,1,1
14795,1,0,1,0,0,1,1,0,0,1,0,0,1,0,1,1,0,0
14796,1,0,1,0,0,1,1,0,0,1,0,0,0,0,1,1,1,0
14797,1,0,1,0,0,1,1,0,0,0,0,0,1,0,1,1,1,0
14798,1,0,1,0,0,1,1,0,0,1,0,0,1,0,0,1,1,0
14799,1,0,1,0,0,1,0,0,0,0,1,1,0,1,0,1,0,1
14800,1,0,1,0,0,1,0,0,0,0,1,1,0,1,1,1,0,0
14801,1,0,1,0,0,1,0,0,0,1,1,1,0,1,0,1,0,0
14802,1,0,1,0,0,1,0,0,0,0,1,1,1,1,0,1,0,0
14803,1,0,1,0,0,1,0,0,0,0,1,1,0,1,0,1,1,0
14804,1,0,1,0,0,1,0,0,0,0,0,1,0,1,1,1,0,1
14805,1,0,1,0,0,1,0,0,0,1,0,1,0,1,0,1,0,1
14806,1,0,1,0,0,1,0,0,0,0,0,1,1,1,0,1,0,1
14807,1,0,1,0,0,1,0,0,0,0,0,1,0,1,0,1,1,1
14808,1,0,1,0,0,1,0,0,0,1,0,1,0,1,1,1,0,0
14809,1,0,1,0,0,1,0,0,0,0,0,1,1,1,1,1,0,0
14810,1,0,1,0,0,1,0,0,0,0,0,1,0,1,1,1,1,0
14811,1,0,1,0,0,1,0,0,0,1,0,1,1,1,0,1,0,0
14812,1,0,1,0,0,1,0,0,0,1,0,1,0,1,0,1,1,0
14813,1,0,1,0,0,1,0,0,0,0,0,1,1,1,0,1,1,0
14814,1,0,1,0,0,1,0,0,0,0,1,1,0,0,1,1,0,1
14815,1,0,1,0,0,1,0,0,0,1,1,1,0,0,0,1,0,1
14816,1,0,1,0,0,1,0,0,0,0,1,1,1,0,0,1,0,1
14817,1,0,1,0,0,1,0,0,0,0,1,1,0,0,0,1,1,1
14818,1,0,1,0,0,1,0,0,0,1,1,1,0,0,1,1,0,0
14819,1,0,1,0,0,1,0,0,0,0,1,1,1,0,1,1,0,0
14820,1,0,1,0,0,1,0,0,0,0,1,1,0,0,1,1,1,0
14821,1,0,1,0,0,1,0,0,0,1,1,1,1,0,0,1,0,0
14822,1,0,1,0,0,1,0,0,0,1,1,1,0,0,0,1,1,0
14823,1,0,1,0,0,1,0,0,0,0,1,1,1,0,0,1,1,0
14824,1,0,1,0,0,1,0,0,0,1,0,1,0,0,1,1,0,1
14825,1,0,1,0,0,1,0,0,0,0,0,1,1,0,1,1,0,1
14826,1,0,1,0,0,1,0,0,0,0,0,1,0,0,1,1,1,1
14827,1,0,1,0,0,1,0,0,0,1,0,1,1,0,0,1,0,1
14828,1,0,1,0,0,1,0,0,0,1,0,1,0,0,0,1,1,1
14829,1,0,1,0,0,1,0,0,0,0,0,1,1,0,0,1,1,1
14830,1,0,1,0,0,1,0,0,0,1,0,1,1,0,1,1,0,0
14831,1,0,1,0,0,1,0,0,0,1,0,1,0,0,1,1,1,0
14832,1,0,1,0,0,1,0,0,0,0,0,1,1,0,1,1,1,0
14833,1,0,1,0,0,1,0,0,0,1,0,1,1,0,0,1,1,0
14834,1,0,1,0,0,1,0,0,0,0,1,0,0,1,1,1,0,1
14835,1,0,1,0,0,1,0,0,0,1,1,0,0,1,0,1,0,1
14836,1,0,1,0,0,1,0,0,0,0,1,0,1,1,0,1,0,1
14837,1,0,1,0,0,1,0,0,0,0,1,0,0,1,0,1,1,1
14838,1,0,1,0,0,1,0,0,0,1,1,0,0,1,1,1,0,0
14839,1,0,1,0,0,1,0,0,0,0,1,0,1,1,1,1,0,0
14840,1,0,1,0,0,1,0,0,0,0,1,0,0,1,1,1,1,0
14841,1,0,1,0,0,1,0,0,0,1,1,0,1,1,0,1,0,0
14842,1,0,1,0,0,1,0,0,0,1,1,0,0,1,0,1,1,0
14843,1,0,1,0,0,1,0,0,0,0,1,0,1,1,0,1,1,0
14844,1,0,1,0,0,1,0,0,0,1,0,0,0,1,1,1,0,1
14845,1,0,1,0,0,1,0,0,0,0,0,0,1,1,1,1,0,1
14846,1,0,1,0,0,1,0,0,0,0,0,0,0,1,1,1,1,1
14847,1,0,1,0,0,1,0,0,0,1,0,0,1,1,0,1,0,1
14848,1,0,1,0,0,1,0,0,0,1,0,0,0,1,0,1,1,1
14849,1,0,1,0,0,1,0,0,0,0,0,0,1,1,0,1,1,1
14850,1,0,1,0,0,1,0,0,0,1,0,0,1,1,1,1,0,0
14851,1,0,1,0,0,1,0,0,0,1,0,0,0,1,1,1,1,0
14852,1,0,1,0,0,1,0,0,0,0,0,0,1,1,1,1,1,0
14853,1,0,1,0,0,1,0,0,0,1,0,0,1,1,0,1,1,0
14854,1,0,1,0,0,1,0,0,0,1,1,0,0,0,1,1,0,1
14855,1,0,1,0,0,1,0,0,0,0,1,0,1,0,1,1,0,1
14856,1,0,1,0,0,1,0,0,0,0,1,0,0,0,1,1,1,1
14857,1,0,1,0,0,1,0,0,0,1,1,0,1,0,0,1,0,1
14858,1,0,1,0,0,1,0,0,0,1,1,0,0,0,0,1,1,1
14859,1,0,1,0,0,1,0,0,0,0,1,0,1,0,0,1,1,1
14860,1,0,1,0,0,1,0,0,0,1,1,0,1,0,1,1,0,0
14861,1,0,1,0,0,1,0,0,0,1,1,0,0,0,1,1,1,0
14862,1,0,1,0,0,1,0,0,0,0,1,0,1,0,1,1,1,0
14863,1,0,1,0,0,1,0,0,0,1,1,0,1,0,0,1,1,0
14864,1,0,1,0,0,1,0,0,0,1,0,0,1,0,1,1,0,1
14865,1,0,1,0,0,1,0,0,0,1,0,0,0,0,1,1,1,1
14866,1,0,1,0,0,1,0,0,0,0,0,0,1,0,1,1,1,1
14867,1,0,1,0,0,1,0,0,0,1,0,0,1,0,0,1,1,1
14868,1,0,1,0,0,1,0,0,0,1,0,0,1,0,1,1,1,0
14869,1,0,0,1,0,1,1,0,0,0,1,1,0,1,0,1,0,0
14870,1,0,0,1,0,1,1,0,0,0,0,1,0,1,0,1,0,1
14871,1,0,0,1,0,1,1,0,0,0,0,1,0,1,1,1,0,0
14872,1,0,0,1,0,1,1,0,0,1,0,1,0,1,0,1,0,0
14873,1,0,0,1,0,1,1,0,0,0,0,1,1,1,0,1,0,0
14874,1,0,0,1,0,1,1,0,0,0,0,1,0,1,0,1,1,0
14875,1,0,0,1,0,1,1,0,0,0,1,1,0,0,0,1,0,1
14876,1,0,0,1,0,1,1,0,0,0,1,1,0,0,1,1,0,0
14877,1,0,0,1,0,1,1,0,0,1,1,1,0,0,0,1,0,0
14878,1,0,0,1,0,1,1,0,0,0,1,1,1,0,0,1,0,0
14879,1,0,0,1,0,1,1,0,0,0,1,1,0,0,0,1,1,0
14880,1,0,0,1,0,1,1,0,0,0,0,1,0,0,1,1,0,1
14881,1,0,0,1,0,1,1,0,0,1,0,1,0,0,0,1,0,1
14882,1,0,0,1,0,1,1,0,0,0,0,1,1,0,0,1,0,1
14883,1,0,0,1,0,1,1,0,0,0,0,1,0,0,0,1,1,1
14884,1,0,0,1,0,1,1,0,0,1,0,1,0,0,1,1,0,0
14885,1,0,0,1,0,1,1,0,0,0,0,1,1,0,1,1,0,0
14886,1,0,0,1,0,1,1,0,0,0,0,1,0,0,1,1,1,0
14887,1,0,0,1,0,1,1,0,0,1,0,1,1,0,0,1,0,0
14888,1,0,0,1,0,1,1,0,0,1,0,1,0,0,0,1,1,0
14889,1,0,0,1,0,1,1,0,0,0,0,1,1,0,0,1,1,0
14890,1,0,0,1,0,1,1,0,0,0,1,0,0,1,0,1,0,1
14891,1,0,0,1,0,1,1,0,0,0,1,0,0,1,1,1,0,0
14892,1,0,0,1,0,1,1,0,0,1,1,0,0,1,0,1,0,0
14893,1,0,0,1,0,1,1,0,0,0,1,0,1,1,0,1,0,0
14894,1,0,0,1,0,1,1,0,0,0,1,0,0,1,0,1,1,0
14895,1,0,0,1,0,1,1,0,0,0,0,0,0,1,1,1,0,1
14896,1,0,0,1,0,1,1,0,0,1,0,0,0,1,0,1,0,1
14897,1,0,0,1,0,1,1,0,0,0,0,0,1,1,0,1,0,1
14898,1,0,0,1,0,1,1,0,0,0,0,0,0,1,0,1,1,1
14899,1,0,0,1,0,1,1,0,0,1,0,0,0,1,1,1,0,0
14900,1,0,0,1,0,1,1,0,0,0,0,0,1,1,1,1,0,0
14901,1,0,0,1,0,1,1,0,0,0,0,0,0,1,1,1,1,0
14902,1,0,0,1,0,1,1,0,0,1,0,0,1,1,0,1,0,0
14903,1,0,0,1,0,1,1,0,0,1,0,0,0,1,0,1,1,0
14904,1,0,0,1,0,1,1,0,0,0,0,0,1,1,0,1,1,0
14905,1,0,0,1,0,1,1,0,0,0,1,0,0,0,1,1,0,1
14906,1,0,0,1,0,1,1,0,0,1,1,0,0,0,0,1,0,1
14907,1,0,0,1,0,1,1,0,0,0,1,0,1,0,0,1,0,1
14908,1,0,0,1,0,1,1,0,0,0,1,0,0,0,0,1,1,1
14909,1,0,0,1,0,1,1,0,0,1,1,0,0,0,1,1,0,0
14910,1,0,0,1,0,1,1,0,0,0,1,0,1,0,1,1,0,0
14911,1,0,0,1,0,1,1,0,0,0,1,0,0,0,1,1,1,0
14912,1,0,0,1,0,1,1,0,0,1,1,0,1,0,0,1,0,0
14913,1,0,0,1,0,1,1,0,0,1,1,0,0,0,0,1,1,0
14914,1,0,0,1,0,1,1,0,0,0,1,0,1,0,0,1,1,0
14915,1,0,0,1,0,1,1,0,0,1,0,0,0,0,1,1,0,1
14916,1,0,0,1,0,1,1,0,0,0,0,0,1,0,1,1,0,1
14917,1,0,0,1,0,1,1,0,0,0,0,0,0,0,1,1,1,1
14918,1,0,0,1,0,1,1,0,0,1,0,0,1,0,0,1,0,1
14919,1,0,0,1,0,1,1,0,0,1,0,0,0,0,0,1,1,1
14920,1,0,0,1,0,1,1,0,0,0,0,0,1,0,0,1,1,1
14921,1,0,0,1,0,1,1,0,0,1,0,0,1,0,1,1,0,0
14922,1,0,0,1,0,1,1,0,0,1,0,0,0,0,1,1,1,0
14923,1,0,0,1,0,1,1,0,0,0,0,0,1,0,1,1,1,0
14924,1,0,0,1,0,1,1,0,0,1,0,0,1,0,0,1,1,0
14925,1,0,0,1,0,1,0,0,0,0,1,1,0,1,0,1,0,1
14926,1,0,0,1,0,1,0,0,0,0,1,1,0,1,1,1,0,0
14927,1,0,0,1,0,1,0,0,0,1,1,1,0,1,0,1,0,0
14928,1,0,0,1,0,1,0,0,0,0,1,1,1,1,0,1,0,0
14929,1,0,0,1,0,1,0,0,0,0,1,1,0,1,0,1,1,0
14930,1,0,0,1,0,1,0,0,0,0,0,1,0,1,1,1,0,1
14931,1,0,0,1,0,1,0,0,0,1,0,1,0,1,0,1,0,1
14932,1,0,0,1,0,1,0,0,0,0,0,1,1,1,0,1,0,1
14933,1,0,0,1,0,1,0,0,0,0,0,1,0,1,0,1,1,1
14934,1,0,0,1,0,1,0,0,0,1,0,1,0,1,1,1,0,0
14935,1,0,0,1,0,1,0,0,0,0,0,1,1,1,1,1,0,0
14936,1,0,0,1,0,1,0,0,0,0,0,1,0,1,1,1,1,0
14937,1,0,0,1,0,1,0,0,0,1,0,1,1,1,0,1,0,0
14938,1,0,0,1,0,1,0,0,0,1,0,1,0,1,0,1,1,0
14939,1,0,0,1,0,1,0,0,0,0,0,1,1,1,0,1,1,0
14940,1,0,0,1,0,1,0,0,0,0,1,1,0,0,1,1,0,1
14941,1,0,0,1,0,1,0,0,0,1,1,1,0,0,0,1,0,1
14942,1,0,0,1,0,1,0,0,0,0,1,1,1,0,0,1,0,1
14943,1,0,0,1,0,1,0,0,0,0,1,1,0,0,0,1,1,1
14944,1,0,0,1,0,1,0,0,0,1,1,1,0,0,1,1,0,0
14945,1,0,0,1,0,1,0,0,0,0,1,1,1,0,1,1,0,0
14946,1,0,0,1,0,1,0,0,0,0,1,1,0,0,1,1,1,0
14947,1,0,0,1,0,1,0,0,0,1,1,1,1,0,0,1,0,0
14948,1,0,0,1,0,1,0,0,0,1,1,1,0,0,0,1,1,0
14949,1,0,0,1,0,1,0,0,0,0,1,1,1,0,0,1,1,0
14950,1,0,0,1,0,1,0,0,0,1,0,1,0,0,1,1,0,1
14951,1,0,0,1,0,1,0,0,0,0,0,1,1,0,1,1,0,1
14952,1,0,0,1,0,1,0,0,0,0,0,1,0,0,1,1,1,1
14953,1,0,0,1,0,1,0,0,0,1,0,1,1,0,0,1,0,1
14954,1,0,0,1,0,1,0,0,0,1,0,1,0,0,0,1,1,1
14955,1,0,0,1,0,1,0,0,0,0,0,1,1,0,0,1,1,1
14956,1,0,0,1,0,1,0,0,0,1,0,1,1,0,1,1,0,0
14957,1,0,0,1,0,1,0,0,0,1,0,1,0,0,1,1,1,0
14958,1,0,0,1,0,1,0,0,0,0,0,1,1,0,1,1,1,0
14959,1,0,0,1,0,1,0,0,0,1,0,1,1,0,0,1,1,0
14960,1,0,0,1,0,1,0,0,0,0,1,0,0,1,1,1,0,1
14961,1,0,0,1,0,1,0,0,0,1,1,0,0,1,0,1,0,1
14962,1,0,0,1,0,1,0,0,0,0,1,0,1,1,0,1,0,1
14963,1,0,0,1,0,1,0,0,0,0,1,0,0,1,0,1,1,1
14964,1,0,0,1,0,1,0,0,0,1,1,0,0,1,1,1,0,0
14965,1,0,0,1,0,1,0,0,0,0,1,0,1,1,1,1,0,0
14966,1,0,0,1,0,1,0,0,0,0,1,0,0,1,1,1,1,0
14967,1,0,0,1,0,1,0,0,0,1,1,0,1,1,0,1,0,0
14968,1,0,0,1,0,1,0,0,0,1,1,0,0,1,0,1,1,0
14969,1,0,0,1,0,1,0,0,0,0,1,0,1,1,0,1,1,0
14970,1,0,0,1,0,1,0,0,0,1,0,0,0,1,1,1,0,1
14971,1,0,0,1,0,1,0,0,0,0,0,0,1,1,1,1,0,1
14972,1,0,0,1,0,1,0,0,0,0,0,0,0,1,1,1,1,1
14973,1,0,0,1,0,1,0,0,0,1,0,0,1,1,0,1,0,1
14974,1,0,0,1,0,1,0,0,0,1,0,0,0,1,0,1,1,1
14975,1,0,0,1,0,1,0,0,0,0,0,0,1,1,0,1,1,1
14976,1,0,0,1,0,1,0,0,0,1,0,0,1,1,1,1,0,0
14977,1,0,0,1,0,1,0,0,0,1,0,0,0,1,1,1,1,0
14978,1,0,0,1,0,1,0,0,0,0,0,0,1,1,1,1,1,0
14979,1,0,0,1,0,1,0,0,0,1,0,0,1,1,0,1,1,0
14980,1,0,0,1,0,1,0,0,0,1,1,0,0,0,1,1,0,1
14981,1,0,0,1,0,1,0,0,0,0,1,0,1,0,1,1,0,1
14982,1,0,0,1,0,1,0,0,0,0,1,0,0,0,1,1,1,1
14983,1,0,0,1,0,1,0,0,0,1,1,0,1,0,0,1,0,1
14984,1,0,0,1,0,1,0,0,0,1,1,0,0,0,0,1,1,1
14985,1,0,0,1,0,1,0,0,0,0,1,0,1,0,0,1,1,1
14986,1,0,0,1,0,1,0,0,0,1,1,0,1,0,1,1,0,0
14987,1,0,0,1,0,1,0,0,0,1,1,0,0,0,1,1,1,0
14988,1,0,0,1,0,1,0,0,0,0,1,0,1,0,1,1,1,0
14989,1,0,0,1,0,1,0,0,0,1,1,0,1,0,0,1,1,0
14990,1,0,0,1,0,1,0,0,0,1,0,0,1,0,1,1,0,1
14991,1,0,0,1,0,1,0,0,0,1,0,0,0,0,1,1,1,1
14992,1,0,0,1,0,1,0,0,0,0,0,0,1,0,1,1,1,1
14993,1,0,0,1,0,1,0,0,0,1,0,0,1,0,0,1,1,1
14994,1,0,0,1,0,1,0,0,0,1,0,0,1,0,1,1,1,0
14995,0,0,1,1,0,1,1,0,0,0,1,1,0,1,0,1,0,0
14996,0,0,1,1,0,1,1,0,0,0,0,1,0,1,0,1,0,1
14997,0,0,1,1,0,1,1,0,0,0,0,1,0,1,1,1,0,0
14998,0,0,1,1,0,1,1,0,0,1,0,1,0,1,0,1,0,0
14999,0,0,1,1,0,1,1,0,0,0,0,1,1,1,0,1,0,0
15000,0,0,1,1,0,1,1,0,0,0,0,1,0,1,0,1,1,0
15001,0,0,1,1,0,1,1,0,0,0,1,1,0,0,0,1,0,1
15002,0,0,1,1,0,1,1,0,0,0,1,1,0,0,1,1,0,0
15003,0,0,1,1,0,1,1,0,0,1,1,1,0,0,0,1,0,0
15004,0,0,1,1,0,1,1,0,0,0,1,1,1,0,0,1,0,0
15005,0,0,1,1,0,1,1,0,0,0,1,1,0,0,0,1,1,0
15006,0,0,1,1,0,1,1,0,0,0,0,1,0,0,1,1,0,1
15007,0,0,1,1,0,1,1,0,0,1,0,1,0,0,0,1,0,1
15008,0,0,1,1,0,1,1,0,0,0,0,1,1,0,0,1,0,1
15009,0,0,1,1,0,1,1,0,0,0,0,1,0,0,0,1,1,1
15010,0,0,1,1,0,1,1,0,0,1,0,1,0,0,1,1,0,0
15011,0,0,1,1,0,1,1,0,0,0,0,1,1,0,1,1,0,0
15012,0,0,1,1,0,1,1,0,0,0,0,1,0,0,1,1,1,0
15013,0,0,1,1,0,1,1,0,0,1,0,1,1,0,0,1,0,0
15014,0,0,1,1,0,1,1,0,0,1,0,1,0,0,0,1,1,0
15015,0,0,1,1,0,1,1,0,0,0,0,1,1,0,0,1,1,0
15016,0,0,1,1,0,1,1,0,0,0,1,0,0,1,0,1,0,1
15017,0,0,1,1,0,1,1,0,0,0,1,0,0,1,1,1,0,0
15018,0,0,1,1,0,1,1,0,0,1,1,0,0,1,0,1,0,0
15019,0,0,1,1,0,1,1,0,0,0,1,0,1,1,0,1,0,0
15020,0,0,1,1,0,1,1,0,0,0,1,0,0,1,0,1,1,0
15021,0,0,1,1,0,1,1,0,0,0,0,0,0,1,1,1,0,1
15022,0,0,1,1,0,1,1,0,0,1,0,0,0,1,0,1,0,1
15023,0,0,1,1,0,1,1,0,0,0,0,0,1,1,0,1,0,1
15024,0,0,1,1,0,1,1,0,0,0,0,0,0,1,0,1,1,1
15025,0,0,1,1,0,1,1,0,0,1,0,0,0,1,1,1,0,0
15026,0,0,1,1,0,1,1,0,0,0,0,0,1,1,1,1,0,0
15027,0,0,1,1,0,1,1,0,0,0,0,0,0,1,1,1,1,0
15028,0,0,1,1,0,1,1,0,0,1,0,0,1,1,0,1,0,0
15029,0,0,1,1,0,1,1,0,0,1,0,0,0,1,0,1,1,0
15030,0,0,1,1,0,1,1,0,0,0,0,0,1,1,0,1,1,0
15031,0,0,1,1,0,1,1,0,0,0,1,0,0,0,1,1,0,1
15032,0,0,1,1,0,1,1,0,0,1,1,0,0,0,0,1,0,1
15033,0,0,1,1,0,1,1,0,0,0,1,0,1,0,0,1,0,1
15034,0,0,1,1,0,1,1,0,0,0,1,0,0,0,0,1,1,1
15035,0,0,1,1,0,1,1,0,0,1,1,0,0,0,1,1,0,0
15036,0,0,1,1,0,1,1,0,0,0,1,0,1,0,1,1,0,0
15037,0,0,1,1,0,1,1,0,0,0,1,0,0,0,1,1,1,0
15038,0,0,1,1,0,1,1,0,0,1,1,0,1,0,0,1,0,0
15039,0,0,1,1,0,1,1,0,0,1,1,0,0,0,0,1,1,0
15040,0,0,1,1,0,1,1,0,0,0,1,0,1,0,0,1,1,0
15041,0,0,1,1,0,1,1,0,0,1,0,0,0,0,1,1,0,1
15042,0,0,1,1,0,1,1,0,0,0,0,0,1,0,1,1,0,1
15043,0,0,1,1,0,1,1,0,0,0,0,0,0,0,1,1,1,1
15044,0,0,1,1,0,1,1,0,0,1,0,0,1,0,0,1,0,1
15045,0,0,1,1,0,1,1,0,0,1,0,0,0,0,0,1,1,1
15046,0,0,1,1,0,1,1,0,0,0,0,0,1,0,0,1,1,1
15047,0,0,1,1,0,1,1,0,0,1,0,0,1,0,1,1,0,0
15048,0,0,1,1,0,1,1,0,0,1,0,0,0,0,1,1,1,0
15049,0,0,1,1,0,1,1,0,0,0,0,0,1,0,1,1,1,0
15050,0,0,1,1,0,1,1,0,0,1,0,0,1,0,0,1,1,0
15051,0,0,1,1,0,1,0,0,0,0,1,1,0,1,0,1,0,1
15052,0,0,1,1,0,1,0,0,0,0,1,1,0,1,1,1,0,0
15053,0,0,1,1,0,1,0,0,0,1,1,1,0,1,0,1,0,0
15054,0,0,1,1,0,1,0,0,0,0,1,1,1,1,0,1,0,0
15055,0,0,1,1,0,1,0,0,0,0,1,1,0,1,0,1,1,0
15056,0,0,1,1,0,1,0,0,0,0,0,1,0,1,1,1,0,1
15057,0,0,1,1,0,1,0,0,0,1,0,1,0,1,0,1,0,1
15058,0,0,1,1,0,1,0,0,0,0,0,1,1,1,0,1,0,1
15059,0,0,1,1,0,1,0,0,0,0,0,1,0,1,0,1,1,1
15060,0,0,1,1,0,1,0,0,0,1,0,1,0,1,1,1,0,0
15061,0,0,1,1,0,1,0,0,0,0,0,1,1,1,1,1,0,0
15062,0,0,1,1,0,1,0,0,0,0,0,1,0,1,1,1,1,0
15063,0,0,1,1,0,1,0,0,0,1,0,1,1,1,0,1,0,0
15064,0,0,1,1,0,1,0,0,0,1,0,1,0,1,0,1,1,0
15065,0,0,1,1,0,1,0,0,0,0,0,1,1,1,0,1,1,0
15066,0,0,1,1,0,1,0,0,0,0,1,1,0,0,1,1,0,1
15067,0,0,1,1,0,1,0,0,0,1,1,1,0,0,0,1,0,1
15068,0,0,1,1,0,1,0,0,0,0,1,1,1,0,0,1,0,1
15069,0,0,1,1,0,1,0,0,0,0,1,1,0,0,0,1,1,1
15070,0,0,1,1,0,1,0,0,0,1,1,1,0,0,1,1,0,0
15071,0,0,1,1,0,1,0,0,0,0,1,1,1,0,1,1,0,0
15072,0,0,1,1,0,1,0,0,0,0,1,1,0,0,1,1,1,0
15073,0,0,1,1,0,1,0,0,0,1,1,1,1,0,0,1,0,0
15074,0,0,1,1,0,1,0,0,0,1,1,1,0,0,0,1,1,0
15075,0,0,1,1,0,1,0,0,0,0,1,1,1,0,0,1,1,0
15076,0,0,1,1,0,1,0,0,0,1,0,1,0,0,1,1,0,1
15077,0,0,1,1,0,1,0,0,0,0,0,1,1,0,1,1,0,1
15078,0,0,1,1,0,1,0,0,0,0,0,1,0,0,1,1,1,1
15079,0,0,1,1,0,1,0,0,0,1,0,1,1,0,0,1,0,1
15080,0,0,1,1,0,1,0,0,0,1,0,1,0,0,0,1,1,1
15081,0,0,1,1,0,1,0,0,0,0,0,1,1,0,0,1,1,1
15082,0,0,1,1,0,1,0,0,0,1,0,1,1,0,1,1,0,0
15083,0,0,1,1,0,1,0,0,0,1,0,1,0,0,1,1,1,0
15084,0,0,1,1,0,1,0,0,0,0,0,1,1,0,1,1,1,0
15085,0,0,1,1,0,1,0,0,0,1,0,1,1,0,0,1,1,0
15086,0,0,1,1,0,1,0,0,0,0,1,0,0,1,1,1,0,1
15087,0,0,1,1,0,1,0,0,0,1,1,0,0,1,0,1,0,1
15088,0,0,1,1,0,1,0,0,0,0,1,0,1,1,0,1,0,1
15089,0,0,1,1,0,1,0,0,0,0,1,0,0,1,0,1,1,1
15090,0,0,1,1,0,1,0,0,0,1,1,0,0,1,1,1,0,0
15091,0,0,1,1,0,1,0,0,0,0,1,0,1,1,1,1,0,0
15092,0,0,1,1,0,1,0,0,0,0,1,0,0,1,1,1,1,0
15093,0,0,1,1,0,1,0,0,0,1,1,0,1,1,0,1,0,0
15094,0,0,1,1,0,1,0,0,0,1,1,0,0,1,0,1,1,0
15095,0,0,1,1,0,1,0,0,0,0,1,0,1,1,0,1,1,0
15096,0,0,1,1,0,1,0,0,0,1,0,0,0,1,1,1,0,1
15097,0,0,1,1,0,1,0,0,0,0,0,0,1,1,1,1,0,1
15098,0,0,1,1,0,1,0,0,0,0,0,0,0,1,1,1,1,1
15099,0,0,1,1,0,1,0,0,0,1,0,0,1,1,0,1,0,1
15100,0,0,1,1,0,1,0,0,0,1,0,0,0,1,0,1,1,1
15101,0,0,1,1,0,1,0,0,0,0,0,0,1,1,0,1,1,1
15102,0,0,1,1,0,1,0,0,0,1,0,0,1,1,1,1,0,0
15103,0,0,1,1,0,1,0,0,0,1,0,0,0,1,1,1,1,0
15104,0,0,1,1,0,1,0,0,0,0,0,0,1,1,1,1,1,0
15105,0,0,1,1,0,1,0,0,0,1,0,0,1,1,0,1,1,0
15106,0,0,1,1,0,1,0,0,0,1,1,0,0,0,1,1,0,1
15107,0,0,1,1,0,1,0,0,0,0,1,0,1,0,1,1,0,1
15108,0,0,1,1,0,1,0,0,0,0,1,0,0,0,1,1,1,1
15109,0,0,1,1,0,1,0,0,0,1,1,0,1,0,0,1,0,1
15110,0,0,1,1,0,1,0,0,0,1,1,0,0,0,0,1,1,1
15111,0,0,1,1,0,1,0,0,0,0,1,0,1,0,0,1,1,1
15112,0,0,1,1,0,1,0,0,0,1,1,0,1,0,1,1,0,0
15113,0,0,1,1,0,1,0,0,0,1,1,0,0,0,1,1,1,0
15114,0,0,1,1,0,1,0,0,0,0,1,0,1,0,1,1,1,0
15115,0,0,1,1,0,1,0,0,0,1,1,0,1,0,0,1,1,0
15116,0,0,1,1,0,1,0,0,0,1,0,0,1,0,1,1,0,1
15117,0,0,1,1,0,1,0,0,0,1,0,0,0,0,1,1,1,1
15118,0,0,1,1,0,1,0,0,0,0,0,0,1,0,1,1,1,1
15119,0,0,1,1,0,1,0,0,0,1,0,0,1,0,0,1,1,1
15120,0,0,1,1,0,1,0,0,0,1,0,0,1,0,1,1,1,0
15121,1,0,1,1,0,0,1,0,0,0,1,1,0,1,0,1,0,0
15122,1,0,1,1,0,0,1,0,0,0,0,1,0,1,0,1,0,1
15123,1,0,1,1,0,0,1,0,0,0,0,1,0,1,1,1,0,0
15124,1,0,1,1,0,0,1,0,0,1,0,1,0,1,0,1,0,0
15125,1,0,1,1,0,0,1,0,0,0,0,1,1,1,0,1,0,0
15126,1,0,1,1,0,0,1,0,0,0,0,1,0,1,0,1,1,0
15127,1,0,1,1,0,0,1,0,0,0,1,1,0,0,0,1,0,1
15128,1,0,1,1,0,0,1,0,0,0,1,1,0,0,1,1,0,0
15129,1,0,1,1,0,0,1,0,0,1,1,1,0,0,0,1,0,0
15130,1,0,1,1,0,0,1,0,0,0,1,1,1,0,0,1,0,0
15131,1,0,1,1,0,0,1,0,0,0,1,1,0,0,0,1,1,0
15132,1,0,1,1,0,0,1,0,0,0,0,1,0,0,1,1,0,1
15133,1,0,1,1,0,0,1,0,0,1,0,1,0,0,0,1,0,1
15134,1,0,1,1,0,0,1,0,0,0,0,1,1,0,0,1,0,1
15135,1,0,1,1,0,0,1,0,0,0,0,1,0,0,0,1,1,1
15136,1,0,1,1,0,0,1,0,0,1,0,1,0,0,1,1,0,0
15137,1,0,1,1,0,0,1,0,0,0,0,1,1,0,1,1,0,0
15138,1,0,1,1,0,0,1,0,0,0,0,1,0,0,1,1,1,0
15139,1,0,1,1,0,0,1,0,0,1,0,1,1,0,0,1,0,0
15140,1,0,1,1,0,0,1,0,0,1,0,1,0,0,0,1,1,0
15141,1,0,1,1,0,0,1,0,0,0,0,1,1,0,0,1,1,0
15142,1,0,1,1,0,0,1,0,0,0,1,0,0,1,0,1,0,1
15143,1,0,1,1,0,0,1,0,0,0,1,0,0,1,1,1,0,0
15144,1,0,1,1,0,0,1,0,0,1,1,0,0,1,0,1,0,0
15145,1,0,1,1,0,0,1,0,0,0,1,0,1,1,0,1,0,0
15146,1,0,1,1,0,0,1,0,0,0,1,0,0,1,0,1,1,0
15147,1,0,1,1,0,0,1,0,0,0,0,0,0,1,1,1,0,1
15148,1,0,1,1,0,0,1,0,0,1,0,0,0,1,0,1,0,1
15149,1,0,1,1,0,0,1,0,0,0,0,0,1,1,0,1,0,1
15150,1,0,1,1,0,0,1,0,0,0,0,0,0,1,0,1,1,1
15151,1,0,1,1,0,0,1,0,0,1,0,0,0,1,1,1,0,0
15152,1,0,1,1,0,0,1,0,0,0,0,0,1,1,1,1,0,0
15153,1,0,1,1,0,0,1,0,0,0,0,0,0,1,1,1,1,0
15154,1,0,1,1,0,0,1,0,0,1,0,0,1,1,0,1,0,0
15155,1,0,1,1,0,0,1,0,0,1,0,0,0,1,0,1,1,0
15156,1,0,1,1,0,0,1,0,0,0,0,0,1,1,0,1,1,0
15157,1,0,1,1,0,0,1,0,0,0,1,0,0,0,1,1,0,1
15158,1,0,1,1,0,0,1,0,0,1,1,0,0,0,0,1,0,1
15159,1,0,1,1,0,0,1,0,0,0,1,0,1,0,0,1,0,1
15160,1,0,1,1,0,0,1,0,0,0,1,0,0,0,0,1,1,1
15161,1,0,1,1,0,0,1,0,0,1,1,0,0,0,1,1,0,0
15162,1,0,1,1,0,0,1,0,0,0,1,0,1,0,1,1,0,0
15163,1,0,1,1,0,0,1,0,0,0,1,0,0,0,1,1,1,0
15164,1,0,1,1,0,0,1,0,0,1,1,0,1,0,0,1,0,0
15165,1,0,1,1,0,0,1,0,0,1,1,0,0,0,0,1,1,0
15166,1,0,1,1,0,0,1,0,0,0,1,0,1,0,0,1,1,0
15167,1,0,1,1,0,0,1,0,0,1,0,0,0,0,1,1,0,1
15168,1,0,1,1,0,0,1,0,0,0,0,0,1,0,1,1,0,1
15169,1,0,1,1,0,0,1,0,0,0,0,0,0,0,1,1,1,1
15170,1,0,1,1,0,0,1,0,0,1,0,0,1,0,0,1,0,1
15171,1,0,1,1,0,0,1,0,0,1,0,0,0,0,0,1,1,1
15172,1,0,1,1,0,0,1,0,0,0,0,0,1,0,0,1,1,1
15173,1,0,1,1,0,0,1,0,0,1,0,0,1,0,1,1,0,0
15174,1,0,1,1,0,0,1,0,0,1,0,0,0,0,1,1,1,0
15175,1,0,1,1,0,0,1,0,0,0,0,0,1,0,1,1,1,0
15176,1,0,1,1,0,0,1,0,0,1,0,0,1,0,0,1,1,0
15177,1,0,1,1,0,0,0,0,0,0,1,1,0,1,0,1,0,1
15178,1,0,1,1,0,0,0,0,0,0,1,1,0,1,1,1,0,0
15179,1,0,1,1,0,0,0,0,0,1,1,1,0,1,0,1,0,0
15180,1,0,1,1,0,0,0,0,0,0,1,1,1,1,0,1,0,0
15181,1,0,1,1,0,0,0,0,0,0,1,1,0,1,0,1,1,0
15182,1,0,1,1,0,0,0,0,0,0,0,1,0,1,1,1,0,1
15183,1,0,1,1,0,0,0,0,0,1,0,1,0,1,0,1,0,1
15184,1,0,1,1,0,0,0,0,0,0,0,1,1,1,0,1,0,1
15185,1,0,1,1,0,0,0,0,0,0,0,1,0,1,0,1,1,1
15186,1,0,1,1,0,0,0,0,0,1,0,1,0,1,1,1,0,0
15187,1,0,1,1,0,0,0,0,0,0,0,1,1,1,1,1,0,0
15188,1,0,1,1,0,0,0,0,0,0,0,1,0,1,1,1,1,0
15189,1,0,1,1,0,0,0,0,0,1,0,1,1,1,0,1,0,0
15190,1,0,1,1,0,0,0,0,0,1,0,1,0,1,0,1,1,0
15191,1,0,1,1,0,0,0,0,0,0,0,1,1,1,0,1,1,0
15192,1,0,1,1,0,0,0,0,0,0,1,1,0,0,1,1,0,1
15193,1,0,1,1,0,0,0,0,0,1,1,1,0,0,0,1,0,1
15194,1,0,1,1,0,0,0,0,0,0,1,1,1,0,0,1,0,1
15195,1,0,1,1,0,0,0,0,0,0,1,1,0,0,0,1,1,1
15196,1,0,1,1,0,0,0,0,0,1,1,1,0,0,1,1,0,0
15197,1,0,1,1,0,0,0,0,0,0,1,1,1,0,1,1,0,0
15198,1,0,1,1,0,0,0,0,0,0,1,1,0,0,1,1,1,0
15199,1,0,1,1,0,0,0,0,0,1,1,1,1,0,0,1,0,0
15200,1,0,1,1,0,0,0,0,0,1,1,1,0,0,0,1,1,0
15201,1,0,1,1,0,0,0,0,0,0,1,1,1,0,0,1,1,0
15202,1,0,1,1,0,0,0,0,0,1,0,1,0,0,1,1,0,1
15203,1,0,1,1,0,0,0,0,0,0,0,1,1,0,1,1,0,1
15204,1,0,1,1,0,0,0,0,0,0,0,1,0,0,1,1,1,1
15205,1,0,1,1,0,0,0,0,0,1,0,1,1,0,0,1,0,1
15206,1,0,1,1,0,0,0,0,0,1,0,1,0,0,0,1,1,1
15207,1,0,1,1,0,0,0,0,0,0,0,1,1,0,0,1,1,1
15208,1,0,1,1,0,0,0,0,0,1,0,1,1,0,1,1,0,0
15209,1,0,1,1,0,0,0,0,0,1,0,1,0,0,1,1,1,0
15210,1,0,1,1,0,0,0,0,0,0,0,1,1,0,1,1,1,0
15211,1,0,1,1,0,0,0,0,0,1,0,1,1,0,0,1,1,0
15212,1,0,1,1,0,0,0,0,0,0,1,0,0,1,1,1,0,1
15213,1,0,1,1,0,0,0,0,0,1,1,0,0,1,0,1,0,1
15214,1,0,1,1,0,0,0,0,0,0,1,0,1,1,0,1,0,1
15215,1,0,1,1,0,0,0,0,0,0,1,0,0,1,0,1,1,1
15216,1,0,1,1,0,0,0,0,0,1,1,0,0,1,1,1,0,0
15217,1,0,1,1,0,0,0,0,0,0,1,0,1,1,1,1,0,0
15218,1,0,1,1,0,0,0,0,0,0,1,0,0,1,1,1,1,0
15219,1,0,1,1,0,0,0,0,0,1,1,0,1,1,0,1,0,0
15220,1,0,1,1,0,0,0,0,0,1,1,0,0,1,0,1,1,0
15221,1,0,1,1,0,0,0,0,0,0,1,0,1,1,0,1,1,0
15222,1,0,1,1,0,0,0,0,0,1,0,0,0,1,1,1,0,1
15223,1,0,1,1,0,0,0,0,0,0,0,0,1,1,1,1,0,1
15224,1,0,1,1,0,0,0,0,0,0,0,0,0,1,1,1,1,1
15225,1,0,1,1,0,0,0,0,0,1,0,0,1,1,0,1,0,1
15226,1,0,1,1,0,0,0,0,0,1,0,0,0,1,0,1,1,1
15227,1,0,1,1,0,0,0,0,0,0,0,0,1,1,0,1,1,1
15228,1,0,1,1,0,0,0,0,0,1,0,0,1,1,1,1,0,0
15229,1,0,1,1,0,0,0,0,0,1,0,0,0,1,1,1,1,0
15230,1,0,1,1,0,0,0,0,0,0,0,0,1,1,1,1,1,0
15231,1,0,1,1,0,0,0,0,0,1,0,0,1,1,0,1,1,0
15232,1,0,1,1,0,0,0,0,0,1,1,0,0,0,1,1,0,1
15233,1,0,1,1,0,0,0,0,0,0,1,0,1,0,1,1,0,1
15234,1,0,1,1,0,0,0,0,0,0,1,0,0,0,1,1,1,1
15235,1,0,1,1,0,0,0,0,0,1,1,0,1,0,0,1,0,1
15236,1,0,1,1,0,0,0,0,0,1,1,0,0,0,0,1,1,1
15237,1,0,1,1,0,0,0,0,0,0,1,0,1,0,0,1,1,1
15238,1,0,1,1,0,0,0,0,0,1,1,0,1,0,1,1,0,0
15239,1,0,1,1,0,0,0,0,0,1,1,0,0,0,1,1,1,0
15240,1,0,1,1,0,0,0,0,0,0,1,0,1,0,1,1,1,0
15241,1,0,1,1,0,0,0,0,0,1,1,0,1,0,0,1,1,0
15242,1,0,1,1,0,0,0,0,0,1,0,0,1,0,1,1,0,1
15243,1,0,1,1,0,0,0,0,0,1,0,0,0,0,1,1,1,1
15244,1,0,1,1,0,0,0,0,0,0,0,0,1,0,1,1,1,1
15245,1,0,1,1,0,0,0,0,0,1,0,0,1,0,0,1,1,1
15246,1,0,1,1,0,0,0,0,0,1,0,0,1,0,1,1,1,0
15247,1,1,1,0,0,1,1,0,0,0,1,1,0,1,0,0,0,0
15248,1,1,1,0,0,1,1,0,0,0,0,1,0,1,0,0,0,1
15249,1,1,1,0,0,1,1,0,0,0,0,1,0,1,1,0,0,0
15250,1,1,1,0,0,1,1,0,0,1,0,1,0,1,0,0,0,0
15251,1,1,1,0,0,1,1,0,0,0,0,1,1,1,0,0,0,0
15252,1,1,1,0,0,1,1,0,0,0,0,1,0,1,0,0,1,0
15253,1,1,1,0,0,1,1,0,0,0,1,1,0,0,0,0,0,1
15254,1,1,1,0,0,1,1,0,0,0,1,1,0,0,1,0,0,0
15255,1,1,1,0,0,1,1,0,0,1,1,1,0,0,0,0,0,0
15256,1,1,1,0,0,1,1,0,0,0,1,1,1,0,0,0,0,0
15257,1,1,1,0,0,1,1,0,0,0,1,1,0,0,0,0,1,0
15258,1,1,1,0,0,1,1,0,0,0,0,1,0,0,1,0,0,1
15259,1,1,1,0,0,1,1,0,0,1,0,1,0,0,0,0,0,1
15260,1,1,1,0,0,1,1,0,0,0,0,1,1,0,0,0,0,1
15261,1,1,1,0,0,1,1,0,0,0,0,1,0,0,0,0,1,1
15262,1,1,1,0,0,1,1,0,0,1,0,1,0,0,1,0,0,0
15263,1,1,1,0,0,1,1,0,0,0,0,1,1,0,1,0,0,0
15264,1,1,1,0,0,1,1,0,0,0,0,1,0,0,1,0,1,0
15265,1,1,1,0,0,1,1,0,0,1,0,1,1,0,0,0,0,0
15266,1,1,1,0,0,1,1,0,0,1,0,1,0,0,0,0,1,0
15267,1,1,1,0,0,1,1,0,0,0,0,1,1,0,0,0,1,0
15268,1,1,1,0,0,1,1,0,0,0,1,0,0,1,0,0,0,1
15269,1,1,1,0,0,1,1,0,0,0,1,0,0,1,1,0,0,0
15270,1,1,1,0,0,1,1,0,0,1,1,0,0,1,0,0,0,0
15271,1,1,1,0,0,1,1,0,0,0,1,0,1,1,0,0,0,0
15272,1,1,1,0,0,1,1,0,0,0,1,0,0,1,0,0,1,0
15273,1,1,1,0,0,1,1,0,0,0,0,0,0,1,1,0,0,1
15274,1,1,1,0,0,1,1,0,0,1,0,0,0,1,0,0,0,1
15275,1,1,1,0,0,1,1,0,0,0,0,0,1,1,0,0,0,1
15276,1,1,1,0,0,1,1,0,0,0,0,0,0,1,0,0,1,1
15277,1,1,1,0,0,1,1,0,0,1,0,0,0,1,1,0,0,0
15278,1,1,1,0,0,1,1,0,0,0,0,0,1,1,1,0,0,0
15279,1,1,1,0,0,1,1,0,0,0,0,0,0,1,1,0,1,0
15280,1,1,1,0,0,1,1,0,0,1,0,0,1,1,0,0,0,0
15281,1,1,1,0,0,1,1,0,0,1,0,0,0,1,0,0,1,0
15282,1,1,1,0,0,1,1,0,0,0,0,0,1,1,0,0,1,0
15283,1,1,1,0,0,1,1,0,0,0,1,0,0,0,1,0,0,1
15284,1,1,1,0,0,1,1,0,0,1,1,0,0,0,0,0,0,1
15285,1,1,1,0,0,1,1,0,0,0,1,0,1,0,0,0,0,1
15286,1,1,1,0,0,1,1,0,0,0,1,0,0,0,0,0,1,1
15287,1,1,1,0,0,1,1,0,0,1,1,0,0,0,1,0,0,0
15288,1,1,1,0,0,1,1,0,0,0,1,0,1,0,1,0,0,0
15289,1,1,1,0,0,1,1,0,0,0,1,0,0,0,1,0,1,0
15290,1,1,1,0,0,1,1,0,0,1,1,0,1,0,0,0,0,0
15291,1,1,1,0,0,1,1,0,0,1,1,0,0,0,0,0,1,0
15292,1,1,1,0,0,1,1,0,0,0,1,0,1,0,0,0,1,0
15293,1,1,1,0,0,1,1,0,0,1,0,0,0,0,1,0,0,1
15294,1,1,1,0,0,1,1,0,0,0,0,0,1,0,1,0,0,1
15295,1,1,1,0,0,1,1,0,0,0,0,0,0,0,1,0,1,1
15296,1,1,1,0,0,1,1,0,0,1,0,0,1,0,0,0,0,1
15297,1,1,1,0,0,1,1,0,0,1,0,0,0,0,0,0,1,1
15298,1,1,1,0,0,1,1,0,0,0,0,0,1,0,0,0,1,1
15299,1,1,1,0,0,1,1,0,0,1,0,0,1,0,1,0,0,0
15300,1,1,1,0,0,1,1,0,0,1,0,0,0,0,1,0,1,0
15301,1,1,1,0,0,1,1,0,0,0,0,0,1,0,1,0,1,0
15302,1,1,1,0,0,1,1,0,0,1,0,0,1,0,0,0,1,0
15303,1,1,1,0,0,1,0,0,0,0,1,1,0,1,0,0,0,1
15304,1,1,1,0,0,1,0,0,0,0,1,1,0,1,1,0,0,0
15305,1,1,1,0,0,1,0,0,0,1,1,1,0,1,0,0,0,0
15306,1,1,1,0,0,1,0,0,0,0,1,1,1,1,0,0,0,0
15307,1,1,1,0,0,1,0,0,0,0,1,1,0,1,0,0,1,0
15308,1,1,1,0,0,1,0,0,0,0,0,1,0,1,1,0,0,1
15309,1,1,1,0,0,1,0,0,0,1,0,1,0,1,0,0,0,1
15310,1,1,1,0,0,1,0,0,0,0,0,1,1,1,0,0,0,1
15311,1,1,1,0,0,1,0,0,0,0,0,1,0,1,0,0,1,1
15312,1,1,1,0,0,1,0,0,0,1,0,1,0,1,1,0,0,0
15313,1,1,1,0,0,1,0,0,0,0,0,1,1,1,1,0,0,0
15314,1,1,1,0,0,1,0,0,0,0,0,1,0,1,1,0,1,0
15315,1,1,1,0,0,1,0,0,0,1,0,1,1,1,0,0,0,0
15316,1,1,1,0,0,1,0,0,0,1,0,1,0,1,0,0,1,0
15317,1,1,1,0,0,1,0,0,0,0,0,1,1,1,0,0,1,0
15318,1,1,1,0,0,1,0,0,0,0,1,1,0,0,1,0,0,1
15319,1,1,1,0,0,1,0,0,0,1,1,1,0,0,0,0,0,1
15320,1,1,1,0,0,1,0,0,0,0,1,1,1,0,0,0,0,1
15321,1,1,1,0,0,1,0,0,0,0,1,1,0,0,0,0,1,1
15322,1,1,1,0,0,1,0,0,0,1,1,1,0,0,1,0,0,0
15323,1,1,1,0,0,1,0,0,0,0,1,1,1,0,1,0,0,0
15324,1,1,1,0,0,1,0,0,0,0,1,1,0,0,1,0,1,0
15325,1,1,1,0,0,1,0,0,0,1,1,1,1,0,0,0,0,0
15326,1,1,1,0,0,1,0,0,0,1,1,1,0,0,0,0,1,0
15327,1,1,1,0,0,1,0,0,0,0,1,1,1,0,0,0,1,0
15328,1,1,1,0,0,1,0,0,0,1,0,1,0,0,1,0,0,1
15329,1,1,1,0,0,1,0,0,0,0,0,1,1,0,1,0,0,1
15330,1,1,1,0,0,1,0,0,0,0,0,1,0,0,1,0,1,1
15331,1,1,1,0,0,1,0,0,0,1,0,1,1,0,0,0,0,1
15332,1,1,1,0,0,1,0,0,0,1,0,1,0,0,0,0,1,1
15333,1,1,1,0,0,1,0,0,0,0,0,1,1,0,0,0,1,1
15334,1,1,1,0,0,1,0,0,0,1,0,1,1,0,1,0,0,0
15335,1,1,1,0,0,1,0,0,0,1,0,1,0,0,1,0,1,0
15336,1,1,1,0,0,1,0,0,0,0,0,1,1,0,1,0,1,0
15337,1,1,1,0,0,1,0,0,0,1,0,1,1,0,0,0,1,0
15338,1,1,1,0,0,1,0,0,0,0,1,0,0,1,1,0,0,1
15339,1,1,1,0,0,1,0,0,0,1,1,0,0,1,0,0,0,1
15340,1,1,1,0,0,1,0,0,0,0,1,0,1,1,0,0,0,1
15341,1,1,1,0,0,1,0,0,0,0,1,0,0,1,0,0,1,1
15342,1,1,1,0,0,1,0,0,0,1,1,0,0,1,1,0,0,0
15343,1,1,1,0,0,1,0,0,0,0,1,0,1,1,1,0,0,0
15344,1,1,1,0,0,1,0,0,0,0,1,0,0,1,1,0,1,0
15345,1,1,1,0,0,1,0,0,0,1,1,0,1,1,0,0,0,0
15346,1,1,1,0,0,1,0,0,0,1,1,0,0,1,0,0,1,0
15347,1,1,1,0,0,1,0,0,0,0,1,0,1,1,0,0,1,0
15348,1,1,1,0,0,1,0,0,0,1,0,0,0,1,1,0,0,1
15349,1,1,1,0,0,1,0,0,0,0,0,0,1,1,1,0,0,1
15350,1,1,1,0,0,1,0,0,0,0,0,0,0,1,1,0,1,1
15351,1,1,1,0,0,1,0,0,0,1,0,0,1,1,0,0,0,1
15352,1,1,1,0,0,1,0,0,0,1,0,0,0,1,0,0,1,1
15353,1,1,1,0,0,1,0,0,0,0,0,0,1,1,0,0,1,1
15354,1,1,1,0,0,1,0,0,0,1,0,0,1,1,1,0,0,0
15355,1,1,1,0,0,1,0,0,0,1,0,0,0,1,1,0,1,0
15356,1,1,1,0,0,1,0,0,0,0,0,0,1,1,1,0,1,0
15357,1,1,1,0,0,1,0,0,0,1,0,0,1,1,0,0,1,0
15358,1,1,1,0,0,1,0,0,0,1,1,0,0,0,1,0,0,1
15359,1,1,1,0,0,1,0,0,0,0,1,0,1,0,1,0,0,1
15360,1,1,1,0,0,1,0,0,0,0,1,0,0,0,1,0,1,1
15361,1,1,1,0,0,1,0,0,0,1,1,0,1,0,0,0,0,1
15362,1,1,1,0,0,1,0,0,0,1,1,0,0,0,0,0,1,1
15363,1,1,1,0,0,1,0,0,0,0,1,0,1,0,0,0,1,1
15364,1,1,1,0,0,1,0,0,0,1,1,0,1,0,1,0,0,0
15365,1,1,1,0,0,1,0,0,0,1,1,0,0,0,1,0,1,0
15366,1,1,1,0,0,1,0,0,0,0,1,0,1,0,1,0,1,0
15367,1,1,1,0,0,1,0,0,0,1,1,0,1,0,0,0,1,0
15368,1,1,1,0,0,1,0,0,0,1,0,0,1,0,1,0,0,1
15369,1,1,1,0,0,1,0,0,0,1,0,0,0,0,1,0,1,1
15370,1,1,1,0,0,1,0,0,0,0,0,0,1,0,1,0,1,1
15371,1,1,1,0,0,1,0,0,0,1,0,0,1,0,0,0,1,1
15372,1,1,1,0,0,1,0,0,0,1,0,0,1,0,1,0,1,0
15373,1,1,0,1,0,1,1,0,0,0,1,1,0,1,0,0,0,0
15374,1,1,0,1,0,1,1,0,0,0,0,1,0,1,0,0,0,1
15375,1,1,0,1,0,1,1,0,0,0,0,1,0,1,1,0,0,0
15376,1,1,0,1,0,1,1,0,0,1,0,1,0,1,0,0,0,0
15377,1,1,0,1,0,1,1,0,0,0,0,1,1,1,0,0,0,0
15378,1,1,0,1,0,1,1,0,0,0,0,1,0,1,0,0,1,0
15379,1,1,0,1,0,1,1,0,0,0,1,1,0,0,0,0,0,1
15380,1,1,0,1,0,1,1,0,0,0,1,1,0,0,1,0,0,0
15381,1,1,0,1,0,1,1,0,0,1,1,1,0,0,0,0,0,0
15382,1,1,0,1,0,1,1,0,0,0,1,1,1,0,0,0,0,0
15383,1,1,0,1,0,1,1,0,0,0,1,1,0,0,0,0,1,0
15384,1,1,0,1,0,1,1,0,0,0,0,1,0,0,1,0,0,1
15385,1,1,0,1,0,1,1,0,0,1,0,1,0,0,0,0,0,1
15386,1,1,0,1,0,1,1,0,0,0,0,1,1,0,0,0,0,1
15387,1,1,0,1,0,1,1,0,0,0,0,1,0,0,0,0,1,1
15388,1,1,0,1,0,1,1,0,0,1,0,1,0,0,1,0,0,0
15389,1,1,0,1,0,1,1,0,0,0,0,1,1,0,1,0,0,0
15390,1,1,0,1,0,1,1,0,0,0,0,1,0,0,1,0,1,0
15391,1,1,0,1,0,1,1,0,0,1,0,1,1,0,0,0,0,0
15392,1,1,0,1,0,1,1,0,0,1,0,1,0,0,0,0,1,0
15393,1,1,0,1,0,1,1,0,0,0,0,1,1,0,0,0,1,0
15394,1,1,0,1,0,1,1,0,0,0,1,0,0,1,0,0,0,1
15395,1,1,0,1,0,1,1,0,0,0,1,0,0,1,1,0,0,0
15396,1,1,0,1,0,1,1,0,0,1,1,0,0,1,0,0,0,0
15397,1,1,0,1,0,1,1,0,0,0,1,0,1,1,0,0,0,0
15398,1,1,0,1,0,1,1,0,0,0,1,0,0,1,0,0,1,0
15399,1,1,0,1,0,1,1,0,0,0,0,0,0,1,1,0,0,1
15400,1,1,0,1,0,1,1,0,0,1,0,0,0,1,0,0,0,1
15401,1,1,0,1,0,1,1,0,0,0,0,0,1,1,0,0,0,1
15402,1,1,0,1,0,1,1,0,0,0,0,0,0,1,0,0,1,1
15403,1,1,0,1,0,1,1,0,0,1,0,0,0,1,1,0,0,0
15404,1,1,0,1,0,1,1,0,0,0,0,0,1,1,1,0,0,0
15405,1,1,0,1,0,1,1,0,0,0,0,0,0,1,1,0,1,0
15406,1,1,0,1,0,1,1,0,0,1,0,0,1,1,0,0,0,0
15407,1,1,0,1,0,1,1,0,0,1,0,0,0,1,0,0,1,0
15408,1,1,0,1,0,1,1,0,0,0,0,0,1,1,0,0,1,0
15409,1,1,0,1,0,1,1,0,0,0,1,0,0,0,1,0,0,1
15410,1,1,0,1,0,1,1,0,0,1,1,0,0,0,0,0,0,1
15411,1,1,0,1,0,1,1,0,0,0,1,0,1,0,0,0,0,1
15412,1,1,0,1,0,1,1,0,0,0,1,0,0,0,0,0,1,1
15413,1,1,0,1,0,1,1,0,0,1,1,0,0,0,1,0,0,0
15414,1,1,0,1,0,1,1,0,0,0,1,0,1,0,1,0,0,0
15415,1,1,0,1,0,1,1,0,0,0,1,0,0,0,1,0,1,0
15416,1,1,0,1,0,1,1,0,0,1,1,0,1,0,0,0,0,0
15417,1,1,0,1,0,1,1,0,0,1,1,0,0,0,0,0,1,0
15418,1,1,0,1,0,1,1,0,0,0,1,0,1,0,0,0,1,0
15419,1,1,0,1,0,1,1,0,0,1,0,0,0,0,1,0,0,1
15420,1,1,0,1,0,1,1,0,0,0,0,0,1,0,1,0,0,1
15421,1,1,0,1,0,1,1,0,0,0,0,0,0,0,1,0,1,1
15422,1,1,0,1,0,1,1,0,0,1,0,0,1,0,0,0,0,1
15423,1,1,0,1,0,1,1,0,0,1,0,0,0,0,0,0,1,1
15424,1,1,0,1,0,1,1,0,0,0,0,0,1,0,0,0,1,1
15425,1,1,0,1,0,1,1,0,0,1,0,0,1,0,1,0,0,0
15426,1,1,0,1,0,1,1,0,0,1,0,0,0,0,1,0,1,0
15427,1,1,0,1,0,1,1,0,0,0,0,0,1,0,1,0,1,0
15428,1,1,0,1,0,1,1,0,0,1,0,0,1,0,0,0,1,0
15429,1,1,0,1,0,1,0,0,0,0,1,1,0,1,0,0,0,1
15430,1,1,0,1,0,1,0,0,0,0,1,1,0,1,1,0,0,0
15431,1,1,0,1,0,1,0,0,0,1,1,1,0,1,0,0,0,0
15432,1,1,0,1,0,1,0,0,0,0,1,1,1,1,0,0,0,0
15433,1,1,0,1,0,1,0,0,0,0,1,1,0,1,0,0,1,0
15434,1,1,0,1,0,1,0,0,0,0,0,1,0,1,1,0,0,1
15435,1,1,0,1,0,1,0,0,0,1,0,1,0,1,0,0,0,1
15436,1,1,0,1,0,1,0,0,0,0,0,1,1,1,0,0,0,1
15437,1,1,0,1,0,1,0,0,0,0,0,1,0,1,0,0,1,1
15438,1,1,0,1,0,1,0,0,0,1,0,1,0,1,1,0,0,0
15439,1,1,0,1,0,1,0,0,0,0,0,1,1,1,1,0,0,0
15440,1,1,0,1,0,1,0,0,0,0,0,1,0,1,1,0,1,0
15441,1,1,0,1,0,1,0,0,0,1,0,1,1,1,0,0,0,0
15442,1,1,0,1,0,1,0,0,0,1,0,1,0,1,0,0,1,0
15443,1,1,0,1,0,1,0,0,0,0,0,1,1,1,0,0,1,0
15444,1,1,0,1,0,1,0,0,0,0,1,1,0,0,1,0,0,1
15445,1,1,0,1,0,1,0,0,0,1,1,1,0,0,0,0,0,1
15446,1,1,0,1,0,1,0,0,0,0,1,1,1,0,0,0,0,1
15447,1,1,0,1,0,1,0,0,0,0,1,1,0,0,0,0,1,1
15448,1,1,0,1,0,1,0,0,0,1,1,1,0,0,1,0,0,0
15449,1,1,0,1,0,1,0,0,0,0,1,1,1,0,1,0,0,0
15450,1,1,0,1,0,1,0,0,0,0,1,1,0,0,1,0,1,0
15451,1,1,0,1,0,1,0,0,0,1,1,1,1,0,0,0,0,0
15452,1,1,0,1,0,1,0,0,0,1,1,1,0,0,0,0,1,0
15453,1,1,0,1,0,1,0,0,0,0,1,1,1,0,0,0,1,0
15454,1,1,0,1,0,1,0,0,0,1,0,1,0,0,1,0,0,1
15455,1,1,0,1,0,1,0,0,0,0,0,1,1,0,1,0,0,1
15456,1,1,0,1,0,1,0,0,0,0,0,1,0,0,1,0,1,1
15457,1,1,0,1,0,1,0,0,0,1,0,1,1,0,0,0,0,1
15458,1,1,0,1,0,1,0,0,0,1,0,1,0,0,0,0,1,1
15459,1,1,0,1,0,1,0,0,0,0,0,1,1,0,0,0,1,1
15460,1,1,0,1,0,1,0,0,0,1,0,1,1,0,1,0,0,0
15461,1,1,0,1,0,1,0,0,0,1,0,1,0,0,1,0,1,0
15462,1,1,0,1,0,1,0,0,0,0,0,1,1,0,1,0,1,0
15463,1,1,0,1,0,1,0,0,0,1,0,1,1,0,0,0,1,0
15464,1,1,0,1,0,1,0,0,0,0,1,0,0,1,1,0,0,1
15465,1,1,0,1,0,1,0,0,0,1,1,0,0,1,0,0,0,1
15466,1,1,0,1,0,1,0,0,0,0,1,0,1,1,0,0,0,1
15467,1,1,0,1,0,1,0,0,0,0,1,0,0,1,0,0,1,1
15468,1,1,0,1,0,1,0,0,0,1,1,0,0,1,1,0,0,0
15469,1,1,0,1,0,1,0,0,0,0,1,0,1,1,1,0,0,0
15470,1,1,0,1,0,1,0,0,0,0,1,0,0,1,1,0,1,0
15471,1,1,0,1,0,1,0,0,0,1,1,0,1,1,0,0,0,0
15472,1,1,0,1,0,1,0,0,0,1,1,0,0,1,0,0,1,0
15473,1,1,0,1,0,1,0,0,0,0,1,0,1,1,0,0,1,0
15474,1,1,0,1,0,1,0,0,0,1,0,0,0,1,1,0,0,1
15475,1,1,0,1,0,1,0,0,0,0,0,0,1,1,1,0,0,1
15476,1,1,0,1,0,1,0,0,0,0,0,0,0,1,1,0,1,1
15477,1,1,0,1,0,1,0,0,0,1,0,0,1,1,0,0,0,1
15478,1,1,0,1,0,1,0,0,0,1,0,0,0,1,0,0,1,1
15479,1,1,0,1,0,1,0,0,0,0,0,0,1,1,0,0,1,1
15480,1,1,0,1,0,1,0,0,0,1,0,0,1,1,1,0,0,0
15481,1,1,0,1,0,1,0,0,0,1,0,0,0,1,1,0,1,0
15482,1,1,0,1,0,1,0,0,0,0,0,0,1,1,1,0,1,0
15483,1,1,0,1,0,1,0,0,0,1,0,0,1,1,0,0,1,0
15484,1,1,0,1,0,1,0,0,0,1,1,0,0,0,1,0,0,1
15485,1,1,0,1,0,1,0,0,0,0,1,0,1,0,1,0,0,1
15486,1,1,0,1,0,1,0,0,0,0,1,0,0,0,1,0,1,1
15487,1,1,0,1,0,1,0,0,0,1,1,0,1,0,0,0,0,1
15488,1,1,0,1,0,1,0,0,0,1,1,0,0,0,0,0,1,1
15489,1,1,0,1,0,1,0,0,0,0,1,0,1,0,0,0,1,1
15490,1,1,0,1,0,1,0,0,0,1,1,0,1,0,1,0,0,0
15491,1,1,0,1,0,1,0,0,0,1,1,0,0,0,1,0,1,0
15492,1,1,0,1,0,1,0,0,0,0,1,0,1,0,1,0,1,0
15493,1,1,0,1,0,1,0,0,0,1,1,0,1,0,0,0,1,0
15494,1,1,0,1,0,1,0,0,0,1,0,0,1,0,1,0,0,1
15495,1,1,0,1,0,1,0,0,0,1,0,0,0,0,1,0,1,1
15496,1,1,0,1,0,1,0,0,0,0,0,0,1,0,1,0,1,1
15497,1,1,0,1,0,1,0,0,0,1,0,0,1,0,0,0,1,1
15498,1,1,0,1,0,1,0,0,0,1,0,0,1,0,1,0,1,0
15499,0,1,1,1,0,1,1,0,0,0,1,1,0,1,0,0,0,0
15500,0,1,1,1,0,1,1,0,0,0,0,1,0,1,0,0,0,1
15501,0,1,1,1,0,1,1,0,0,0,0,1,0,1,1,0,0,0
15502,0,1,1,1,0,1,1,0,0,1,0,1,0,1,0,0,0,0
15503,0,1,1,1,0,1,1,0,0,0,0,1,1,1,0,0,0,0
15504,0,1,1,1,0,1,1,0,0,0,0,1,0,1,0,0,1,0
15505,0,1,1,1,0,1,1,0,0,0,1,1,0,0,0,0,0,1
15506,0,1,1,1,0,1,1,0,0,0,1,1,0,0,1,0,0,0
15507,0,1,1,1,0,1,1,0,0,1,1,1,0,0,0,0,0,0
15508,0,1,1,1,0,1,1,0,0,0,1,1,1,0,0,0,0,0
15509,0,1,1,1,0,1,1,0,0,0,1,1,0,0,0,0,1,0
15510,0,1,1,1,0,1,1,0,0,0,0,1,0,0,1,0,0,1
15511,0,1,1,1,0,1,1,0,0,1,0,1,0,0,0,0,0,1
15512,0,1,1,1,0,1,1,0,0,0,0,1,1,0,0,0,0,1
15513,0,1,1,1,0,1,1,0,0,0,0,1,0,0,0,0,1,1
15514,0,1,1,1,0,1,1,0,0,1,0,1,0,0,1,0,0,0
15515,0,1,1,1,0,1,1,0,0,0,0,1,1,0,1,0,0,0
15516,0,1,1,1,0,1,1,0,0,0,0,1,0,0,1,0,1,0
15517,0,1,1,1,0,1,1,0,0,1,0,1,1,0,0,0,0,0
15518,0,1,1,1,0,1,1,0,0,1,0,1,0,0,0,0,1,0
15519,0,1,1,1,0,1,1,0,0,0,0,1,1,0,0,0,1,0
15520,0,1,1,1,0,1,1,0,0,0,1,0,0,1,0,0,0,1
15521,0,1,1,1,0,1,1,0,0,0,1,0,0,1,1,0,0,0
15522,0,1,1,1,0,1,1,0,0,1,1,0,0,1,0,0,0,0
15523,0,1,1,1,0,1,1,0,0,0,1,0,1,1,0,0,0,0
15524,0,1,1,1,0,1,1,0,0,0,1,0,0,1,0,0,1,0
15525,0,1,1,1,0,1,1,0,0,0,0,0,0,1,1,0,0,1
15526,0,1,1,1,0,1,1,0,0,1,0,0,0,1,0,0,0,1
15527,0,1,1,1,0,1,1,0,0,0,0,0,1,1,0,0,0,1
15528,0,1,1,1,0,1,1,0,0,0,0,0,0,1,0,0,1,1
15529,0,1,1,1,0,1,1,0,0,1,0,0,0,1,1,0,0,0
15530,0,1,1,1,0,1,1,0,0,0,0,0,1,1,1,0,0,0
15531,0,1,1,1,0,1,1,0,0,0,0,0,0,1,1,0,1,0
15532,0,1,1,1,0,1,1,0,0,1,0,0,1,1,0,0,0,0
15533,0,1,1,1,0,1,1,0,0,1,0,0,0,1,0,0,1,0
15534,0,1,1,1,0,1,1,0,0,0,0,0,1,1,0,0,1,0
15535,0,1,1,1,0,1,1,0,0,0,1,0,0,0,1,0,0,1
15536,0,1,1,1,0,1,1,0,0,1,1,0,0,0,0,0,0,1
15537,0,1,1,1,0,1,1,0,0,0,1,0,1,0,0,0,0,1
15538,0,1,1,1,0,1,1,0,0,0,1,0,0,0,0,0,1,1
15539,0,1,1,1,0,1,1,0,0,1,1,0,0,0,1,0,0,0
15540,0,1,1,1,0,1,1,0,0,0,1,0,1,0,1,0,0,0
15541,0,1,1,1,0,1,1,0,0,0,1,0,0,0,1,0,1,0
15542,0,1,1,1,0,1,1,0,0,1,1,0,1,0,0,0,0,0
15543,0,1,1,1,0,1,1,0,0,1,1,0,0,0,0,0,1,0
15544,0,1,1,1,0,1,1,0,0,0,1,0,1,0,0,0,1,0
15545,0,1,1,1,0,1,1,0,0,1,0,0,0,0,1,0,0,1
15546,0,1,1,1,0,1,1,0,0,0,0,0,1,0,1,0,0,1
15547,0,1,1,1,0,1,1,0,0,0,0,0,0,0,1,0,1,1
15548,0,1,1,1,0,1,1,0,0,1,0,0,1,0,0,0,0,1
15549,0,1,1,1,0,1,1,0,0,1,0,0,0,0,0,0,1,1
15550,0,1,1,1,0,1,1,0,0,0,0,0,1,0,0,0,1,1
15551,0,1,1,1,0,1,1,0,0,1,0,0,1,0,1,0,0,0
15552,0,1,1,1,0,1,1,0,0,1,0,0,0,0,1,0,1,0
15553,0,1,1,1,0,1,1,0,0,0,0,0,1,0,1,0,1,0
15554,0,1,1,1,0,1,1,0,0,1,0,0,1,0,0,0,1,0
15555,0,1,1,1,0,1,0,0,0,0,1,1,0,1,0,0,0,1
15556,0,1,1,1,0,1,0,0,0,0,1,1,0,1,1,0,0,0
15557,0,1,1,1,0,1,0,0,0,1,1,1,0,1,0,0,0,0
15558,0,1,1,1,0,1,0,0,0,0,1,1,1,1,0,0,0,0
15559,0,1,1,1,0,1,0,0,0,0,1,1,0,1,0,0,1,0
15560,0,1,1,1,0,1,0,0,0,0,0,1,0,1,1,0,0,1
15561,0,1,1,1,0,1,0,0,0,1,0,1,0,1,0,0,0,1
15562,0,1,1,1,0,1,0,0,0,0,0,1,1,1,0,0,0,1
15563,0,1,1,1,0,1,0,0,0,0,0,1,0,1,0,0,1,1
15564,0,1,1,1,0,1,0,0,0,1,0,1,0,1,1,0,0,0
15565,0,1,1,1,0,1,0,0,0,0,0,1,1,1,1,0,0,0
15566,0,1,1,1,0,1,0,0,0,0,0,1,0,1,1,0,1,0
15567,0,1,1,1,0,1,0,0,0,1,0,1,1,1,0,0,0,0
15568,0,1,1,1,0,1,0,0,0,1,0,1,0,1,0,0,1,0
15569,0,1,1,1,0,1,0,0,0,0,0,1,1,1,0,0,1,0
15570,0,1,1,1,0,1,0,0,0,0,1,1,0,0,1,0,0,1
15571,0,1,1,1,0,1,0,0,0,1,1,1,0,0,0,0,0,1
15572,0,1,1,1,0,1,0,0,0,0,1,1,1,0,0,0,0,1
15573,0,1,1,1,0,1,0,0,0,0,1,1,0,0,0,0,1,1
15574,0,1,1,1,0,1,0,0,0,1,1,1,0,0,1,0,0,0
15575,0,1,1,1,0,1,0,0,0,0,1,1,1,0,1,0,0,0
15576,0,1,1,1,0,1,0,0,0,0,1,1,0,0,1,0,1,0
15577,0,1,1,1,0,1,0,0,0,1,1,1,1,0,0,0,0,0
15578,0,1,1,1,0,1,0,0,0,1,1,1,0,0,0,0,1,0
15579,0,1,1,1,0,1,0,0,0,0,1,1,1,0,0,0,1,0
15580,0,1,1,1,0,1,0,0,0,1,0,1,0,0,1,0,0,1
15581,0,1,1,1,0,1,0,0,0,0,0,1,1,0,1,0,0,1
15582,0,1,1,1,0,1,0,0,0,0,0,1,0,0,1,0,1,1
15583,0,1,1,1,0,1,0,0,0,1,0,1,1,0,0,0,0,1
15584,0,1,1,1,0,1,0,0,0,1,0,1,0,0,0,0,1,1
15585,0,1,1,1,0,1,0,0,0,0,0,1,1,0,0,0,1,1
15586,0,1,1,1,0,1,0,0,0,1,0,1,1,0,1,0,0,0
15587,0,1,1,1,0,1,0,0,0,1,0,1,0,0,1,0,1,0
15588,0,1,1,1,0,1,0,0,0,0,0,1,1,0,1,0,1,0
15589,0,1,1,1,0,1,0,0,0,1,0,1,1,0,0,0,1,0
15590,0,1,1,1,0,1,0,0,0,0,1,0,0,1,1,0,0,1
15591,0,1,1,1,0,1,0,0,0,1,1,0,0,1,0,0,0,1
15592,0,1,1,1,0,1,0,0,0,0,1,0,1,1,0,0,0,1
15593,0,1,1,1,0,1,0,0,0,0,1,0,0,1,0,0,1,1
15594,0,1,1,1,0,1,0,0,0,1,1,0,0,1,1,0,0,0
15595,0,1,1,1,0,1,0,0,0,0,1,0,1,1,1,0,0,0
15596,0,1,1,1,0,1,0,0,0,0,1,0,0,1,1,0,1,0
15597,0,1,1,1,0,1,0,0,0,1,1,0,1,1,0,0,0,0
15598,0,1,1,1,0,1,0,0,0,1,1,0,0,1,0,0,1,0
15599,0,1,1,1,0,1,0,0,0,0,1,0,1,1,0,0,1,0
15600,0,1,1,1,0,1,0,0,0,1,0,0,0,1,1,0,0,1
15601,0,1,1,1,0,1,0,0,0,0,0,0,1,1,1,0,0,1
15602,0,1,1,1,0,1,0,0,0,0,0,0,0,1,1,0,1,1
15603,0,1,1,1,0,1,0,0,0,1,0,0,1,1,0,0,0,1
15604,0,1,1,1,0,1,0,0,0,1,0,0,0,1,0,0,1,1
15605,0,1,1,1,0,1,0,0,0,0,0,0,1,1,0,0,1,1
15606,0,1,1,1,0,1,0,0,0,1,0,0,1,1,1,0,0,0
15607,0,1,1,1,0,1,0,0,0,1,0,0,0,1,1,0,1,0
15608,0,1,1,1,0,1,0,0,0,0,0,0,1,1,1,0,1,0
15609,0,1,1,1,0,1,0,0,0,1,0,0,1,1,0,0,1,0
15610,0,1,1,1,0,1,0,0,0,1,1,0,0,0,1,0,0,1
15611,0,1,1,1,0,1,0,0,0,0,1,0,1,0,1,0,0,1
15612,0,1,1,1,0,1,0,0,0,0,1,0,0,0,1,0,1,1
15613,0,1,1,1,0,1,0,0,0,1,1,0,1,0,0,0,0,1
15614,0,1,1,1,0,1,0,0,0,1,1,0,0,0,0,0,1,1
15615,0,1,1,1,0,1,0,0,0,0,1,0,1,0,0,0,1,1
15616,0,1,1,1,0,1,0,0,0,1,1,0,1,0,1,0,0,0
15617,0,1,1,1,0,1,0,0,0,1,1,0,0,0,1,0,1,0
15618,0,1,1,1,0,1,0,0,0,0,1,0,1,0,1,0,1,0
15619,0,1,1,1,0,1,0,0,0,1,1,0,1,0,0,0,1,0
15620,0,1,1,1,0,1,0,0,0,1,0,0,1,0,1,0,0,1
15621,0,1,1,1,0,1,0,0,0,1,0,0,0,0,1,0,1,1
15622,0,1,1,1,0,1,0,0,0,0,0,0,1,0,1,0,1,1
15623,0,1,1,1,0,1,0,0,0,1,0,0,1,0,0,0,1,1
15624,0,1,1,1,0,1,0,0,0,1,0,0,1,0,1,0,1,0
15625,1,1,1,1,0,0,1,0,0,0,1,1,0,1,0,0,0,0
15626,1,1,1,1,0,0,1,0,0,0,0,1,0,1,0,0,0,1
15627,1,1,1,1,0,0,1,0,0,0,0,1,0,1,1,0,0,0
15628,1,1,1,1,0,0,1,0,0,1,0,1,0,1,0,0,0,0
15629,1,1,1,1,0,0,1,0,0,0,0,1,1,1,0,0,0,0
15630,1,1,1,1,0,0,1,0,0,0,0,1,0,1,0,0,1,0
15631,1,1,1,1,0,0,1,0,0,0,1,1,0,0,0,0,0,1
15632,1,1,1,1,0,0,1,0,0,0,1,1,0,0,1,0,0,0
15633,1,1,1,1,0,0,1,0,0,1,1,1,0,0,0,0,0,0
15634,1,1,1,1,0,0,1,0,0,0,1,1,1,0,0,0,0,0
15635,1,1,1,1,0,0,1,0,0,0,1,1,0,0,0,0,1,0
15636,1,1,1,1,0,0,1,0,0,0,0,1,0,0,1,0,0,1
15637,1,1,1,1,0,0,1,0,0,1,0,1,0,0,0,0,0,1
15638,1,1,1,1,0,0,1,0,0,0,0,1,1,0,0,0,0,1
15639,1,1,1,1,0,0,1,0,0,0,0,1,0,0,0,0,1,1
15640,1,1,1,1,0,0,1,0,0,1,0,1,0,0,1,0,0,0
15641,1,1,1,1,0,0,1,0,0,0,0,1,1,0,1,0,0,0
15642,1,1,1,1,0,0,1,0,0,0,0,1,0,0,1,0,1,0
15643,1,1,1,1,0,0,1,0,0,1,0,1,1,0,0,0,0,0
15644,1,1,1,1,0,0,1,0,0,1,0,1,0,0,0,0,1,0
15645,1,1,1,1,0,0,1,0,0,0,0,1,1,0,0,0,1,0
15646,1,1,1,1,0,0,1,0,0,0,1,0,0,1,0,0,0,1
15647,1,1,1,1,0,0,1,0,0,0,1,0,0,1,1,0,0,0
15648,1,1,1,1,0,0,1,0,0,1,1,0,0,1,0,0,0,0
15649,1,1,1,1,0,0,1,0,0,0,1,0,1,1,0,0,0,0
15650,1,1,1,1,0,0,1,0,0,0,1,0,0,1,0,0,1,0
15651,1,1,1,1,0,0,1,0,0,0,0,0,0,1,1,0,0,1
15652,1,1,1,1,0,0,1,0,0,1,0,0,0,1,0,0,0,1
15653,1,1,1,1,0,0,1,0,0,0,0,0,1,1,0,0,0,1
15654,1,1,1,1,0,0,1,0,0,0,0,0,0,1,0,0,1,1
15655,1,1,1,1,0,0,1,0,0,1,0,0,0,1,1,0,0,0
15656,1,1,1,1,0,0,1,0,0,0,0,0,1,1,1,0,0,0
15657,1,1,1,1,0,0,1,0,0,0,0,0,0,1,1,0,1,0
15658,1,1,1,1,0,0,1,0,0,1,0,0,1,1,0,0,0,0
15659,1,1,1,1,0,0,1,0,0,1,0,0,0,1,0,0,1,0
15660,1,1,1,1,0,0,1,0,0,0,0,0,1,1,0,0,1,0
15661,1,1,1,1,0,0,1,0,0,0,1,0,0,0,1,0,0,1
15662,1,1,1,1,0,0,1,0,0,1,1,0,0,0,0,0,0,1
15663,1,1,1,1,0,0,1,0,0,0,1,0,1,0,0,0,0,1
15664,1,1,1,1,0,0,1,0,0,0,1,0,0,0,0,0,1,1
15665,1,1,1,1,0,0,1,0,0,1,1,0,0,0,1,0,0,0
15666,1,1,1,1,0,0,1,0,0,0,1,0,1,0,1,0,0,0
15667,1,1,1,1,0,0,1,0,0,0,1,0,0,0,1,0,1,0
15668,1,1,1,1,0,0,1,0,0,1,1,0,1,0,0,0,0,0
15669,1,1,1,1,0,0,1,0,0,1,1,0,0,0,0,0,1,0
15670,1,1,1,1,0,0,1,0,0,0,1,0,1,0,0,0,1,0
15671,1,1,1,1,0,0,1,0,0,1,0,0,0,0,1,0,0,1
15672,1,1,1,1,0,0,1,0,0,0,0,0,1,0,1,0,0,1
15673,1,1,1,1,0,0,1,0,0,0,0,0,0,0,1,0,1,1
15674,1,1,1,1,0,0,1,0,0,1,0,0,1,0,0,0,0,1
15675,1,1,1,1,0,0,1,0,0,1,0,0,0,0,0,0,1,1
15676,1,1,1,1,0,0,1,0,0,0,0,0,1,0,0,0,1,1
15677,1,1,1,1,0,0,1,0,0,1,0,0,1,0,1,0,0,0
15678,1,1,1,1,0,0,1,0,0,1,0,0,0,0,1,0,1,0
15679,1,1,1,1,0,0,1,0,0,0,0,0,1,0,1,0,1,0
15680,1,1,1,1,0,0,1,0,0,1,0,0,1,0,0,0,1,0
15681,1,1,1,1,0,0,0,0,0,0,1,1,0,1,0,0,0,1
15682,1,1,1,1,0,0,0,0,0,0,1,1,0,1,1,0,0,0
15683,1,1,1,1,0,0,0,0,0,1,1,1,0,1,0,0,0,0
15684,1,1,1,1,0,0,0,0,0,0,1,1,1,1,0,0,0,0
15685,1,1,1,1,0,0,0,0,0,0,1,1,0,1,0,0,1,0
15686,1,1,1,1,0,0,0,0,0,0,0,1,0,1,1,0,0,1
15687,1,1,1,1,0,0,0,0,0,1,0,1,0,1,0,0,0,1
15688,1,1,1,1,0,0,0,0,0,0,0,1,1,1,0,0,0,1
15689,1,1,1,1,0,0,0,0,0,0,0,1,0,1,0,0,1,1
15690,1,1,1,1,0,0,0,0,0,1,0,1,0,1,1,0,0,0
15691,1,1,1,1,0,0,0,0,0,0,0,1,1,1,1,0,0,0
15692,1,1,1,1,0,0,0,0,0,0,0,1,0,1,1,0,1,0
15693,1,1,1,1,0,0,0,0,0,1,0,1,1,1,0,0,0,0
15694,1,1,1,1,0,0,0,0,0,1,0,1,0,1,0,0,1,0
15695,1,1,1,1,0,0,0,0,0,0,0,1,1,1,0,0,1,0
15696,1,1,1,1,0,0,0,0,0,0,1,1,0,0,1,0,0,1
15697,1,1,1,1,0,0,0,0,0,1,1,1,0,0,0,0,0,1
15698,1,1,1,1,0,0,0,0,0,0,1,1,1,0,0,0,0,1
15699,1,1,1,1,0,0,0,0,0,0,1,1,0,0,0,0,1,1
15700,1,1,1,1,0,0,0,0,0,1,1,1,0,0,1,0,0,0
15701,1,1,1,1,0,0,0,0,0,0,1,1,1,0,1,0,0,0
15702,1,1,1,1,0,0,0,0,0,0,1,1,0,0,1,0,1,0
15703,1,1,1,1,0,0,0,0,0,1,1,1,1,0,0,0,0,0
15704,1,1,1,1,0,0,0,0,0,1,1,1,0,0,0,0,1,0
15705,1,1,1,1,0,0,0,0,0,0,1,1,1,0,0,0,1,0
15706,1,1,1,1,0,0,0,0,0,1,0,1,0,0,1,0,0,1
15707,1,1,1,1,0,0,0,0,0,0,0,1,1,0,1,0,0,1
15708,1,1,1,1,0,0,0,0,0,0,0,1,0,0,1,0,1,1
15709,1,1,1,1,0,0,0,0,0,1,0,1,1,0,0,0,0,1
15710,1,1,1,1,0,0,0,0,0,1,0,1,0,0,0,0,1,1
15711,1,1,1,1,0,0,0,0,0,0,0,1,1,0,0,0,1,1
15712,1,1,1,1,0,0,0,0,0,1,0,1,1,0,1,0,0,0
15713,1,1,1,1,0,0,0,0,0,1,0,1,0,0,1,0,1,0
15714,1,1,1,1,0,0,0,0,0,0,0,1,1,0,1,0,1,0
15715,1,1,1,1,0,0,0,0,0,1,0,1,1,0,0,0,1,0
15716,1,1,1,1,0,0,0,0,0,0,1,0,0,1,1,0,0,1
15717,1,1,1,1,0,0,0,0,0,1,1,0,0,1,0,0,0,1
15718,1,1,1,1,0,0,0,0,0,0,1,0,1,1,0,0,0,1
15719,1,1,1,1,0,0,0,0,0,0,1,0,0,1,0,0,1,1
15720,1,1,1,1,0,0,0,0,0,1,1,0,0,1,1,0,0,0
15721,1,1,1,1,0,0,0,0,0,0,1,0,1,1,1,0,0,0
15722,1,1,1,1,0,0,0,0,0,0,1,0,0,1,1,0,1,0
15723,1,1,1,1,0,0,0,0,0,1,1,0,1,1,0,0,0,0
15724,1,1,1,1,0,0,0,0,0,1,1,0,0,1,0,0,1,0
15725,1,1,1,1,0,0,0,0,0,0,1,0,1,1,0,0,1,0
15726,1,1,1,1,0,0,0,0,0,1,0,0,0,1,1,0,0,1
15727,1,1,1,1,0,0,0,0,0,0,0,0,1,1,1,0,0,1
15728,1,1,1,1,0,0,0,0,0,0,0,0,0,1,1,0,1,1
15729,1,1,1,1,0,0,0,0,0,1,0,0,1,1,0,0,0,1
15730,1,1,1,1,0,0,0,0,0,1,0,0,0,1,0,0,1,1
15731,1,1,1,1,0,0,0,0,0,0,0,0,1,1,0,0,1,1
15732,1,1,1,1,0,0,0,0,0,1,0,0,1,1,1,0,0,0
15733,1,1,1,1,0,0,0,0,0,1,0,0,0,1,1,0,1,0
15734,1,1,1,1,0,0,0,0,0,0,0,0,1,1,1,0,1,0
15735,1,1,1,1,0,0,0,0,0,1,0,0,1,1,0,0,1,0
15736,1,1,1,1,0,0,0,0,0,1,1,0,0,0,1,0,0,1
15737,1,1,1,1,0,0,0,0,0,0,1,0,1,0,1,0,0,1
15738,1,1,1,1,0,0,0,0,0,0,1,0,0,0,1,0,1,1
15739,1,1,1,1,0,0,0,0,0,1,1,0,1,0,0,0,0,1
15740,1,1,1,1,0,0,0,0,0,1,1,0,0,0,0,0,1,1
15741,1,1,1,1,0,0,0,0,0,0,1,0,1,0,0,0,1,1
15742,1,1,1,1,0,0,0,0,0,1,1,0,1,0,1,0,0,0
15743,1,1,1,1,0,0,0,0,0,1,1,0,0,0,1,0,1,0
15744,1,1,1,1,0,0,0,0,0,0,1,0,1,0,1,0,1,0
15745,1,1,1,1,0,0,0,0,0,1,1,0,1,0,0,0,1,0
15746,1,1,1,1,0,0,0,0,0,1,0,0,1,0,1,0,0,1
15747,1,1,1,1,0,0,0,0,0,1,0,0,0,0,1,0,1,1
15748,1,1,1,1,0,0,0,0,0,0,0,0,1,0,1,0,1,1
15749,1,1,1,1,0,0,0,0,0,1,0,0,1,0,0,0,1,1
15750,1,1,1,1,0,0,0,0,0,1,0,0,1,0,1,0,1,0
15751,1,0,1,1,0,1,1,0,0,0,1,1,0,1,0,0,0,0
15752,1,0,1,1,0,1,1,0,0,0,0,1,0,1,0,0,0,1
15753,1,0,1,1,0,1,1,0,0,0,0,1,0,1,1,0,0,0
15754,1,0,1,1,0,1,1,0,0,1,0,1,0,1,0,0,0,0
15755,1,0,1,1,0,1,1,0,0,0,0,1,1,1,0,0,0,0
15756,1,0,1,1,0,1,1,0,0,0,0,1,0,1,0,0,1,0
15757,1,0,1,1,0,1,1,0,0,0,1,1,0,0,0,0,0,1
15758,1,0,1,1,0,1,1,0,0,0,1,1,0,0,1,0,0,0
15759,1,0,1,1,0,1,1,0,0,1,1,1,0,0,0,0,0,0
15760,1,0,1,1,0,1,1,0,0,0,1,1,1,0,0,0,0,0
15761,1,0,1,1,0,1,1,0,0,0,1,1,0,0,0,0,1,0
15762,1,0,1,1,0,1,1,0,0,0,0,1,0,0,1,0,0,1
15763,1,0,1,1,0,1,1,0,0,1,0,1,0,0,0,0,0,1
15764,1,0,1,1,0,1,1,0,0,0,0,1,1,0,0,0,0,1
15765,1,0,1,1,0,1,1,0,0,0,0,1,0,0,0,0,1,1
15766,1,0,1,1,0,1,1,0,0,1,0,1,0,0,1,0,0,0
15767,1,0,1,1,0,1,1,0,0,0,0,1,1,0,1,0,0,0
15768,1,0,1,1,0,1,1,0,0,0,0,1,0,0,1,0,1,0
15769,1,0,1,1,0,1,1,0,0,1,0,1,1,0,0,0,0,0
15770,1,0,1,1,0,1,1,0,0,1,0,1,0,0,0,0,1,0
15771,1,0,1,1,0,1,1,0,0,0,0,1,1,0,0,0,1,0
15772,1,0,1,1,0,1,1,0,0,0,1,0,0,1,0,0,0,1
15773,1,0,1,1,0,1,1,0,0,0,1,0,0,1,1,0,0,0
15774,1,0,1,1,0,1,1,0,0,1,1,0,0,1,0,0,0,0
15775,1,0,1,1,0,1,1,0,0,0,1,0,1,1,0,0,0,0
15776,1,0,1,1,0,1,1,0,0,0,1,0,0,1,0,0,1,0
15777,1,0,1,1,0,1,1,0,0,0,0,0,0,1,1,0,0,1
15778,1,0,1,1,0,1,1,0,0,1,0,0,0,1,0,0,0,1
15779,1,0,1,1,0,1,1,0,0,0,0,0,1,1,0,0,0,1
15780,1,0,1,1,0,1,1,0,0,0,0,0,0,1,0,0,1,1
15781,1,0,1,1,0,1,1,0,0,1,0,0,0,1,1,0,0,0
15782,1,0,1,1,0,1,1,0,0,0,0,0,1,1,1,0,0,0
15783,1,0,1,1,0,1,1,0,0,0,0,0,0,1,1,0,1,0
15784,1,0,1,1,0,1,1,0,0,1,0,0,1,1,0,0,0,0
15785,1,0,1,1,0,1,1,0,0,1,0,0,0,1,0,0,1,0
15786,1,0,1,1,0,1,1,0,0,0,0,0,1,1,0,0,1,0
15787,1,0,1,1,0,1,1,0,0,0,1,0,0,0,1,0,0,1
15788,1,0,1,1,0,1,1,0,0,1,1,0,0,0,0,0,0,1
15789,1,0,1,1,0,1,1,0,0,0,1,0,1,0,0,0,0,1
15790,1,0,1,1,0,1,1,0,0,0,1,0,0,0,0,0,1,1
15791,1,0,1,1,0,1,1,0,0,1,1,0,0,0,1,0,0,0
15792,1,0,1,1,0,1,1,0,0,0,1,0,1,0,1,0,0,0
15793,1,0,1,1,0,1,1,0,0,0,1,0,0,0,1,0,1,0
15794,1,0,1,1,0,1,1,0,0,1,1,0,1,0,0,0,0,0
15795,1,0,1,1,0,1,1,0,0,1,1,0,0,0,0,0,1,0
15796,1,0,1,1,0,1,1,0,0,0,1,0,1,0,0,0,1,0
15797,1,0,1,1,0,1,1,0,0,1,0,0,0,0,1,0,0,1
15798,1,0,1,1,0,1,1,0,0,0,0,0,1,0,1,0,0,1
15799,1,0,1,1,0,1,1,0,0,0,0,0,0,0,1,0,1,1
15800,1,0,1,1,0,1,1,0,0,1,0,0,1,0,0,0,0,1
15801,1,0,1,1,0,1,1,0,0,1,0,0,0,0,0,0,1,1
15802,1,0,1,1,0,1,1,0,0,0,0,0,1,0,0,0,1,1
15803,1,0,1,1,0,1,1,0,0,1,0,0,1,0,1,0,0,0
15804,1,0,1,1,0,1,1,0,0,1,0,0,0,0,1,0,1,0
15805,1,0,1,1,0,1,1,0,0,0,0,0,1,0,1,0,1,0
15806,1,0,1,1,0,1,1,0,0,1,0,0,1,0,0,0,1,0
15807,1,0,1,1,0,1,0,0,0,0,1,1,0,1,0,0,0,1
15808,1,0,1,1,0,1,0,0,0,0,1,1,0,1,1,0,0,0
15809,1,0,1,1,0,1,0,0,0,1,1,1,0,1,0,0,0,0
15810,1,0,1,1,0,1,0,0,0,0,1,1,1,1,0,0,0,0
15811,1,0,1,1,0,1,0,0,0,0,1,1,0,1,0,0,1,0
15812,1,0,1,1,0,1,0,0,0,0,0,1,0,1,1,0,0,1
15813,1,0,1,1,0,1,0,0,0,1,0,1,0,1,0,0,0,1
15814,1,0,1,1,0,1,0,0,0,0,0,1,1,1,0,0,0,1
15815,1,0,1,1,0,1,0,0,0,0,0,1,0,1,0,0,1,1
15816,1,0,1,1,0,1,0,0,0,1,0,1,0,1,1,0,0,0
15817,1,0,1,1,0,1,0,0,0,0,0,1,1,1,1,0,0,0
15818,1,0,1,1,0,1,0,0,0,0,0,1,0,1,1,0,1,0
15819,1,0,1,1,0,1,0,0,0,1,0,1,1,1,0,0,0,0
15820,1,0,1,1,0,1,0,0,0,1,0,1,0,1,0,0,1,0
15821,1,0,1,1,0,1,0,0,0,0,0,1,1,1,0,0,1,0
15822,1,0,1,1,0,1,0,0,0,0,1,1,0,0,1,0,0,1
15823,1,0,1,1,0,1,0,0,0,1,1,1,0,0,0,0,0,1
15824,1,0,1,1,0,1,0,0,0,0,1,1,1,0,0,0,0,1
15825,1,0,1,1,0,1,0,0,0,0,1,1,0,0,0,0,1,1
15826,1,0,1,1,0,1,0,0,0,1,1,1,0,0,1,0,0,0
15827,1,0,1,1,0,1,0,0,0,0,1,1,1,0,1,0,0,0
15828,1,0,1,1,0,1,0,0,0,0,1,1,0,0,1,0,1,0
15829,1,0,1,1,0,1,0,0,0,1,1,1,1,0,0,0,0,0
15830,1,0,1,1,0,1,0,0,0,1,1,1,0,0,0,0,1,0
15831,1,0,1,1,0,1,0,0,0,0,1,1,1,0,0,0,1,0
15832,1,0,1,1,0,1,0,0,0,1,0,1,0,0,1,0,0,1
15833,1,0,1,1,0,1,0,0,0,0,0,1,1,0,1,0,0,1
15834,1,0,1,1,0,1,0,0,0,0,0,1,0,0,1,0,1,1
15835,1,0,1,1,0,1,0,0,0,1,0,1,1,0,0,0,0,1
15836,1,0,1,1,0,1,0,0,0,1,0,1,0,0,0,0,1,1
15837,1,0,1,1,0,1,0,0,0,0,0,1,1,0,0,0,1,1
15838,1,0,1,1,0,1,0,0,0,1,0,1,1,0,1,0,0,0
15839,1,0,1,1,0,1,0,0,0,1,0,1,0,0,1,0,1,0
15840,1,0,1,1,0,1,0,0,0,0,0,1,1,0,1,0,1,0
15841,1,0,1,1,0,1,0,0,0,1,0,1,1,0,0,0,1,0
15842,1,0,1,1,0,1,0,0,0,0,1,0,0,1,1,0,0,1
15843,1,0,1,1,0,1,0,0,0,1,1,0,0,1,0,0,0,1
15844,1,0,1,1,0,1,0,0,0,0,1,0,1,1,0,0,0,1
15845,1,0,1,1,0,1,0,0,0,0,1,0,0,1,0,0,1,1
15846,1,0,1,1,0,1,0,0,0,1,1,0,0,1,1,0,0,0
15847,1,0,1,1,0,1,0,0,0,0,1,0,1,1,1,0,0,0
15848,1,0,1,1,0,1,0,0,0,0,1,0,0,1,1,0,1,0
15849,1,0,1,1,0,1,0,0,0,1,1,0,1,1,0,0,0,0
15850,1,0,1,1,0,1,0,0,0,1,1,0,0,1,0,0,1,0
15851,1,0,1,1,0,1,0,0,0,0,1,0,1,1,0,0,1,0
15852,1,0,1,1,0,1,0,0,0,1,0,0,0,1,1,0,0,1
15853,1,0,1,1,0,1,0,0,0,0,0,0,1,1,1,0,0,1
15854,1,0,1,1,0,1,0,0,0,0,0,0,0,1,1,0,1,1
15855,1,0,1,1,0,1,0,0,0,1,0,0,1,1,0,0,0,1
15856,1,0,1,1,0,1,0,0,0,1,0,0,0,1,0,0,1,1
15857,1,0,1,1,0,1,0,0,0,0,0,0,1,1,0,0,1,1
15858,1,0,1,1,0,1,0,0,0,1,0,0,1,1,1,0,0,0
15859,1,0,1,1,0,1,0,0,0,1,0,0,0,1,1,0,1,0
15860,1,0,1,1,0,1,0,0,0,0,0,0,1,1,1,0,1,0
15861,1,0,1,1,0,1,0,0,0,1,0,0,1,1,0,0,1,0
15862,1,0,1,1,0,1,0,0,0,1,1,0,0,0,1,0,0,1
15863,1,0,1,1,0,1,0,0,0,0,1,0,1,0,1,0,0,1
15864,1,0,1,1,0,1,0,0,0,0,1,0,0,0,1,0,1,1
15865,1,0,1,1,0,1,0,0,0,1,1,0,1,0,0,0,0,1
15866,1,0,1,1,0,1,0,0,0,1,1,0,0,0,0,0,1,1
15867,1,0,1,1,0,1,0,0,0,0,1,0,1,0,0,0,1,1
15868,1,0,1,1,0,1,0,0,0,1,1,0,1,0,1,0,0,0
15869,1,0,1,1,0,1,0,0,0,1,1,0,0,0,1,0,1,0
15870,1,0,1,1,0,1,0,0,0,0,1,0,1,0,1,0,1,0
15871,1,0,1,1,0,1,0,0,0,1,1,0,1,0,0,0,1,0
15872,1,0,1,1,0,1,0,0,0,1,0,0,1,0,1,0,0,1
15873,1,0,1,1,0,1,0,0,0,1,0,0,0,0,1,0,1,1
15874,1,0,1,1,0,1,0,0,0,0,0,0,1,0,1,0,1,1
15875,1,0,1,1,0,1,0,0,0,1,0,0,1,0,0,0,1,1
15876,1,0,1,1,0,1,0,0,0,1,0,0,1,0,1,0,1,0
